ISO-10303-21;
HEADER;
FILE_DESCRIPTION(('FreeCAD Model'),'2;1');
FILE_NAME('Open CASCADE Shape Model','2026-09-06T19:24:02',('FreeCAD'),(
    'FreeCAD'),'Open CASCADE STEP processor 7.8','FreeCAD','Unknown');
FILE_SCHEMA(('AUTOMOTIVE_DESIGN { 1 0 10303 214 1 1 1 1 }'));
ENDSEC;
DATA;
#1 = APPLICATION_PROTOCOL_DEFINITION('international standard',
  'automotive_design',2000,#2);
#2 = APPLICATION_CONTEXT(
  'core data for automotive mechanical design processes');
#3 = SHAPE_DEFINITION_REPRESENTATION(#4,#10);
#4 = PRODUCT_DEFINITION_SHAPE('','',#5);
#5 = PRODUCT_DEFINITION('design','',#6,#9);
#6 = PRODUCT_DEFINITION_FORMATION('','',#7);
#7 = PRODUCT('Open CASCADE STEP translator 7.8 1',
  'Open CASCADE STEP translator 7.8 1','',(#8));
#8 = PRODUCT_CONTEXT('',#2,'mechanical');
#9 = PRODUCT_DEFINITION_CONTEXT('part definition',#2,'design');
#10 = SHAPE_REPRESENTATION('',(#11,#15,#225,#343,#406,#459,#522,#575,
    #638,#691,#754,#807,#870,#923,#986,#1039,#1102,#1155,#1218,#1271,
    #1334,#1387,#1450,#1503,#1566,#1619,#1682,#1735,#1798,#1851,#1914,
    #1967,#2020,#2073,#2136,#2189,#2252,#2476,#2630,#2854,#3008,#3100,
    #3153,#3206,#3259,#3312,#3365,#3418,#3471,#3524,#3577,#3630,#3683,
    #3736,#3789,#3842,#3895,#3948,#4001,#4054,#4107,#4160,#4213,#4266,
    #4319,#4372,#4425,#4478,#4531,#4584,#4637,#4690,#4743,#4796,#4849,
    #4902,#5046,#5099,#5152,#5205,#5258,#5311,#5471,#5524,#5577,#5630,
    #5683,#5736,#6337,#6390,#6443,#6496,#6549,#6602,#7300,#7353,#7406,
    #7459,#7512,#7565,#8323,#8376,#8429,#8482,#8535,#8588,#8895,#8948,
    #9001,#9054,#9107,#9160,#9891,#9944,#9997,#10050,#10103,#10156,
    #10814,#10867,#10920,#10973,#11026,#11079,#11635,#11688,#11741,
    #11794,#11847,#11900,#13326,#13379,#13432,#13485,#13538),#13591);
#11 = AXIS2_PLACEMENT_3D('',#12,#13,#14);
#12 = CARTESIAN_POINT('',(0.,0.,0.));
#13 = DIRECTION('',(0.,0.,1.));
#14 = DIRECTION('',(1.,0.,-0.));
#15 = BREP_WITH_VOIDS('',#16,(#120));
#16 = CLOSED_SHELL('',(#17,#34,#60,#85,#111));
#17 = ADVANCED_FACE('',(#18),#29,.F.);
#18 = FACE_BOUND('',#19,.T.);
#19 = EDGE_LOOP('',(#20));
#20 = ORIENTED_EDGE('',*,*,#21,.F.);
#21 = EDGE_CURVE('',#22,#22,#24,.T.);
#22 = VERTEX_POINT('',#23);
#23 = CARTESIAN_POINT('',(13.,0.,4.440892098501E-16));
#24 = CIRCLE('',#25,13.);
#25 = AXIS2_PLACEMENT_3D('',#26,#27,#28);
#26 = CARTESIAN_POINT('',(0.,0.,4.440892098501E-16));
#27 = DIRECTION('',(0.,0.,1.));
#28 = DIRECTION('',(1.,0.,0.));
#29 = PLANE('',#30);
#30 = AXIS2_PLACEMENT_3D('',#31,#32,#33);
#31 = CARTESIAN_POINT('',(0.,0.,0.));
#32 = DIRECTION('',(0.,0.,1.));
#33 = DIRECTION('',(1.,0.,0.));
#34 = ADVANCED_FACE('',(#35),#55,.T.);
#35 = FACE_BOUND('',#36,.T.);
#36 = EDGE_LOOP('',(#37,#38,#47,#54));
#37 = ORIENTED_EDGE('',*,*,#21,.T.);
#38 = ORIENTED_EDGE('',*,*,#39,.T.);
#39 = EDGE_CURVE('',#22,#40,#42,.T.);
#40 = VERTEX_POINT('',#41);
#41 = CARTESIAN_POINT('',(15.,0.,2.));
#42 = CIRCLE('',#43,2.000729601582);
#43 = AXIS2_PLACEMENT_3D('',#44,#45,#46);
#44 = CARTESIAN_POINT('',(12.999270531401,0.,2.000729468599));
#45 = DIRECTION('',(0.,-1.,0.));
#46 = DIRECTION('',(3.646012926767E-04,0.,-0.999999933533));
#47 = ORIENTED_EDGE('',*,*,#48,.F.);
#48 = EDGE_CURVE('',#40,#40,#49,.T.);
#49 = CIRCLE('',#50,15.);
#50 = AXIS2_PLACEMENT_3D('',#51,#52,#53);
#51 = CARTESIAN_POINT('',(0.,0.,2.));
#52 = DIRECTION('',(0.,0.,1.));
#53 = DIRECTION('',(1.,0.,0.));
#54 = ORIENTED_EDGE('',*,*,#39,.F.);
#55 = TOROIDAL_SURFACE('',#56,12.999270531401,2.000729601582);
#56 = AXIS2_PLACEMENT_3D('',#57,#58,#59);
#57 = CARTESIAN_POINT('',(0.,0.,2.000729468599));
#58 = DIRECTION('',(0.,0.,1.));
#59 = DIRECTION('',(1.,0.,0.));
#60 = ADVANCED_FACE('',(#61),#80,.T.);
#61 = FACE_BOUND('',#62,.T.);
#62 = EDGE_LOOP('',(#63,#64,#72,#79));
#63 = ORIENTED_EDGE('',*,*,#48,.T.);
#64 = ORIENTED_EDGE('',*,*,#65,.T.);
#65 = EDGE_CURVE('',#40,#66,#68,.T.);
#66 = VERTEX_POINT('',#67);
#67 = CARTESIAN_POINT('',(15.,0.,25.));
#68 = LINE('',#69,#70);
#69 = CARTESIAN_POINT('',(15.,0.,2.));
#70 = VECTOR('',#71,1.);
#71 = DIRECTION('',(0.,0.,1.));
#72 = ORIENTED_EDGE('',*,*,#73,.F.);
#73 = EDGE_CURVE('',#66,#66,#74,.T.);
#74 = CIRCLE('',#75,15.);
#75 = AXIS2_PLACEMENT_3D('',#76,#77,#78);
#76 = CARTESIAN_POINT('',(0.,0.,25.));
#77 = DIRECTION('',(0.,0.,1.));
#78 = DIRECTION('',(1.,0.,0.));
#79 = ORIENTED_EDGE('',*,*,#65,.F.);
#80 = CYLINDRICAL_SURFACE('',#81,15.);
#81 = AXIS2_PLACEMENT_3D('',#82,#83,#84);
#82 = CARTESIAN_POINT('',(0.,0.,2.));
#83 = DIRECTION('',(0.,0.,1.));
#84 = DIRECTION('',(1.,0.,0.));
#85 = ADVANCED_FACE('',(#86),#106,.T.);
#86 = FACE_BOUND('',#87,.T.);
#87 = EDGE_LOOP('',(#88,#89,#98,#105));
#88 = ORIENTED_EDGE('',*,*,#73,.T.);
#89 = ORIENTED_EDGE('',*,*,#90,.T.);
#90 = EDGE_CURVE('',#66,#91,#93,.T.);
#91 = VERTEX_POINT('',#92);
#92 = CARTESIAN_POINT('',(9.,0.,31.));
#93 = CIRCLE('',#94,5.998773657156);
#94 = AXIS2_PLACEMENT_3D('',#95,#96,#97);
#95 = CARTESIAN_POINT('',(9.001226468222,0.,25.001226468222));
#96 = DIRECTION('',(0.,-1.,0.));
#97 = DIRECTION('',(0.999999979099,0.,-2.04453158618E-04));
#98 = ORIENTED_EDGE('',*,*,#99,.F.);
#99 = EDGE_CURVE('',#91,#91,#100,.T.);
#100 = CIRCLE('',#101,9.);
#101 = AXIS2_PLACEMENT_3D('',#102,#103,#104);
#102 = CARTESIAN_POINT('',(0.,0.,31.));
#103 = DIRECTION('',(0.,0.,1.));
#104 = DIRECTION('',(1.,0.,0.));
#105 = ORIENTED_EDGE('',*,*,#90,.F.);
#106 = TOROIDAL_SURFACE('',#107,9.001226468222,5.998773657156);
#107 = AXIS2_PLACEMENT_3D('',#108,#109,#110);
#108 = CARTESIAN_POINT('',(0.,0.,25.001226468222));
#109 = DIRECTION('',(0.,0.,1.));
#110 = DIRECTION('',(1.,0.,0.));
#111 = ADVANCED_FACE('',(#112),#115,.T.);
#112 = FACE_BOUND('',#113,.T.);
#113 = EDGE_LOOP('',(#114));
#114 = ORIENTED_EDGE('',*,*,#99,.T.);
#115 = PLANE('',#116);
#116 = AXIS2_PLACEMENT_3D('',#117,#118,#119);
#117 = CARTESIAN_POINT('',(0.,0.,31.));
#118 = DIRECTION('',(0.,0.,1.));
#119 = DIRECTION('',(1.,0.,0.));
#120 = ORIENTED_CLOSED_SHELL('',*,#121,.F.);
#121 = CLOSED_SHELL('',(#122,#139,#165,#190,#216));
#122 = ADVANCED_FACE('',(#123),#134,.F.);
#123 = FACE_BOUND('',#124,.T.);
#124 = EDGE_LOOP('',(#125));
#125 = ORIENTED_EDGE('',*,*,#126,.F.);
#126 = EDGE_CURVE('',#127,#127,#129,.T.);
#127 = VERTEX_POINT('',#128);
#128 = CARTESIAN_POINT('',(12.7,0.,1.8));
#129 = CIRCLE('',#130,12.7);
#130 = AXIS2_PLACEMENT_3D('',#131,#132,#133);
#131 = CARTESIAN_POINT('',(0.,0.,1.8));
#132 = DIRECTION('',(0.,0.,1.));
#133 = DIRECTION('',(1.,0.,0.));
#134 = PLANE('',#135);
#135 = AXIS2_PLACEMENT_3D('',#136,#137,#138);
#136 = CARTESIAN_POINT('',(0.,0.,1.8));
#137 = DIRECTION('',(0.,0.,1.));
#138 = DIRECTION('',(1.,0.,0.));
#139 = ADVANCED_FACE('',(#140),#160,.T.);
#140 = FACE_BOUND('',#141,.T.);
#141 = EDGE_LOOP('',(#142,#143,#152,#159));
#142 = ORIENTED_EDGE('',*,*,#126,.T.);
#143 = ORIENTED_EDGE('',*,*,#144,.T.);
#144 = EDGE_CURVE('',#127,#145,#147,.T.);
#145 = VERTEX_POINT('',#146);
#146 = CARTESIAN_POINT('',(14.2,0.,3.3));
#147 = CIRCLE('',#148,1.498841284246);
#148 = AXIS2_PLACEMENT_3D('',#149,#150,#151);
#149 = CARTESIAN_POINT('',(12.701159163987,0.,3.298840836013));
#150 = DIRECTION('',(0.,-1.,0.));
#151 = DIRECTION('',(-7.733734047249E-04,-0.,-0.999999700947));
#152 = ORIENTED_EDGE('',*,*,#153,.F.);
#153 = EDGE_CURVE('',#145,#145,#154,.T.);
#154 = CIRCLE('',#155,14.2);
#155 = AXIS2_PLACEMENT_3D('',#156,#157,#158);
#156 = CARTESIAN_POINT('',(0.,0.,3.3));
#157 = DIRECTION('',(0.,0.,1.));
#158 = DIRECTION('',(1.,0.,0.));
#159 = ORIENTED_EDGE('',*,*,#144,.F.);
#160 = TOROIDAL_SURFACE('',#161,12.701159163987,1.498841284246);
#161 = AXIS2_PLACEMENT_3D('',#162,#163,#164);
#162 = CARTESIAN_POINT('',(0.,0.,3.298840836013));
#163 = DIRECTION('',(0.,0.,1.));
#164 = DIRECTION('',(1.,0.,0.));
#165 = ADVANCED_FACE('',(#166),#185,.T.);
#166 = FACE_BOUND('',#167,.T.);
#167 = EDGE_LOOP('',(#168,#169,#177,#184));
#168 = ORIENTED_EDGE('',*,*,#153,.T.);
#169 = ORIENTED_EDGE('',*,*,#170,.T.);
#170 = EDGE_CURVE('',#145,#171,#173,.T.);
#171 = VERTEX_POINT('',#172);
#172 = CARTESIAN_POINT('',(14.2,0.,25.));
#173 = LINE('',#174,#175);
#174 = CARTESIAN_POINT('',(14.2,0.,3.3));
#175 = VECTOR('',#176,1.);
#176 = DIRECTION('',(0.,0.,1.));
#177 = ORIENTED_EDGE('',*,*,#178,.F.);
#178 = EDGE_CURVE('',#171,#171,#179,.T.);
#179 = CIRCLE('',#180,14.2);
#180 = AXIS2_PLACEMENT_3D('',#181,#182,#183);
#181 = CARTESIAN_POINT('',(0.,0.,25.));
#182 = DIRECTION('',(0.,0.,1.));
#183 = DIRECTION('',(1.,0.,0.));
#184 = ORIENTED_EDGE('',*,*,#170,.F.);
#185 = CYLINDRICAL_SURFACE('',#186,14.2);
#186 = AXIS2_PLACEMENT_3D('',#187,#188,#189);
#187 = CARTESIAN_POINT('',(0.,0.,3.3));
#188 = DIRECTION('',(0.,0.,1.));
#189 = DIRECTION('',(1.,0.,0.));
#190 = ADVANCED_FACE('',(#191),#211,.T.);
#191 = FACE_BOUND('',#192,.T.);
#192 = EDGE_LOOP('',(#193,#194,#203,#210));
#193 = ORIENTED_EDGE('',*,*,#178,.T.);
#194 = ORIENTED_EDGE('',*,*,#195,.T.);
#195 = EDGE_CURVE('',#171,#196,#198,.T.);
#196 = VERTEX_POINT('',#197);
#197 = CARTESIAN_POINT('',(9.,0.,30.2));
#198 = CIRCLE('',#199,5.199847263153);
#199 = AXIS2_PLACEMENT_3D('',#200,#201,#202);
#200 = CARTESIAN_POINT('',(9.00015273909,0.,25.00015273909));
#201 = DIRECTION('',(0.,-1.,0.));
#202 = DIRECTION('',(0.999999999569,0.,-2.937376471572E-05));
#203 = ORIENTED_EDGE('',*,*,#204,.F.);
#204 = EDGE_CURVE('',#196,#196,#205,.T.);
#205 = CIRCLE('',#206,9.);
#206 = AXIS2_PLACEMENT_3D('',#207,#208,#209);
#207 = CARTESIAN_POINT('',(0.,0.,30.2));
#208 = DIRECTION('',(0.,0.,1.));
#209 = DIRECTION('',(1.,0.,0.));
#210 = ORIENTED_EDGE('',*,*,#195,.F.);
#211 = TOROIDAL_SURFACE('',#212,9.00015273909,5.199847263153);
#212 = AXIS2_PLACEMENT_3D('',#213,#214,#215);
#213 = CARTESIAN_POINT('',(0.,0.,25.00015273909));
#214 = DIRECTION('',(0.,0.,1.));
#215 = DIRECTION('',(1.,0.,0.));
#216 = ADVANCED_FACE('',(#217),#220,.T.);
#217 = FACE_BOUND('',#218,.T.);
#218 = EDGE_LOOP('',(#219));
#219 = ORIENTED_EDGE('',*,*,#204,.T.);
#220 = PLANE('',#221);
#221 = AXIS2_PLACEMENT_3D('',#222,#223,#224);
#222 = CARTESIAN_POINT('',(0.,0.,30.2));
#223 = DIRECTION('',(0.,0.,1.));
#224 = DIRECTION('',(1.,0.,0.));
#225 = MANIFOLD_SOLID_BREP('',#226);
#226 = CLOSED_SHELL('',(#227,#258,#283,#308,#334));
#227 = ADVANCED_FACE('',(#228),#249,.T.);
#228 = FACE_BOUND('',#229,.T.);
#229 = EDGE_LOOP('',(#230,#241,#248));
#230 = ORIENTED_EDGE('',*,*,#231,.T.);
#231 = EDGE_CURVE('',#232,#234,#236,.T.);
#232 = VERTEX_POINT('',#233);
#233 = CARTESIAN_POINT('',(-1.058791184068E-22,0.,-10.));
#234 = VERTEX_POINT('',#235);
#235 = CARTESIAN_POINT('',(0.8,0.,-9.2));
#236 = CIRCLE('',#237,0.800001450872);
#237 = AXIS2_PLACEMENT_3D('',#238,#239,#240);
#238 = CARTESIAN_POINT('',(-1.450870627942E-06,0.,-9.199998549129));
#239 = DIRECTION('',(0.,-1.,0.));
#240 = DIRECTION('',(1.813584995829E-06,0.,-0.999999999998));
#241 = ORIENTED_EDGE('',*,*,#242,.F.);
#242 = EDGE_CURVE('',#234,#234,#243,.T.);
#243 = CIRCLE('',#244,0.8);
#244 = AXIS2_PLACEMENT_3D('',#245,#246,#247);
#245 = CARTESIAN_POINT('',(0.,0.,-9.2));
#246 = DIRECTION('',(0.,0.,1.));
#247 = DIRECTION('',(1.,0.,0.));
#248 = ORIENTED_EDGE('',*,*,#231,.F.);
#249 = SURFACE_OF_REVOLUTION('',#250,#255);
#250 = CIRCLE('',#251,0.800001450872);
#251 = AXIS2_PLACEMENT_3D('',#252,#253,#254);
#252 = CARTESIAN_POINT('',(-1.450870627942E-06,0.,-9.199998549129));
#253 = DIRECTION('',(0.,-1.,0.));
#254 = DIRECTION('',(1.813584995829E-06,0.,-0.999999999998));
#255 = AXIS1_PLACEMENT('',#256,#257);
#256 = CARTESIAN_POINT('',(0.,0.,0.));
#257 = DIRECTION('',(0.,0.,1.));
#258 = ADVANCED_FACE('',(#259),#278,.T.);
#259 = FACE_BOUND('',#260,.T.);
#260 = EDGE_LOOP('',(#261,#262,#270,#277));
#261 = ORIENTED_EDGE('',*,*,#242,.T.);
#262 = ORIENTED_EDGE('',*,*,#263,.T.);
#263 = EDGE_CURVE('',#234,#264,#266,.T.);
#264 = VERTEX_POINT('',#265);
#265 = CARTESIAN_POINT('',(1.8,0.,-7.8));
#266 = LINE('',#267,#268);
#267 = CARTESIAN_POINT('',(0.8,0.,-9.2));
#268 = VECTOR('',#269,1.);
#269 = DIRECTION('',(0.581238193719,0.,0.813733471207));
#270 = ORIENTED_EDGE('',*,*,#271,.F.);
#271 = EDGE_CURVE('',#264,#264,#272,.T.);
#272 = CIRCLE('',#273,1.8);
#273 = AXIS2_PLACEMENT_3D('',#274,#275,#276);
#274 = CARTESIAN_POINT('',(0.,0.,-7.8));
#275 = DIRECTION('',(0.,0.,1.));
#276 = DIRECTION('',(1.,0.,0.));
#277 = ORIENTED_EDGE('',*,*,#263,.F.);
#278 = CONICAL_SURFACE('',#279,0.8,0.620249485983);
#279 = AXIS2_PLACEMENT_3D('',#280,#281,#282);
#280 = CARTESIAN_POINT('',(0.,0.,-9.2));
#281 = DIRECTION('',(0.,0.,1.));
#282 = DIRECTION('',(1.,0.,0.));
#283 = ADVANCED_FACE('',(#284),#303,.T.);
#284 = FACE_BOUND('',#285,.T.);
#285 = EDGE_LOOP('',(#286,#287,#295,#302));
#286 = ORIENTED_EDGE('',*,*,#271,.T.);
#287 = ORIENTED_EDGE('',*,*,#288,.T.);
#288 = EDGE_CURVE('',#264,#289,#291,.T.);
#289 = VERTEX_POINT('',#290);
#290 = CARTESIAN_POINT('',(2.,0.,-2.));
#291 = LINE('',#292,#293);
#292 = CARTESIAN_POINT('',(1.8,0.,-7.8));
#293 = VECTOR('',#294,1.);
#294 = DIRECTION('',(3.446227583978E-02,0.,0.999405999354));
#295 = ORIENTED_EDGE('',*,*,#296,.F.);
#296 = EDGE_CURVE('',#289,#289,#297,.T.);
#297 = CIRCLE('',#298,2.);
#298 = AXIS2_PLACEMENT_3D('',#299,#300,#301);
#299 = CARTESIAN_POINT('',(0.,0.,-2.));
#300 = DIRECTION('',(0.,0.,1.));
#301 = DIRECTION('',(1.,0.,0.));
#302 = ORIENTED_EDGE('',*,*,#288,.F.);
#303 = CONICAL_SURFACE('',#304,1.8,3.446910099951E-02);
#304 = AXIS2_PLACEMENT_3D('',#305,#306,#307);
#305 = CARTESIAN_POINT('',(0.,0.,-7.8));
#306 = DIRECTION('',(0.,0.,1.));
#307 = DIRECTION('',(1.,0.,0.));
#308 = ADVANCED_FACE('',(#309),#329,.F.);
#309 = FACE_BOUND('',#310,.T.);
#310 = EDGE_LOOP('',(#311,#312,#321,#328));
#311 = ORIENTED_EDGE('',*,*,#296,.T.);
#312 = ORIENTED_EDGE('',*,*,#313,.T.);
#313 = EDGE_CURVE('',#289,#314,#316,.T.);
#314 = VERTEX_POINT('',#315);
#315 = CARTESIAN_POINT('',(3.,0.,1.110223024625E-16));
#316 = CIRCLE('',#317,1.844809017893);
#317 = AXIS2_PLACEMENT_3D('',#318,#319,#320);
#318 = CARTESIAN_POINT('',(3.8125,0.,-1.65625));
#319 = DIRECTION('',(0.,1.,0.));
#320 = DIRECTION('',(-0.982486524307,0.,-0.186333651162));
#321 = ORIENTED_EDGE('',*,*,#322,.F.);
#322 = EDGE_CURVE('',#314,#314,#323,.T.);
#323 = CIRCLE('',#324,3.);
#324 = AXIS2_PLACEMENT_3D('',#325,#326,#327);
#325 = CARTESIAN_POINT('',(0.,0.,1.110223024625E-16));
#326 = DIRECTION('',(0.,0.,1.));
#327 = DIRECTION('',(1.,0.,0.));
#328 = ORIENTED_EDGE('',*,*,#313,.F.);
#329 = TOROIDAL_SURFACE('',#330,3.8125,1.844809017893);
#330 = AXIS2_PLACEMENT_3D('',#331,#332,#333);
#331 = CARTESIAN_POINT('',(0.,0.,-1.65625));
#332 = DIRECTION('',(-0.,-0.,-1.));
#333 = DIRECTION('',(1.,0.,0.));
#334 = ADVANCED_FACE('',(#335),#338,.T.);
#335 = FACE_BOUND('',#336,.T.);
#336 = EDGE_LOOP('',(#337));
#337 = ORIENTED_EDGE('',*,*,#322,.T.);
#338 = PLANE('',#339);
#339 = AXIS2_PLACEMENT_3D('',#340,#341,#342);
#340 = CARTESIAN_POINT('',(0.,0.,0.));
#341 = DIRECTION('',(0.,0.,1.));
#342 = DIRECTION('',(1.,0.,0.));
#343 = MANIFOLD_SOLID_BREP('',#344);
#344 = CLOSED_SHELL('',(#345,#378,#387));
#345 = ADVANCED_FACE('',(#346),#373,.T.);
#346 = FACE_BOUND('',#347,.T.);
#347 = EDGE_LOOP('',(#348,#357,#365,#372));
#348 = ORIENTED_EDGE('',*,*,#349,.F.);
#349 = EDGE_CURVE('',#350,#350,#352,.T.);
#350 = VERTEX_POINT('',#351);
#351 = CARTESIAN_POINT('',(5.401751315135,7.548035111509,0.));
#352 = CIRCLE('',#353,0.5);
#353 = AXIS2_PLACEMENT_3D('',#354,#355,#356);
#354 = CARTESIAN_POINT('',(4.901751315135,7.548035111509,0.));
#355 = DIRECTION('',(0.,0.,1.));
#356 = DIRECTION('',(1.,0.,0.));
#357 = ORIENTED_EDGE('',*,*,#358,.F.);
#358 = EDGE_CURVE('',#359,#350,#361,.T.);
#359 = VERTEX_POINT('',#360);
#360 = CARTESIAN_POINT('',(5.401751315135,7.548035111509,-6.5));
#361 = LINE('',#362,#363);
#362 = CARTESIAN_POINT('',(5.401751315135,7.548035111509,-6.5));
#363 = VECTOR('',#364,1.);
#364 = DIRECTION('',(0.,0.,1.));
#365 = ORIENTED_EDGE('',*,*,#366,.T.);
#366 = EDGE_CURVE('',#359,#359,#367,.T.);
#367 = CIRCLE('',#368,0.5);
#368 = AXIS2_PLACEMENT_3D('',#369,#370,#371);
#369 = CARTESIAN_POINT('',(4.901751315135,7.548035111509,-6.5));
#370 = DIRECTION('',(0.,0.,1.));
#371 = DIRECTION('',(1.,0.,0.));
#372 = ORIENTED_EDGE('',*,*,#358,.T.);
#373 = CYLINDRICAL_SURFACE('',#374,0.5);
#374 = AXIS2_PLACEMENT_3D('',#375,#376,#377);
#375 = CARTESIAN_POINT('',(4.901751315135,7.548035111509,-6.5));
#376 = DIRECTION('',(0.,0.,1.));
#377 = DIRECTION('',(1.,0.,0.));
#378 = ADVANCED_FACE('',(#379),#382,.T.);
#379 = FACE_BOUND('',#380,.T.);
#380 = EDGE_LOOP('',(#381));
#381 = ORIENTED_EDGE('',*,*,#349,.T.);
#382 = PLANE('',#383);
#383 = AXIS2_PLACEMENT_3D('',#384,#385,#386);
#384 = CARTESIAN_POINT('',(4.901751315135,7.548035111509,0.));
#385 = DIRECTION('',(0.,0.,1.));
#386 = DIRECTION('',(1.,0.,0.));
#387 = ADVANCED_FACE('',(#388),#401,.T.);
#388 = FACE_BOUND('',#389,.T.);
#389 = EDGE_LOOP('',(#390,#391,#400));
#390 = ORIENTED_EDGE('',*,*,#366,.F.);
#391 = ORIENTED_EDGE('',*,*,#392,.F.);
#392 = EDGE_CURVE('',#393,#359,#395,.T.);
#393 = VERTEX_POINT('',#394);
#394 = CARTESIAN_POINT('',(4.901751315135,7.548035111509,-7.));
#395 = CIRCLE('',#396,0.5);
#396 = AXIS2_PLACEMENT_3D('',#397,#398,#399);
#397 = CARTESIAN_POINT('',(4.901751315135,7.548035111509,-6.5));
#398 = DIRECTION('',(-2.449293598295E-16,-1.,0.));
#399 = DIRECTION('',(1.,-2.449293598295E-16,0.));
#400 = ORIENTED_EDGE('',*,*,#392,.T.);
#401 = SPHERICAL_SURFACE('',#402,0.5);
#402 = AXIS2_PLACEMENT_3D('',#403,#404,#405);
#403 = CARTESIAN_POINT('',(4.901751315135,7.548035111509,-6.5));
#404 = DIRECTION('',(0.,0.,1.));
#405 = DIRECTION('',(1.,0.,0.));
#406 = MANIFOLD_SOLID_BREP('',#407);
#407 = CLOSED_SHELL('',(#408,#441,#450));
#408 = ADVANCED_FACE('',(#409),#436,.T.);
#409 = FACE_BOUND('',#410,.T.);
#410 = EDGE_LOOP('',(#411,#420,#428,#435));
#411 = ORIENTED_EDGE('',*,*,#412,.F.);
#412 = EDGE_CURVE('',#413,#413,#415,.T.);
#413 = VERTEX_POINT('',#414);
#414 = CARTESIAN_POINT('',(5.801751315135,7.548035111509,2.3));
#415 = CIRCLE('',#416,0.9);
#416 = AXIS2_PLACEMENT_3D('',#417,#418,#419);
#417 = CARTESIAN_POINT('',(4.901751315135,7.548035111509,2.3));
#418 = DIRECTION('',(0.,0.,1.));
#419 = DIRECTION('',(1.,0.,0.));
#420 = ORIENTED_EDGE('',*,*,#421,.F.);
#421 = EDGE_CURVE('',#422,#413,#424,.T.);
#422 = VERTEX_POINT('',#423);
#423 = CARTESIAN_POINT('',(5.801751315135,7.548035111509,1.8));
#424 = LINE('',#425,#426);
#425 = CARTESIAN_POINT('',(5.801751315135,7.548035111509,1.8));
#426 = VECTOR('',#427,1.);
#427 = DIRECTION('',(0.,0.,1.));
#428 = ORIENTED_EDGE('',*,*,#429,.T.);
#429 = EDGE_CURVE('',#422,#422,#430,.T.);
#430 = CIRCLE('',#431,0.9);
#431 = AXIS2_PLACEMENT_3D('',#432,#433,#434);
#432 = CARTESIAN_POINT('',(4.901751315135,7.548035111509,1.8));
#433 = DIRECTION('',(0.,0.,1.));
#434 = DIRECTION('',(1.,0.,0.));
#435 = ORIENTED_EDGE('',*,*,#421,.T.);
#436 = CYLINDRICAL_SURFACE('',#437,0.9);
#437 = AXIS2_PLACEMENT_3D('',#438,#439,#440);
#438 = CARTESIAN_POINT('',(4.901751315135,7.548035111509,1.8));
#439 = DIRECTION('',(0.,0.,1.));
#440 = DIRECTION('',(1.,0.,0.));
#441 = ADVANCED_FACE('',(#442),#445,.T.);
#442 = FACE_BOUND('',#443,.T.);
#443 = EDGE_LOOP('',(#444));
#444 = ORIENTED_EDGE('',*,*,#412,.T.);
#445 = PLANE('',#446);
#446 = AXIS2_PLACEMENT_3D('',#447,#448,#449);
#447 = CARTESIAN_POINT('',(4.901751315135,7.548035111509,2.3));
#448 = DIRECTION('',(0.,0.,1.));
#449 = DIRECTION('',(1.,0.,0.));
#450 = ADVANCED_FACE('',(#451),#454,.F.);
#451 = FACE_BOUND('',#452,.T.);
#452 = EDGE_LOOP('',(#453));
#453 = ORIENTED_EDGE('',*,*,#429,.F.);
#454 = PLANE('',#455);
#455 = AXIS2_PLACEMENT_3D('',#456,#457,#458);
#456 = CARTESIAN_POINT('',(4.901751315135,7.548035111509,1.8));
#457 = DIRECTION('',(0.,0.,1.));
#458 = DIRECTION('',(1.,0.,0.));
#459 = MANIFOLD_SOLID_BREP('',#460);
#460 = CLOSED_SHELL('',(#461,#494,#503));
#461 = ADVANCED_FACE('',(#462),#489,.T.);
#462 = FACE_BOUND('',#463,.T.);
#463 = EDGE_LOOP('',(#464,#473,#481,#488));
#464 = ORIENTED_EDGE('',*,*,#465,.F.);
#465 = EDGE_CURVE('',#466,#466,#468,.T.);
#466 = VERTEX_POINT('',#467);
#467 = CARTESIAN_POINT('',(8.090523012316,4.835696475121,0.));
#468 = CIRCLE('',#469,0.5);
#469 = AXIS2_PLACEMENT_3D('',#470,#471,#472);
#470 = CARTESIAN_POINT('',(7.590523012316,4.835696475121,0.));
#471 = DIRECTION('',(0.,0.,1.));
#472 = DIRECTION('',(1.,0.,0.));
#473 = ORIENTED_EDGE('',*,*,#474,.F.);
#474 = EDGE_CURVE('',#475,#466,#477,.T.);
#475 = VERTEX_POINT('',#476);
#476 = CARTESIAN_POINT('',(8.090523012316,4.835696475121,-6.5));
#477 = LINE('',#478,#479);
#478 = CARTESIAN_POINT('',(8.090523012316,4.835696475121,-6.5));
#479 = VECTOR('',#480,1.);
#480 = DIRECTION('',(0.,0.,1.));
#481 = ORIENTED_EDGE('',*,*,#482,.T.);
#482 = EDGE_CURVE('',#475,#475,#483,.T.);
#483 = CIRCLE('',#484,0.5);
#484 = AXIS2_PLACEMENT_3D('',#485,#486,#487);
#485 = CARTESIAN_POINT('',(7.590523012316,4.835696475121,-6.5));
#486 = DIRECTION('',(0.,0.,1.));
#487 = DIRECTION('',(1.,0.,0.));
#488 = ORIENTED_EDGE('',*,*,#474,.T.);
#489 = CYLINDRICAL_SURFACE('',#490,0.5);
#490 = AXIS2_PLACEMENT_3D('',#491,#492,#493);
#491 = CARTESIAN_POINT('',(7.590523012316,4.835696475121,-6.5));
#492 = DIRECTION('',(0.,0.,1.));
#493 = DIRECTION('',(1.,0.,0.));
#494 = ADVANCED_FACE('',(#495),#498,.T.);
#495 = FACE_BOUND('',#496,.T.);
#496 = EDGE_LOOP('',(#497));
#497 = ORIENTED_EDGE('',*,*,#465,.T.);
#498 = PLANE('',#499);
#499 = AXIS2_PLACEMENT_3D('',#500,#501,#502);
#500 = CARTESIAN_POINT('',(7.590523012316,4.835696475121,0.));
#501 = DIRECTION('',(0.,0.,1.));
#502 = DIRECTION('',(1.,0.,0.));
#503 = ADVANCED_FACE('',(#504),#517,.T.);
#504 = FACE_BOUND('',#505,.T.);
#505 = EDGE_LOOP('',(#506,#507,#516));
#506 = ORIENTED_EDGE('',*,*,#482,.F.);
#507 = ORIENTED_EDGE('',*,*,#508,.F.);
#508 = EDGE_CURVE('',#509,#475,#511,.T.);
#509 = VERTEX_POINT('',#510);
#510 = CARTESIAN_POINT('',(7.590523012316,4.835696475121,-7.));
#511 = CIRCLE('',#512,0.5);
#512 = AXIS2_PLACEMENT_3D('',#513,#514,#515);
#513 = CARTESIAN_POINT('',(7.590523012316,4.835696475121,-6.5));
#514 = DIRECTION('',(-2.449293598295E-16,-1.,0.));
#515 = DIRECTION('',(1.,-2.449293598295E-16,0.));
#516 = ORIENTED_EDGE('',*,*,#508,.T.);
#517 = SPHERICAL_SURFACE('',#518,0.5);
#518 = AXIS2_PLACEMENT_3D('',#519,#520,#521);
#519 = CARTESIAN_POINT('',(7.590523012316,4.835696475121,-6.5));
#520 = DIRECTION('',(0.,0.,1.));
#521 = DIRECTION('',(1.,0.,0.));
#522 = MANIFOLD_SOLID_BREP('',#523);
#523 = CLOSED_SHELL('',(#524,#557,#566));
#524 = ADVANCED_FACE('',(#525),#552,.T.);
#525 = FACE_BOUND('',#526,.T.);
#526 = EDGE_LOOP('',(#527,#536,#544,#551));
#527 = ORIENTED_EDGE('',*,*,#528,.F.);
#528 = EDGE_CURVE('',#529,#529,#531,.T.);
#529 = VERTEX_POINT('',#530);
#530 = CARTESIAN_POINT('',(8.490523012316,4.835696475121,2.3));
#531 = CIRCLE('',#532,0.9);
#532 = AXIS2_PLACEMENT_3D('',#533,#534,#535);
#533 = CARTESIAN_POINT('',(7.590523012316,4.835696475121,2.3));
#534 = DIRECTION('',(0.,0.,1.));
#535 = DIRECTION('',(1.,0.,0.));
#536 = ORIENTED_EDGE('',*,*,#537,.F.);
#537 = EDGE_CURVE('',#538,#529,#540,.T.);
#538 = VERTEX_POINT('',#539);
#539 = CARTESIAN_POINT('',(8.490523012316,4.835696475121,1.8));
#540 = LINE('',#541,#542);
#541 = CARTESIAN_POINT('',(8.490523012316,4.835696475121,1.8));
#542 = VECTOR('',#543,1.);
#543 = DIRECTION('',(0.,0.,1.));
#544 = ORIENTED_EDGE('',*,*,#545,.T.);
#545 = EDGE_CURVE('',#538,#538,#546,.T.);
#546 = CIRCLE('',#547,0.9);
#547 = AXIS2_PLACEMENT_3D('',#548,#549,#550);
#548 = CARTESIAN_POINT('',(7.590523012316,4.835696475121,1.8));
#549 = DIRECTION('',(0.,0.,1.));
#550 = DIRECTION('',(1.,0.,0.));
#551 = ORIENTED_EDGE('',*,*,#537,.T.);
#552 = CYLINDRICAL_SURFACE('',#553,0.9);
#553 = AXIS2_PLACEMENT_3D('',#554,#555,#556);
#554 = CARTESIAN_POINT('',(7.590523012316,4.835696475121,1.8));
#555 = DIRECTION('',(0.,0.,1.));
#556 = DIRECTION('',(1.,0.,0.));
#557 = ADVANCED_FACE('',(#558),#561,.T.);
#558 = FACE_BOUND('',#559,.T.);
#559 = EDGE_LOOP('',(#560));
#560 = ORIENTED_EDGE('',*,*,#528,.T.);
#561 = PLANE('',#562);
#562 = AXIS2_PLACEMENT_3D('',#563,#564,#565);
#563 = CARTESIAN_POINT('',(7.590523012316,4.835696475121,2.3));
#564 = DIRECTION('',(0.,0.,1.));
#565 = DIRECTION('',(1.,0.,0.));
#566 = ADVANCED_FACE('',(#567),#570,.F.);
#567 = FACE_BOUND('',#568,.T.);
#568 = EDGE_LOOP('',(#569));
#569 = ORIENTED_EDGE('',*,*,#545,.F.);
#570 = PLANE('',#571);
#571 = AXIS2_PLACEMENT_3D('',#572,#573,#574);
#572 = CARTESIAN_POINT('',(7.590523012316,4.835696475121,1.8));
#573 = DIRECTION('',(0.,0.,1.));
#574 = DIRECTION('',(1.,0.,0.));
#575 = MANIFOLD_SOLID_BREP('',#576);
#576 = CLOSED_SHELL('',(#577,#610,#619));
#577 = ADVANCED_FACE('',(#578),#605,.T.);
#578 = FACE_BOUND('',#579,.T.);
#579 = EDGE_LOOP('',(#580,#589,#597,#604));
#580 = ORIENTED_EDGE('',*,*,#581,.F.);
#581 = EDGE_CURVE('',#582,#582,#584,.T.);
#582 = VERTEX_POINT('',#583);
#583 = CARTESIAN_POINT('',(9.412412618674,1.252557908641,0.));
#584 = CIRCLE('',#585,0.5);
#585 = AXIS2_PLACEMENT_3D('',#586,#587,#588);
#586 = CARTESIAN_POINT('',(8.912412618674,1.252557908641,0.));
#587 = DIRECTION('',(0.,0.,1.));
#588 = DIRECTION('',(1.,0.,0.));
#589 = ORIENTED_EDGE('',*,*,#590,.F.);
#590 = EDGE_CURVE('',#591,#582,#593,.T.);
#591 = VERTEX_POINT('',#592);
#592 = CARTESIAN_POINT('',(9.412412618674,1.252557908641,-6.5));
#593 = LINE('',#594,#595);
#594 = CARTESIAN_POINT('',(9.412412618674,1.252557908641,-6.5));
#595 = VECTOR('',#596,1.);
#596 = DIRECTION('',(0.,0.,1.));
#597 = ORIENTED_EDGE('',*,*,#598,.T.);
#598 = EDGE_CURVE('',#591,#591,#599,.T.);
#599 = CIRCLE('',#600,0.5);
#600 = AXIS2_PLACEMENT_3D('',#601,#602,#603);
#601 = CARTESIAN_POINT('',(8.912412618674,1.252557908641,-6.5));
#602 = DIRECTION('',(0.,0.,1.));
#603 = DIRECTION('',(1.,0.,0.));
#604 = ORIENTED_EDGE('',*,*,#590,.T.);
#605 = CYLINDRICAL_SURFACE('',#606,0.5);
#606 = AXIS2_PLACEMENT_3D('',#607,#608,#609);
#607 = CARTESIAN_POINT('',(8.912412618674,1.252557908641,-6.5));
#608 = DIRECTION('',(0.,0.,1.));
#609 = DIRECTION('',(1.,0.,0.));
#610 = ADVANCED_FACE('',(#611),#614,.T.);
#611 = FACE_BOUND('',#612,.T.);
#612 = EDGE_LOOP('',(#613));
#613 = ORIENTED_EDGE('',*,*,#581,.T.);
#614 = PLANE('',#615);
#615 = AXIS2_PLACEMENT_3D('',#616,#617,#618);
#616 = CARTESIAN_POINT('',(8.912412618674,1.252557908641,0.));
#617 = DIRECTION('',(0.,0.,1.));
#618 = DIRECTION('',(1.,0.,0.));
#619 = ADVANCED_FACE('',(#620),#633,.T.);
#620 = FACE_BOUND('',#621,.T.);
#621 = EDGE_LOOP('',(#622,#623,#632));
#622 = ORIENTED_EDGE('',*,*,#598,.F.);
#623 = ORIENTED_EDGE('',*,*,#624,.F.);
#624 = EDGE_CURVE('',#625,#591,#627,.T.);
#625 = VERTEX_POINT('',#626);
#626 = CARTESIAN_POINT('',(8.912412618674,1.252557908641,-7.));
#627 = CIRCLE('',#628,0.5);
#628 = AXIS2_PLACEMENT_3D('',#629,#630,#631);
#629 = CARTESIAN_POINT('',(8.912412618674,1.252557908641,-6.5));
#630 = DIRECTION('',(-2.449293598295E-16,-1.,0.));
#631 = DIRECTION('',(1.,-2.449293598295E-16,0.));
#632 = ORIENTED_EDGE('',*,*,#624,.T.);
#633 = SPHERICAL_SURFACE('',#634,0.5);
#634 = AXIS2_PLACEMENT_3D('',#635,#636,#637);
#635 = CARTESIAN_POINT('',(8.912412618674,1.252557908641,-6.5));
#636 = DIRECTION('',(0.,0.,1.));
#637 = DIRECTION('',(1.,0.,0.));
#638 = MANIFOLD_SOLID_BREP('',#639);
#639 = CLOSED_SHELL('',(#640,#673,#682));
#640 = ADVANCED_FACE('',(#641),#668,.T.);
#641 = FACE_BOUND('',#642,.T.);
#642 = EDGE_LOOP('',(#643,#652,#660,#667));
#643 = ORIENTED_EDGE('',*,*,#644,.F.);
#644 = EDGE_CURVE('',#645,#645,#647,.T.);
#645 = VERTEX_POINT('',#646);
#646 = CARTESIAN_POINT('',(9.812412618674,1.252557908641,2.3));
#647 = CIRCLE('',#648,0.9);
#648 = AXIS2_PLACEMENT_3D('',#649,#650,#651);
#649 = CARTESIAN_POINT('',(8.912412618674,1.252557908641,2.3));
#650 = DIRECTION('',(0.,0.,1.));
#651 = DIRECTION('',(1.,0.,0.));
#652 = ORIENTED_EDGE('',*,*,#653,.F.);
#653 = EDGE_CURVE('',#654,#645,#656,.T.);
#654 = VERTEX_POINT('',#655);
#655 = CARTESIAN_POINT('',(9.812412618674,1.252557908641,1.8));
#656 = LINE('',#657,#658);
#657 = CARTESIAN_POINT('',(9.812412618674,1.252557908641,1.8));
#658 = VECTOR('',#659,1.);
#659 = DIRECTION('',(0.,0.,1.));
#660 = ORIENTED_EDGE('',*,*,#661,.T.);
#661 = EDGE_CURVE('',#654,#654,#662,.T.);
#662 = CIRCLE('',#663,0.9);
#663 = AXIS2_PLACEMENT_3D('',#664,#665,#666);
#664 = CARTESIAN_POINT('',(8.912412618674,1.252557908641,1.8));
#665 = DIRECTION('',(0.,0.,1.));
#666 = DIRECTION('',(1.,0.,0.));
#667 = ORIENTED_EDGE('',*,*,#653,.T.);
#668 = CYLINDRICAL_SURFACE('',#669,0.9);
#669 = AXIS2_PLACEMENT_3D('',#670,#671,#672);
#670 = CARTESIAN_POINT('',(8.912412618674,1.252557908641,1.8));
#671 = DIRECTION('',(0.,0.,1.));
#672 = DIRECTION('',(1.,0.,0.));
#673 = ADVANCED_FACE('',(#674),#677,.T.);
#674 = FACE_BOUND('',#675,.T.);
#675 = EDGE_LOOP('',(#676));
#676 = ORIENTED_EDGE('',*,*,#644,.T.);
#677 = PLANE('',#678);
#678 = AXIS2_PLACEMENT_3D('',#679,#680,#681);
#679 = CARTESIAN_POINT('',(8.912412618674,1.252557908641,2.3));
#680 = DIRECTION('',(0.,0.,1.));
#681 = DIRECTION('',(1.,0.,0.));
#682 = ADVANCED_FACE('',(#683),#686,.F.);
#683 = FACE_BOUND('',#684,.T.);
#684 = EDGE_LOOP('',(#685));
#685 = ORIENTED_EDGE('',*,*,#661,.F.);
#686 = PLANE('',#687);
#687 = AXIS2_PLACEMENT_3D('',#688,#689,#690);
#688 = CARTESIAN_POINT('',(8.912412618674,1.252557908641,1.8));
#689 = DIRECTION('',(0.,0.,1.));
#690 = DIRECTION('',(1.,0.,0.));
#691 = MANIFOLD_SOLID_BREP('',#692);
#692 = CLOSED_SHELL('',(#693,#726,#735));
#693 = ADVANCED_FACE('',(#694),#721,.T.);
#694 = FACE_BOUND('',#695,.T.);
#695 = EDGE_LOOP('',(#696,#705,#713,#720));
#696 = ORIENTED_EDGE('',*,*,#697,.F.);
#697 = EDGE_CURVE('',#698,#698,#700,.T.);
#698 = VERTEX_POINT('',#699);
#699 = CARTESIAN_POINT('',(9.129377613814,-2.556138102335,0.));
#700 = CIRCLE('',#701,0.5);
#701 = AXIS2_PLACEMENT_3D('',#702,#703,#704);
#702 = CARTESIAN_POINT('',(8.629377613814,-2.556138102335,0.));
#703 = DIRECTION('',(0.,0.,1.));
#704 = DIRECTION('',(1.,0.,0.));
#705 = ORIENTED_EDGE('',*,*,#706,.F.);
#706 = EDGE_CURVE('',#707,#698,#709,.T.);
#707 = VERTEX_POINT('',#708);
#708 = CARTESIAN_POINT('',(9.129377613814,-2.556138102335,-6.5));
#709 = LINE('',#710,#711);
#710 = CARTESIAN_POINT('',(9.129377613814,-2.556138102335,-6.5));
#711 = VECTOR('',#712,1.);
#712 = DIRECTION('',(0.,0.,1.));
#713 = ORIENTED_EDGE('',*,*,#714,.T.);
#714 = EDGE_CURVE('',#707,#707,#715,.T.);
#715 = CIRCLE('',#716,0.5);
#716 = AXIS2_PLACEMENT_3D('',#717,#718,#719);
#717 = CARTESIAN_POINT('',(8.629377613814,-2.556138102335,-6.5));
#718 = DIRECTION('',(0.,0.,1.));
#719 = DIRECTION('',(1.,0.,0.));
#720 = ORIENTED_EDGE('',*,*,#706,.T.);
#721 = CYLINDRICAL_SURFACE('',#722,0.5);
#722 = AXIS2_PLACEMENT_3D('',#723,#724,#725);
#723 = CARTESIAN_POINT('',(8.629377613814,-2.556138102335,-6.5));
#724 = DIRECTION('',(0.,0.,1.));
#725 = DIRECTION('',(1.,0.,0.));
#726 = ADVANCED_FACE('',(#727),#730,.T.);
#727 = FACE_BOUND('',#728,.T.);
#728 = EDGE_LOOP('',(#729));
#729 = ORIENTED_EDGE('',*,*,#697,.T.);
#730 = PLANE('',#731);
#731 = AXIS2_PLACEMENT_3D('',#732,#733,#734);
#732 = CARTESIAN_POINT('',(8.629377613814,-2.556138102335,0.));
#733 = DIRECTION('',(0.,0.,1.));
#734 = DIRECTION('',(1.,0.,0.));
#735 = ADVANCED_FACE('',(#736),#749,.T.);
#736 = FACE_BOUND('',#737,.T.);
#737 = EDGE_LOOP('',(#738,#739,#748));
#738 = ORIENTED_EDGE('',*,*,#714,.F.);
#739 = ORIENTED_EDGE('',*,*,#740,.F.);
#740 = EDGE_CURVE('',#741,#707,#743,.T.);
#741 = VERTEX_POINT('',#742);
#742 = CARTESIAN_POINT('',(8.629377613814,-2.556138102335,-7.));
#743 = CIRCLE('',#744,0.5);
#744 = AXIS2_PLACEMENT_3D('',#745,#746,#747);
#745 = CARTESIAN_POINT('',(8.629377613814,-2.556138102335,-6.5));
#746 = DIRECTION('',(-2.449293598295E-16,-1.,0.));
#747 = DIRECTION('',(1.,-2.449293598295E-16,0.));
#748 = ORIENTED_EDGE('',*,*,#740,.T.);
#749 = SPHERICAL_SURFACE('',#750,0.5);
#750 = AXIS2_PLACEMENT_3D('',#751,#752,#753);
#751 = CARTESIAN_POINT('',(8.629377613814,-2.556138102335,-6.5));
#752 = DIRECTION('',(0.,0.,1.));
#753 = DIRECTION('',(1.,0.,0.));
#754 = MANIFOLD_SOLID_BREP('',#755);
#755 = CLOSED_SHELL('',(#756,#789,#798));
#756 = ADVANCED_FACE('',(#757),#784,.T.);
#757 = FACE_BOUND('',#758,.T.);
#758 = EDGE_LOOP('',(#759,#768,#776,#783));
#759 = ORIENTED_EDGE('',*,*,#760,.F.);
#760 = EDGE_CURVE('',#761,#761,#763,.T.);
#761 = VERTEX_POINT('',#762);
#762 = CARTESIAN_POINT('',(9.529377613814,-2.556138102335,2.3));
#763 = CIRCLE('',#764,0.9);
#764 = AXIS2_PLACEMENT_3D('',#765,#766,#767);
#765 = CARTESIAN_POINT('',(8.629377613814,-2.556138102335,2.3));
#766 = DIRECTION('',(0.,0.,1.));
#767 = DIRECTION('',(1.,0.,0.));
#768 = ORIENTED_EDGE('',*,*,#769,.F.);
#769 = EDGE_CURVE('',#770,#761,#772,.T.);
#770 = VERTEX_POINT('',#771);
#771 = CARTESIAN_POINT('',(9.529377613814,-2.556138102335,1.8));
#772 = LINE('',#773,#774);
#773 = CARTESIAN_POINT('',(9.529377613814,-2.556138102335,1.8));
#774 = VECTOR('',#775,1.);
#775 = DIRECTION('',(0.,0.,1.));
#776 = ORIENTED_EDGE('',*,*,#777,.T.);
#777 = EDGE_CURVE('',#770,#770,#778,.T.);
#778 = CIRCLE('',#779,0.9);
#779 = AXIS2_PLACEMENT_3D('',#780,#781,#782);
#780 = CARTESIAN_POINT('',(8.629377613814,-2.556138102335,1.8));
#781 = DIRECTION('',(0.,0.,1.));
#782 = DIRECTION('',(1.,0.,0.));
#783 = ORIENTED_EDGE('',*,*,#769,.T.);
#784 = CYLINDRICAL_SURFACE('',#785,0.9);
#785 = AXIS2_PLACEMENT_3D('',#786,#787,#788);
#786 = CARTESIAN_POINT('',(8.629377613814,-2.556138102335,1.8));
#787 = DIRECTION('',(0.,0.,1.));
#788 = DIRECTION('',(1.,0.,0.));
#789 = ADVANCED_FACE('',(#790),#793,.T.);
#790 = FACE_BOUND('',#791,.T.);
#791 = EDGE_LOOP('',(#792));
#792 = ORIENTED_EDGE('',*,*,#760,.T.);
#793 = PLANE('',#794);
#794 = AXIS2_PLACEMENT_3D('',#795,#796,#797);
#795 = CARTESIAN_POINT('',(8.629377613814,-2.556138102335,2.3));
#796 = DIRECTION('',(0.,0.,1.));
#797 = DIRECTION('',(1.,0.,0.));
#798 = ADVANCED_FACE('',(#799),#802,.F.);
#799 = FACE_BOUND('',#800,.T.);
#800 = EDGE_LOOP('',(#801));
#801 = ORIENTED_EDGE('',*,*,#777,.F.);
#802 = PLANE('',#803);
#803 = AXIS2_PLACEMENT_3D('',#804,#805,#806);
#804 = CARTESIAN_POINT('',(8.629377613814,-2.556138102335,1.8));
#805 = DIRECTION('',(0.,0.,1.));
#806 = DIRECTION('',(1.,0.,0.));
#807 = MANIFOLD_SOLID_BREP('',#808);
#808 = CLOSED_SHELL('',(#809,#842,#851));
#809 = ADVANCED_FACE('',(#810),#837,.T.);
#810 = FACE_BOUND('',#811,.T.);
#811 = EDGE_LOOP('',(#812,#821,#829,#836));
#812 = ORIENTED_EDGE('',*,*,#813,.F.);
#813 = EDGE_CURVE('',#814,#814,#816,.T.);
#814 = VERTEX_POINT('',#815);
#815 = CARTESIAN_POINT('',(7.292386222005,-5.904531260915,0.));
#816 = CIRCLE('',#817,0.5);
#817 = AXIS2_PLACEMENT_3D('',#818,#819,#820);
#818 = CARTESIAN_POINT('',(6.792386222005,-5.904531260915,0.));
#819 = DIRECTION('',(0.,0.,1.));
#820 = DIRECTION('',(1.,0.,0.));
#821 = ORIENTED_EDGE('',*,*,#822,.F.);
#822 = EDGE_CURVE('',#823,#814,#825,.T.);
#823 = VERTEX_POINT('',#824);
#824 = CARTESIAN_POINT('',(7.292386222005,-5.904531260915,-6.5));
#825 = LINE('',#826,#827);
#826 = CARTESIAN_POINT('',(7.292386222005,-5.904531260915,-6.5));
#827 = VECTOR('',#828,1.);
#828 = DIRECTION('',(0.,0.,1.));
#829 = ORIENTED_EDGE('',*,*,#830,.T.);
#830 = EDGE_CURVE('',#823,#823,#831,.T.);
#831 = CIRCLE('',#832,0.5);
#832 = AXIS2_PLACEMENT_3D('',#833,#834,#835);
#833 = CARTESIAN_POINT('',(6.792386222005,-5.904531260915,-6.5));
#834 = DIRECTION('',(0.,0.,1.));
#835 = DIRECTION('',(1.,0.,0.));
#836 = ORIENTED_EDGE('',*,*,#822,.T.);
#837 = CYLINDRICAL_SURFACE('',#838,0.5);
#838 = AXIS2_PLACEMENT_3D('',#839,#840,#841);
#839 = CARTESIAN_POINT('',(6.792386222005,-5.904531260915,-6.5));
#840 = DIRECTION('',(0.,0.,1.));
#841 = DIRECTION('',(1.,0.,0.));
#842 = ADVANCED_FACE('',(#843),#846,.T.);
#843 = FACE_BOUND('',#844,.T.);
#844 = EDGE_LOOP('',(#845));
#845 = ORIENTED_EDGE('',*,*,#813,.T.);
#846 = PLANE('',#847);
#847 = AXIS2_PLACEMENT_3D('',#848,#849,#850);
#848 = CARTESIAN_POINT('',(6.792386222005,-5.904531260915,0.));
#849 = DIRECTION('',(0.,0.,1.));
#850 = DIRECTION('',(1.,0.,0.));
#851 = ADVANCED_FACE('',(#852),#865,.T.);
#852 = FACE_BOUND('',#853,.T.);
#853 = EDGE_LOOP('',(#854,#855,#864));
#854 = ORIENTED_EDGE('',*,*,#830,.F.);
#855 = ORIENTED_EDGE('',*,*,#856,.F.);
#856 = EDGE_CURVE('',#857,#823,#859,.T.);
#857 = VERTEX_POINT('',#858);
#858 = CARTESIAN_POINT('',(6.792386222005,-5.904531260915,-7.));
#859 = CIRCLE('',#860,0.5);
#860 = AXIS2_PLACEMENT_3D('',#861,#862,#863);
#861 = CARTESIAN_POINT('',(6.792386222005,-5.904531260915,-6.5));
#862 = DIRECTION('',(-2.449293598295E-16,-1.,0.));
#863 = DIRECTION('',(1.,-2.449293598295E-16,0.));
#864 = ORIENTED_EDGE('',*,*,#856,.T.);
#865 = SPHERICAL_SURFACE('',#866,0.5);
#866 = AXIS2_PLACEMENT_3D('',#867,#868,#869);
#867 = CARTESIAN_POINT('',(6.792386222005,-5.904531260915,-6.5));
#868 = DIRECTION('',(0.,0.,1.));
#869 = DIRECTION('',(1.,0.,0.));
#870 = MANIFOLD_SOLID_BREP('',#871);
#871 = CLOSED_SHELL('',(#872,#905,#914));
#872 = ADVANCED_FACE('',(#873),#900,.T.);
#873 = FACE_BOUND('',#874,.T.);
#874 = EDGE_LOOP('',(#875,#884,#892,#899));
#875 = ORIENTED_EDGE('',*,*,#876,.F.);
#876 = EDGE_CURVE('',#877,#877,#879,.T.);
#877 = VERTEX_POINT('',#878);
#878 = CARTESIAN_POINT('',(7.692386222005,-5.904531260915,2.3));
#879 = CIRCLE('',#880,0.9);
#880 = AXIS2_PLACEMENT_3D('',#881,#882,#883);
#881 = CARTESIAN_POINT('',(6.792386222005,-5.904531260915,2.3));
#882 = DIRECTION('',(0.,0.,1.));
#883 = DIRECTION('',(1.,0.,0.));
#884 = ORIENTED_EDGE('',*,*,#885,.F.);
#885 = EDGE_CURVE('',#886,#877,#888,.T.);
#886 = VERTEX_POINT('',#887);
#887 = CARTESIAN_POINT('',(7.692386222005,-5.904531260915,1.8));
#888 = LINE('',#889,#890);
#889 = CARTESIAN_POINT('',(7.692386222005,-5.904531260915,1.8));
#890 = VECTOR('',#891,1.);
#891 = DIRECTION('',(0.,0.,1.));
#892 = ORIENTED_EDGE('',*,*,#893,.T.);
#893 = EDGE_CURVE('',#886,#886,#894,.T.);
#894 = CIRCLE('',#895,0.9);
#895 = AXIS2_PLACEMENT_3D('',#896,#897,#898);
#896 = CARTESIAN_POINT('',(6.792386222005,-5.904531260915,1.8));
#897 = DIRECTION('',(0.,0.,1.));
#898 = DIRECTION('',(1.,0.,0.));
#899 = ORIENTED_EDGE('',*,*,#885,.T.);
#900 = CYLINDRICAL_SURFACE('',#901,0.9);
#901 = AXIS2_PLACEMENT_3D('',#902,#903,#904);
#902 = CARTESIAN_POINT('',(6.792386222005,-5.904531260915,1.8));
#903 = DIRECTION('',(0.,0.,1.));
#904 = DIRECTION('',(1.,0.,0.));
#905 = ADVANCED_FACE('',(#906),#909,.T.);
#906 = FACE_BOUND('',#907,.T.);
#907 = EDGE_LOOP('',(#908));
#908 = ORIENTED_EDGE('',*,*,#876,.T.);
#909 = PLANE('',#910);
#910 = AXIS2_PLACEMENT_3D('',#911,#912,#913);
#911 = CARTESIAN_POINT('',(6.792386222005,-5.904531260915,2.3));
#912 = DIRECTION('',(0.,0.,1.));
#913 = DIRECTION('',(1.,0.,0.));
#914 = ADVANCED_FACE('',(#915),#918,.F.);
#915 = FACE_BOUND('',#916,.T.);
#916 = EDGE_LOOP('',(#917));
#917 = ORIENTED_EDGE('',*,*,#893,.F.);
#918 = PLANE('',#919);
#919 = AXIS2_PLACEMENT_3D('',#920,#921,#922);
#920 = CARTESIAN_POINT('',(6.792386222005,-5.904531260915,1.8));
#921 = DIRECTION('',(0.,0.,1.));
#922 = DIRECTION('',(1.,0.,0.));
#923 = MANIFOLD_SOLID_BREP('',#924);
#924 = CLOSED_SHELL('',(#925,#958,#967));
#925 = ADVANCED_FACE('',(#926),#953,.T.);
#926 = FACE_BOUND('',#927,.T.);
#927 = EDGE_LOOP('',(#928,#937,#945,#952));
#928 = ORIENTED_EDGE('',*,*,#929,.F.);
#929 = EDGE_CURVE('',#930,#930,#932,.T.);
#930 = VERTEX_POINT('',#931);
#931 = CARTESIAN_POINT('',(4.232239183906,-8.189651437889,0.));
#932 = CIRCLE('',#933,0.5);
#933 = AXIS2_PLACEMENT_3D('',#934,#935,#936);
#934 = CARTESIAN_POINT('',(3.732239183906,-8.189651437889,0.));
#935 = DIRECTION('',(0.,0.,1.));
#936 = DIRECTION('',(1.,0.,0.));
#937 = ORIENTED_EDGE('',*,*,#938,.F.);
#938 = EDGE_CURVE('',#939,#930,#941,.T.);
#939 = VERTEX_POINT('',#940);
#940 = CARTESIAN_POINT('',(4.232239183906,-8.189651437889,-6.5));
#941 = LINE('',#942,#943);
#942 = CARTESIAN_POINT('',(4.232239183906,-8.189651437889,-6.5));
#943 = VECTOR('',#944,1.);
#944 = DIRECTION('',(0.,0.,1.));
#945 = ORIENTED_EDGE('',*,*,#946,.T.);
#946 = EDGE_CURVE('',#939,#939,#947,.T.);
#947 = CIRCLE('',#948,0.5);
#948 = AXIS2_PLACEMENT_3D('',#949,#950,#951);
#949 = CARTESIAN_POINT('',(3.732239183906,-8.189651437889,-6.5));
#950 = DIRECTION('',(0.,0.,1.));
#951 = DIRECTION('',(1.,0.,0.));
#952 = ORIENTED_EDGE('',*,*,#938,.T.);
#953 = CYLINDRICAL_SURFACE('',#954,0.5);
#954 = AXIS2_PLACEMENT_3D('',#955,#956,#957);
#955 = CARTESIAN_POINT('',(3.732239183906,-8.189651437889,-6.5));
#956 = DIRECTION('',(0.,0.,1.));
#957 = DIRECTION('',(1.,0.,0.));
#958 = ADVANCED_FACE('',(#959),#962,.T.);
#959 = FACE_BOUND('',#960,.T.);
#960 = EDGE_LOOP('',(#961));
#961 = ORIENTED_EDGE('',*,*,#929,.T.);
#962 = PLANE('',#963);
#963 = AXIS2_PLACEMENT_3D('',#964,#965,#966);
#964 = CARTESIAN_POINT('',(3.732239183906,-8.189651437889,0.));
#965 = DIRECTION('',(0.,0.,1.));
#966 = DIRECTION('',(1.,0.,0.));
#967 = ADVANCED_FACE('',(#968),#981,.T.);
#968 = FACE_BOUND('',#969,.T.);
#969 = EDGE_LOOP('',(#970,#971,#980));
#970 = ORIENTED_EDGE('',*,*,#946,.F.);
#971 = ORIENTED_EDGE('',*,*,#972,.F.);
#972 = EDGE_CURVE('',#973,#939,#975,.T.);
#973 = VERTEX_POINT('',#974);
#974 = CARTESIAN_POINT('',(3.732239183906,-8.189651437889,-7.));
#975 = CIRCLE('',#976,0.5);
#976 = AXIS2_PLACEMENT_3D('',#977,#978,#979);
#977 = CARTESIAN_POINT('',(3.732239183906,-8.189651437889,-6.5));
#978 = DIRECTION('',(-2.449293598295E-16,-1.,0.));
#979 = DIRECTION('',(1.,-2.449293598295E-16,0.));
#980 = ORIENTED_EDGE('',*,*,#972,.T.);
#981 = SPHERICAL_SURFACE('',#982,0.5);
#982 = AXIS2_PLACEMENT_3D('',#983,#984,#985);
#983 = CARTESIAN_POINT('',(3.732239183906,-8.189651437889,-6.5));
#984 = DIRECTION('',(0.,0.,1.));
#985 = DIRECTION('',(1.,0.,0.));
#986 = MANIFOLD_SOLID_BREP('',#987);
#987 = CLOSED_SHELL('',(#988,#1021,#1030));
#988 = ADVANCED_FACE('',(#989),#1016,.T.);
#989 = FACE_BOUND('',#990,.T.);
#990 = EDGE_LOOP('',(#991,#1000,#1008,#1015));
#991 = ORIENTED_EDGE('',*,*,#992,.F.);
#992 = EDGE_CURVE('',#993,#993,#995,.T.);
#993 = VERTEX_POINT('',#994);
#994 = CARTESIAN_POINT('',(4.632239183906,-8.189651437889,2.3));
#995 = CIRCLE('',#996,0.9);
#996 = AXIS2_PLACEMENT_3D('',#997,#998,#999);
#997 = CARTESIAN_POINT('',(3.732239183906,-8.189651437889,2.3));
#998 = DIRECTION('',(0.,0.,1.));
#999 = DIRECTION('',(1.,0.,0.));
#1000 = ORIENTED_EDGE('',*,*,#1001,.F.);
#1001 = EDGE_CURVE('',#1002,#993,#1004,.T.);
#1002 = VERTEX_POINT('',#1003);
#1003 = CARTESIAN_POINT('',(4.632239183906,-8.189651437889,1.8));
#1004 = LINE('',#1005,#1006);
#1005 = CARTESIAN_POINT('',(4.632239183906,-8.189651437889,1.8));
#1006 = VECTOR('',#1007,1.);
#1007 = DIRECTION('',(0.,0.,1.));
#1008 = ORIENTED_EDGE('',*,*,#1009,.T.);
#1009 = EDGE_CURVE('',#1002,#1002,#1010,.T.);
#1010 = CIRCLE('',#1011,0.9);
#1011 = AXIS2_PLACEMENT_3D('',#1012,#1013,#1014);
#1012 = CARTESIAN_POINT('',(3.732239183906,-8.189651437889,1.8));
#1013 = DIRECTION('',(0.,0.,1.));
#1014 = DIRECTION('',(1.,0.,0.));
#1015 = ORIENTED_EDGE('',*,*,#1001,.T.);
#1016 = CYLINDRICAL_SURFACE('',#1017,0.9);
#1017 = AXIS2_PLACEMENT_3D('',#1018,#1019,#1020);
#1018 = CARTESIAN_POINT('',(3.732239183906,-8.189651437889,1.8));
#1019 = DIRECTION('',(0.,0.,1.));
#1020 = DIRECTION('',(1.,0.,0.));
#1021 = ADVANCED_FACE('',(#1022),#1025,.T.);
#1022 = FACE_BOUND('',#1023,.T.);
#1023 = EDGE_LOOP('',(#1024));
#1024 = ORIENTED_EDGE('',*,*,#992,.T.);
#1025 = PLANE('',#1026);
#1026 = AXIS2_PLACEMENT_3D('',#1027,#1028,#1029);
#1027 = CARTESIAN_POINT('',(3.732239183906,-8.189651437889,2.3));
#1028 = DIRECTION('',(0.,0.,1.));
#1029 = DIRECTION('',(1.,0.,0.));
#1030 = ADVANCED_FACE('',(#1031),#1034,.F.);
#1031 = FACE_BOUND('',#1032,.T.);
#1032 = EDGE_LOOP('',(#1033));
#1033 = ORIENTED_EDGE('',*,*,#1009,.F.);
#1034 = PLANE('',#1035);
#1035 = AXIS2_PLACEMENT_3D('',#1036,#1037,#1038);
#1036 = CARTESIAN_POINT('',(3.732239183906,-8.189651437889,1.8));
#1037 = DIRECTION('',(0.,0.,1.));
#1038 = DIRECTION('',(1.,0.,0.));
#1039 = MANIFOLD_SOLID_BREP('',#1040);
#1040 = CLOSED_SHELL('',(#1041,#1074,#1083));
#1041 = ADVANCED_FACE('',(#1042),#1069,.T.);
#1042 = FACE_BOUND('',#1043,.T.);
#1043 = EDGE_LOOP('',(#1044,#1053,#1061,#1068));
#1044 = ORIENTED_EDGE('',*,*,#1045,.F.);
#1045 = EDGE_CURVE('',#1046,#1046,#1048,.T.);
#1046 = VERTEX_POINT('',#1047);
#1047 = CARTESIAN_POINT('',(0.5,-9.,0.));
#1048 = CIRCLE('',#1049,0.5);
#1049 = AXIS2_PLACEMENT_3D('',#1050,#1051,#1052);
#1050 = CARTESIAN_POINT('',(1.102182119233E-15,-9.,0.));
#1051 = DIRECTION('',(0.,0.,1.));
#1052 = DIRECTION('',(1.,0.,0.));
#1053 = ORIENTED_EDGE('',*,*,#1054,.F.);
#1054 = EDGE_CURVE('',#1055,#1046,#1057,.T.);
#1055 = VERTEX_POINT('',#1056);
#1056 = CARTESIAN_POINT('',(0.5,-9.,-6.5));
#1057 = LINE('',#1058,#1059);
#1058 = CARTESIAN_POINT('',(0.5,-9.,-6.5));
#1059 = VECTOR('',#1060,1.);
#1060 = DIRECTION('',(0.,0.,1.));
#1061 = ORIENTED_EDGE('',*,*,#1062,.T.);
#1062 = EDGE_CURVE('',#1055,#1055,#1063,.T.);
#1063 = CIRCLE('',#1064,0.5);
#1064 = AXIS2_PLACEMENT_3D('',#1065,#1066,#1067);
#1065 = CARTESIAN_POINT('',(1.102182119233E-15,-9.,-6.5));
#1066 = DIRECTION('',(0.,0.,1.));
#1067 = DIRECTION('',(1.,0.,0.));
#1068 = ORIENTED_EDGE('',*,*,#1054,.T.);
#1069 = CYLINDRICAL_SURFACE('',#1070,0.5);
#1070 = AXIS2_PLACEMENT_3D('',#1071,#1072,#1073);
#1071 = CARTESIAN_POINT('',(1.102182119233E-15,-9.,-6.5));
#1072 = DIRECTION('',(0.,0.,1.));
#1073 = DIRECTION('',(1.,0.,0.));
#1074 = ADVANCED_FACE('',(#1075),#1078,.T.);
#1075 = FACE_BOUND('',#1076,.T.);
#1076 = EDGE_LOOP('',(#1077));
#1077 = ORIENTED_EDGE('',*,*,#1045,.T.);
#1078 = PLANE('',#1079);
#1079 = AXIS2_PLACEMENT_3D('',#1080,#1081,#1082);
#1080 = CARTESIAN_POINT('',(1.102182119233E-15,-9.,0.));
#1081 = DIRECTION('',(0.,0.,1.));
#1082 = DIRECTION('',(1.,0.,0.));
#1083 = ADVANCED_FACE('',(#1084),#1097,.T.);
#1084 = FACE_BOUND('',#1085,.T.);
#1085 = EDGE_LOOP('',(#1086,#1087,#1096));
#1086 = ORIENTED_EDGE('',*,*,#1062,.F.);
#1087 = ORIENTED_EDGE('',*,*,#1088,.F.);
#1088 = EDGE_CURVE('',#1089,#1055,#1091,.T.);
#1089 = VERTEX_POINT('',#1090);
#1090 = CARTESIAN_POINT('',(1.132798289211E-15,-9.,-7.));
#1091 = CIRCLE('',#1092,0.5);
#1092 = AXIS2_PLACEMENT_3D('',#1093,#1094,#1095);
#1093 = CARTESIAN_POINT('',(1.102182119233E-15,-9.,-6.5));
#1094 = DIRECTION('',(-2.449293598295E-16,-1.,0.));
#1095 = DIRECTION('',(1.,-2.449293598295E-16,0.));
#1096 = ORIENTED_EDGE('',*,*,#1088,.T.);
#1097 = SPHERICAL_SURFACE('',#1098,0.5);
#1098 = AXIS2_PLACEMENT_3D('',#1099,#1100,#1101);
#1099 = CARTESIAN_POINT('',(1.102182119233E-15,-9.,-6.5));
#1100 = DIRECTION('',(0.,0.,1.));
#1101 = DIRECTION('',(1.,0.,0.));
#1102 = MANIFOLD_SOLID_BREP('',#1103);
#1103 = CLOSED_SHELL('',(#1104,#1137,#1146));
#1104 = ADVANCED_FACE('',(#1105),#1132,.T.);
#1105 = FACE_BOUND('',#1106,.T.);
#1106 = EDGE_LOOP('',(#1107,#1116,#1124,#1131));
#1107 = ORIENTED_EDGE('',*,*,#1108,.F.);
#1108 = EDGE_CURVE('',#1109,#1109,#1111,.T.);
#1109 = VERTEX_POINT('',#1110);
#1110 = CARTESIAN_POINT('',(0.9,-9.,2.3));
#1111 = CIRCLE('',#1112,0.9);
#1112 = AXIS2_PLACEMENT_3D('',#1113,#1114,#1115);
#1113 = CARTESIAN_POINT('',(1.102182119233E-15,-9.,2.3));
#1114 = DIRECTION('',(0.,0.,1.));
#1115 = DIRECTION('',(1.,0.,0.));
#1116 = ORIENTED_EDGE('',*,*,#1117,.F.);
#1117 = EDGE_CURVE('',#1118,#1109,#1120,.T.);
#1118 = VERTEX_POINT('',#1119);
#1119 = CARTESIAN_POINT('',(0.9,-9.,1.8));
#1120 = LINE('',#1121,#1122);
#1121 = CARTESIAN_POINT('',(0.9,-9.,1.8));
#1122 = VECTOR('',#1123,1.);
#1123 = DIRECTION('',(0.,0.,1.));
#1124 = ORIENTED_EDGE('',*,*,#1125,.T.);
#1125 = EDGE_CURVE('',#1118,#1118,#1126,.T.);
#1126 = CIRCLE('',#1127,0.9);
#1127 = AXIS2_PLACEMENT_3D('',#1128,#1129,#1130);
#1128 = CARTESIAN_POINT('',(1.102182119233E-15,-9.,1.8));
#1129 = DIRECTION('',(0.,0.,1.));
#1130 = DIRECTION('',(1.,0.,0.));
#1131 = ORIENTED_EDGE('',*,*,#1117,.T.);
#1132 = CYLINDRICAL_SURFACE('',#1133,0.9);
#1133 = AXIS2_PLACEMENT_3D('',#1134,#1135,#1136);
#1134 = CARTESIAN_POINT('',(1.102182119233E-15,-9.,1.8));
#1135 = DIRECTION('',(0.,0.,1.));
#1136 = DIRECTION('',(1.,0.,0.));
#1137 = ADVANCED_FACE('',(#1138),#1141,.T.);
#1138 = FACE_BOUND('',#1139,.T.);
#1139 = EDGE_LOOP('',(#1140));
#1140 = ORIENTED_EDGE('',*,*,#1108,.T.);
#1141 = PLANE('',#1142);
#1142 = AXIS2_PLACEMENT_3D('',#1143,#1144,#1145);
#1143 = CARTESIAN_POINT('',(1.102182119233E-15,-9.,2.3));
#1144 = DIRECTION('',(0.,0.,1.));
#1145 = DIRECTION('',(1.,0.,0.));
#1146 = ADVANCED_FACE('',(#1147),#1150,.F.);
#1147 = FACE_BOUND('',#1148,.T.);
#1148 = EDGE_LOOP('',(#1149));
#1149 = ORIENTED_EDGE('',*,*,#1125,.F.);
#1150 = PLANE('',#1151);
#1151 = AXIS2_PLACEMENT_3D('',#1152,#1153,#1154);
#1152 = CARTESIAN_POINT('',(1.102182119233E-15,-9.,1.8));
#1153 = DIRECTION('',(0.,0.,1.));
#1154 = DIRECTION('',(1.,0.,0.));
#1155 = MANIFOLD_SOLID_BREP('',#1156);
#1156 = CLOSED_SHELL('',(#1157,#1190,#1199));
#1157 = ADVANCED_FACE('',(#1158),#1185,.T.);
#1158 = FACE_BOUND('',#1159,.T.);
#1159 = EDGE_LOOP('',(#1160,#1169,#1177,#1184));
#1160 = ORIENTED_EDGE('',*,*,#1161,.F.);
#1161 = EDGE_CURVE('',#1162,#1162,#1164,.T.);
#1162 = VERTEX_POINT('',#1163);
#1163 = CARTESIAN_POINT('',(-3.232239183906,-8.189651437889,0.));
#1164 = CIRCLE('',#1165,0.5);
#1165 = AXIS2_PLACEMENT_3D('',#1166,#1167,#1168);
#1166 = CARTESIAN_POINT('',(-3.732239183906,-8.189651437889,0.));
#1167 = DIRECTION('',(0.,0.,1.));
#1168 = DIRECTION('',(1.,0.,0.));
#1169 = ORIENTED_EDGE('',*,*,#1170,.F.);
#1170 = EDGE_CURVE('',#1171,#1162,#1173,.T.);
#1171 = VERTEX_POINT('',#1172);
#1172 = CARTESIAN_POINT('',(-3.232239183906,-8.189651437889,-6.5));
#1173 = LINE('',#1174,#1175);
#1174 = CARTESIAN_POINT('',(-3.232239183906,-8.189651437889,-6.5));
#1175 = VECTOR('',#1176,1.);
#1176 = DIRECTION('',(0.,0.,1.));
#1177 = ORIENTED_EDGE('',*,*,#1178,.T.);
#1178 = EDGE_CURVE('',#1171,#1171,#1179,.T.);
#1179 = CIRCLE('',#1180,0.5);
#1180 = AXIS2_PLACEMENT_3D('',#1181,#1182,#1183);
#1181 = CARTESIAN_POINT('',(-3.732239183906,-8.189651437889,-6.5));
#1182 = DIRECTION('',(0.,0.,1.));
#1183 = DIRECTION('',(1.,0.,0.));
#1184 = ORIENTED_EDGE('',*,*,#1170,.T.);
#1185 = CYLINDRICAL_SURFACE('',#1186,0.5);
#1186 = AXIS2_PLACEMENT_3D('',#1187,#1188,#1189);
#1187 = CARTESIAN_POINT('',(-3.732239183906,-8.189651437889,-6.5));
#1188 = DIRECTION('',(0.,0.,1.));
#1189 = DIRECTION('',(1.,0.,0.));
#1190 = ADVANCED_FACE('',(#1191),#1194,.T.);
#1191 = FACE_BOUND('',#1192,.T.);
#1192 = EDGE_LOOP('',(#1193));
#1193 = ORIENTED_EDGE('',*,*,#1161,.T.);
#1194 = PLANE('',#1195);
#1195 = AXIS2_PLACEMENT_3D('',#1196,#1197,#1198);
#1196 = CARTESIAN_POINT('',(-3.732239183906,-8.189651437889,0.));
#1197 = DIRECTION('',(0.,0.,1.));
#1198 = DIRECTION('',(1.,0.,0.));
#1199 = ADVANCED_FACE('',(#1200),#1213,.T.);
#1200 = FACE_BOUND('',#1201,.T.);
#1201 = EDGE_LOOP('',(#1202,#1203,#1212));
#1202 = ORIENTED_EDGE('',*,*,#1178,.F.);
#1203 = ORIENTED_EDGE('',*,*,#1204,.F.);
#1204 = EDGE_CURVE('',#1205,#1171,#1207,.T.);
#1205 = VERTEX_POINT('',#1206);
#1206 = CARTESIAN_POINT('',(-3.732239183906,-8.189651437889,-7.));
#1207 = CIRCLE('',#1208,0.5);
#1208 = AXIS2_PLACEMENT_3D('',#1209,#1210,#1211);
#1209 = CARTESIAN_POINT('',(-3.732239183906,-8.189651437889,-6.5));
#1210 = DIRECTION('',(-2.449293598295E-16,-1.,0.));
#1211 = DIRECTION('',(1.,-2.449293598295E-16,0.));
#1212 = ORIENTED_EDGE('',*,*,#1204,.T.);
#1213 = SPHERICAL_SURFACE('',#1214,0.5);
#1214 = AXIS2_PLACEMENT_3D('',#1215,#1216,#1217);
#1215 = CARTESIAN_POINT('',(-3.732239183906,-8.189651437889,-6.5));
#1216 = DIRECTION('',(0.,0.,1.));
#1217 = DIRECTION('',(1.,0.,0.));
#1218 = MANIFOLD_SOLID_BREP('',#1219);
#1219 = CLOSED_SHELL('',(#1220,#1253,#1262));
#1220 = ADVANCED_FACE('',(#1221),#1248,.T.);
#1221 = FACE_BOUND('',#1222,.T.);
#1222 = EDGE_LOOP('',(#1223,#1232,#1240,#1247));
#1223 = ORIENTED_EDGE('',*,*,#1224,.F.);
#1224 = EDGE_CURVE('',#1225,#1225,#1227,.T.);
#1225 = VERTEX_POINT('',#1226);
#1226 = CARTESIAN_POINT('',(-2.832239183906,-8.189651437889,2.3));
#1227 = CIRCLE('',#1228,0.9);
#1228 = AXIS2_PLACEMENT_3D('',#1229,#1230,#1231);
#1229 = CARTESIAN_POINT('',(-3.732239183906,-8.189651437889,2.3));
#1230 = DIRECTION('',(0.,0.,1.));
#1231 = DIRECTION('',(1.,0.,0.));
#1232 = ORIENTED_EDGE('',*,*,#1233,.F.);
#1233 = EDGE_CURVE('',#1234,#1225,#1236,.T.);
#1234 = VERTEX_POINT('',#1235);
#1235 = CARTESIAN_POINT('',(-2.832239183906,-8.189651437889,1.8));
#1236 = LINE('',#1237,#1238);
#1237 = CARTESIAN_POINT('',(-2.832239183906,-8.189651437889,1.8));
#1238 = VECTOR('',#1239,1.);
#1239 = DIRECTION('',(0.,0.,1.));
#1240 = ORIENTED_EDGE('',*,*,#1241,.T.);
#1241 = EDGE_CURVE('',#1234,#1234,#1242,.T.);
#1242 = CIRCLE('',#1243,0.9);
#1243 = AXIS2_PLACEMENT_3D('',#1244,#1245,#1246);
#1244 = CARTESIAN_POINT('',(-3.732239183906,-8.189651437889,1.8));
#1245 = DIRECTION('',(0.,0.,1.));
#1246 = DIRECTION('',(1.,0.,0.));
#1247 = ORIENTED_EDGE('',*,*,#1233,.T.);
#1248 = CYLINDRICAL_SURFACE('',#1249,0.9);
#1249 = AXIS2_PLACEMENT_3D('',#1250,#1251,#1252);
#1250 = CARTESIAN_POINT('',(-3.732239183906,-8.189651437889,1.8));
#1251 = DIRECTION('',(0.,0.,1.));
#1252 = DIRECTION('',(1.,0.,0.));
#1253 = ADVANCED_FACE('',(#1254),#1257,.T.);
#1254 = FACE_BOUND('',#1255,.T.);
#1255 = EDGE_LOOP('',(#1256));
#1256 = ORIENTED_EDGE('',*,*,#1224,.T.);
#1257 = PLANE('',#1258);
#1258 = AXIS2_PLACEMENT_3D('',#1259,#1260,#1261);
#1259 = CARTESIAN_POINT('',(-3.732239183906,-8.189651437889,2.3));
#1260 = DIRECTION('',(0.,0.,1.));
#1261 = DIRECTION('',(1.,0.,0.));
#1262 = ADVANCED_FACE('',(#1263),#1266,.F.);
#1263 = FACE_BOUND('',#1264,.T.);
#1264 = EDGE_LOOP('',(#1265));
#1265 = ORIENTED_EDGE('',*,*,#1241,.F.);
#1266 = PLANE('',#1267);
#1267 = AXIS2_PLACEMENT_3D('',#1268,#1269,#1270);
#1268 = CARTESIAN_POINT('',(-3.732239183906,-8.189651437889,1.8));
#1269 = DIRECTION('',(0.,0.,1.));
#1270 = DIRECTION('',(1.,0.,0.));
#1271 = MANIFOLD_SOLID_BREP('',#1272);
#1272 = CLOSED_SHELL('',(#1273,#1306,#1315));
#1273 = ADVANCED_FACE('',(#1274),#1301,.T.);
#1274 = FACE_BOUND('',#1275,.T.);
#1275 = EDGE_LOOP('',(#1276,#1285,#1293,#1300));
#1276 = ORIENTED_EDGE('',*,*,#1277,.F.);
#1277 = EDGE_CURVE('',#1278,#1278,#1280,.T.);
#1278 = VERTEX_POINT('',#1279);
#1279 = CARTESIAN_POINT('',(-6.292386222005,-5.904531260915,0.));
#1280 = CIRCLE('',#1281,0.5);
#1281 = AXIS2_PLACEMENT_3D('',#1282,#1283,#1284);
#1282 = CARTESIAN_POINT('',(-6.792386222005,-5.904531260915,0.));
#1283 = DIRECTION('',(0.,0.,1.));
#1284 = DIRECTION('',(1.,0.,0.));
#1285 = ORIENTED_EDGE('',*,*,#1286,.F.);
#1286 = EDGE_CURVE('',#1287,#1278,#1289,.T.);
#1287 = VERTEX_POINT('',#1288);
#1288 = CARTESIAN_POINT('',(-6.292386222005,-5.904531260915,-6.5));
#1289 = LINE('',#1290,#1291);
#1290 = CARTESIAN_POINT('',(-6.292386222005,-5.904531260915,-6.5));
#1291 = VECTOR('',#1292,1.);
#1292 = DIRECTION('',(0.,0.,1.));
#1293 = ORIENTED_EDGE('',*,*,#1294,.T.);
#1294 = EDGE_CURVE('',#1287,#1287,#1295,.T.);
#1295 = CIRCLE('',#1296,0.5);
#1296 = AXIS2_PLACEMENT_3D('',#1297,#1298,#1299);
#1297 = CARTESIAN_POINT('',(-6.792386222005,-5.904531260915,-6.5));
#1298 = DIRECTION('',(0.,0.,1.));
#1299 = DIRECTION('',(1.,0.,0.));
#1300 = ORIENTED_EDGE('',*,*,#1286,.T.);
#1301 = CYLINDRICAL_SURFACE('',#1302,0.5);
#1302 = AXIS2_PLACEMENT_3D('',#1303,#1304,#1305);
#1303 = CARTESIAN_POINT('',(-6.792386222005,-5.904531260915,-6.5));
#1304 = DIRECTION('',(0.,0.,1.));
#1305 = DIRECTION('',(1.,0.,0.));
#1306 = ADVANCED_FACE('',(#1307),#1310,.T.);
#1307 = FACE_BOUND('',#1308,.T.);
#1308 = EDGE_LOOP('',(#1309));
#1309 = ORIENTED_EDGE('',*,*,#1277,.T.);
#1310 = PLANE('',#1311);
#1311 = AXIS2_PLACEMENT_3D('',#1312,#1313,#1314);
#1312 = CARTESIAN_POINT('',(-6.792386222005,-5.904531260915,0.));
#1313 = DIRECTION('',(0.,0.,1.));
#1314 = DIRECTION('',(1.,0.,0.));
#1315 = ADVANCED_FACE('',(#1316),#1329,.T.);
#1316 = FACE_BOUND('',#1317,.T.);
#1317 = EDGE_LOOP('',(#1318,#1319,#1328));
#1318 = ORIENTED_EDGE('',*,*,#1294,.F.);
#1319 = ORIENTED_EDGE('',*,*,#1320,.F.);
#1320 = EDGE_CURVE('',#1321,#1287,#1323,.T.);
#1321 = VERTEX_POINT('',#1322);
#1322 = CARTESIAN_POINT('',(-6.792386222005,-5.904531260915,-7.));
#1323 = CIRCLE('',#1324,0.5);
#1324 = AXIS2_PLACEMENT_3D('',#1325,#1326,#1327);
#1325 = CARTESIAN_POINT('',(-6.792386222005,-5.904531260915,-6.5));
#1326 = DIRECTION('',(-2.449293598295E-16,-1.,0.));
#1327 = DIRECTION('',(1.,-2.449293598295E-16,0.));
#1328 = ORIENTED_EDGE('',*,*,#1320,.T.);
#1329 = SPHERICAL_SURFACE('',#1330,0.5);
#1330 = AXIS2_PLACEMENT_3D('',#1331,#1332,#1333);
#1331 = CARTESIAN_POINT('',(-6.792386222005,-5.904531260915,-6.5));
#1332 = DIRECTION('',(0.,0.,1.));
#1333 = DIRECTION('',(1.,0.,0.));
#1334 = MANIFOLD_SOLID_BREP('',#1335);
#1335 = CLOSED_SHELL('',(#1336,#1369,#1378));
#1336 = ADVANCED_FACE('',(#1337),#1364,.T.);
#1337 = FACE_BOUND('',#1338,.T.);
#1338 = EDGE_LOOP('',(#1339,#1348,#1356,#1363));
#1339 = ORIENTED_EDGE('',*,*,#1340,.F.);
#1340 = EDGE_CURVE('',#1341,#1341,#1343,.T.);
#1341 = VERTEX_POINT('',#1342);
#1342 = CARTESIAN_POINT('',(-5.892386222005,-5.904531260915,2.3));
#1343 = CIRCLE('',#1344,0.9);
#1344 = AXIS2_PLACEMENT_3D('',#1345,#1346,#1347);
#1345 = CARTESIAN_POINT('',(-6.792386222005,-5.904531260915,2.3));
#1346 = DIRECTION('',(0.,0.,1.));
#1347 = DIRECTION('',(1.,0.,0.));
#1348 = ORIENTED_EDGE('',*,*,#1349,.F.);
#1349 = EDGE_CURVE('',#1350,#1341,#1352,.T.);
#1350 = VERTEX_POINT('',#1351);
#1351 = CARTESIAN_POINT('',(-5.892386222005,-5.904531260915,1.8));
#1352 = LINE('',#1353,#1354);
#1353 = CARTESIAN_POINT('',(-5.892386222005,-5.904531260915,1.8));
#1354 = VECTOR('',#1355,1.);
#1355 = DIRECTION('',(0.,0.,1.));
#1356 = ORIENTED_EDGE('',*,*,#1357,.T.);
#1357 = EDGE_CURVE('',#1350,#1350,#1358,.T.);
#1358 = CIRCLE('',#1359,0.9);
#1359 = AXIS2_PLACEMENT_3D('',#1360,#1361,#1362);
#1360 = CARTESIAN_POINT('',(-6.792386222005,-5.904531260915,1.8));
#1361 = DIRECTION('',(0.,0.,1.));
#1362 = DIRECTION('',(1.,0.,0.));
#1363 = ORIENTED_EDGE('',*,*,#1349,.T.);
#1364 = CYLINDRICAL_SURFACE('',#1365,0.9);
#1365 = AXIS2_PLACEMENT_3D('',#1366,#1367,#1368);
#1366 = CARTESIAN_POINT('',(-6.792386222005,-5.904531260915,1.8));
#1367 = DIRECTION('',(0.,0.,1.));
#1368 = DIRECTION('',(1.,0.,0.));
#1369 = ADVANCED_FACE('',(#1370),#1373,.T.);
#1370 = FACE_BOUND('',#1371,.T.);
#1371 = EDGE_LOOP('',(#1372));
#1372 = ORIENTED_EDGE('',*,*,#1340,.T.);
#1373 = PLANE('',#1374);
#1374 = AXIS2_PLACEMENT_3D('',#1375,#1376,#1377);
#1375 = CARTESIAN_POINT('',(-6.792386222005,-5.904531260915,2.3));
#1376 = DIRECTION('',(0.,0.,1.));
#1377 = DIRECTION('',(1.,0.,0.));
#1378 = ADVANCED_FACE('',(#1379),#1382,.F.);
#1379 = FACE_BOUND('',#1380,.T.);
#1380 = EDGE_LOOP('',(#1381));
#1381 = ORIENTED_EDGE('',*,*,#1357,.F.);
#1382 = PLANE('',#1383);
#1383 = AXIS2_PLACEMENT_3D('',#1384,#1385,#1386);
#1384 = CARTESIAN_POINT('',(-6.792386222005,-5.904531260915,1.8));
#1385 = DIRECTION('',(0.,0.,1.));
#1386 = DIRECTION('',(1.,0.,0.));
#1387 = MANIFOLD_SOLID_BREP('',#1388);
#1388 = CLOSED_SHELL('',(#1389,#1422,#1431));
#1389 = ADVANCED_FACE('',(#1390),#1417,.T.);
#1390 = FACE_BOUND('',#1391,.T.);
#1391 = EDGE_LOOP('',(#1392,#1401,#1409,#1416));
#1392 = ORIENTED_EDGE('',*,*,#1393,.F.);
#1393 = EDGE_CURVE('',#1394,#1394,#1396,.T.);
#1394 = VERTEX_POINT('',#1395);
#1395 = CARTESIAN_POINT('',(-8.129377613814,-2.556138102335,0.));
#1396 = CIRCLE('',#1397,0.5);
#1397 = AXIS2_PLACEMENT_3D('',#1398,#1399,#1400);
#1398 = CARTESIAN_POINT('',(-8.629377613814,-2.556138102335,0.));
#1399 = DIRECTION('',(0.,0.,1.));
#1400 = DIRECTION('',(1.,0.,0.));
#1401 = ORIENTED_EDGE('',*,*,#1402,.F.);
#1402 = EDGE_CURVE('',#1403,#1394,#1405,.T.);
#1403 = VERTEX_POINT('',#1404);
#1404 = CARTESIAN_POINT('',(-8.129377613814,-2.556138102335,-6.5));
#1405 = LINE('',#1406,#1407);
#1406 = CARTESIAN_POINT('',(-8.129377613814,-2.556138102335,-6.5));
#1407 = VECTOR('',#1408,1.);
#1408 = DIRECTION('',(0.,0.,1.));
#1409 = ORIENTED_EDGE('',*,*,#1410,.T.);
#1410 = EDGE_CURVE('',#1403,#1403,#1411,.T.);
#1411 = CIRCLE('',#1412,0.5);
#1412 = AXIS2_PLACEMENT_3D('',#1413,#1414,#1415);
#1413 = CARTESIAN_POINT('',(-8.629377613814,-2.556138102335,-6.5));
#1414 = DIRECTION('',(0.,0.,1.));
#1415 = DIRECTION('',(1.,0.,0.));
#1416 = ORIENTED_EDGE('',*,*,#1402,.T.);
#1417 = CYLINDRICAL_SURFACE('',#1418,0.5);
#1418 = AXIS2_PLACEMENT_3D('',#1419,#1420,#1421);
#1419 = CARTESIAN_POINT('',(-8.629377613814,-2.556138102335,-6.5));
#1420 = DIRECTION('',(0.,0.,1.));
#1421 = DIRECTION('',(1.,0.,0.));
#1422 = ADVANCED_FACE('',(#1423),#1426,.T.);
#1423 = FACE_BOUND('',#1424,.T.);
#1424 = EDGE_LOOP('',(#1425));
#1425 = ORIENTED_EDGE('',*,*,#1393,.T.);
#1426 = PLANE('',#1427);
#1427 = AXIS2_PLACEMENT_3D('',#1428,#1429,#1430);
#1428 = CARTESIAN_POINT('',(-8.629377613814,-2.556138102335,0.));
#1429 = DIRECTION('',(0.,0.,1.));
#1430 = DIRECTION('',(1.,0.,0.));
#1431 = ADVANCED_FACE('',(#1432),#1445,.T.);
#1432 = FACE_BOUND('',#1433,.T.);
#1433 = EDGE_LOOP('',(#1434,#1435,#1444));
#1434 = ORIENTED_EDGE('',*,*,#1410,.F.);
#1435 = ORIENTED_EDGE('',*,*,#1436,.F.);
#1436 = EDGE_CURVE('',#1437,#1403,#1439,.T.);
#1437 = VERTEX_POINT('',#1438);
#1438 = CARTESIAN_POINT('',(-8.629377613814,-2.556138102335,-7.));
#1439 = CIRCLE('',#1440,0.5);
#1440 = AXIS2_PLACEMENT_3D('',#1441,#1442,#1443);
#1441 = CARTESIAN_POINT('',(-8.629377613814,-2.556138102335,-6.5));
#1442 = DIRECTION('',(-2.449293598295E-16,-1.,0.));
#1443 = DIRECTION('',(1.,-2.449293598295E-16,0.));
#1444 = ORIENTED_EDGE('',*,*,#1436,.T.);
#1445 = SPHERICAL_SURFACE('',#1446,0.5);
#1446 = AXIS2_PLACEMENT_3D('',#1447,#1448,#1449);
#1447 = CARTESIAN_POINT('',(-8.629377613814,-2.556138102335,-6.5));
#1448 = DIRECTION('',(0.,0.,1.));
#1449 = DIRECTION('',(1.,0.,0.));
#1450 = MANIFOLD_SOLID_BREP('',#1451);
#1451 = CLOSED_SHELL('',(#1452,#1485,#1494));
#1452 = ADVANCED_FACE('',(#1453),#1480,.T.);
#1453 = FACE_BOUND('',#1454,.T.);
#1454 = EDGE_LOOP('',(#1455,#1464,#1472,#1479));
#1455 = ORIENTED_EDGE('',*,*,#1456,.F.);
#1456 = EDGE_CURVE('',#1457,#1457,#1459,.T.);
#1457 = VERTEX_POINT('',#1458);
#1458 = CARTESIAN_POINT('',(-7.729377613814,-2.556138102335,2.3));
#1459 = CIRCLE('',#1460,0.9);
#1460 = AXIS2_PLACEMENT_3D('',#1461,#1462,#1463);
#1461 = CARTESIAN_POINT('',(-8.629377613814,-2.556138102335,2.3));
#1462 = DIRECTION('',(0.,0.,1.));
#1463 = DIRECTION('',(1.,0.,0.));
#1464 = ORIENTED_EDGE('',*,*,#1465,.F.);
#1465 = EDGE_CURVE('',#1466,#1457,#1468,.T.);
#1466 = VERTEX_POINT('',#1467);
#1467 = CARTESIAN_POINT('',(-7.729377613814,-2.556138102335,1.8));
#1468 = LINE('',#1469,#1470);
#1469 = CARTESIAN_POINT('',(-7.729377613814,-2.556138102335,1.8));
#1470 = VECTOR('',#1471,1.);
#1471 = DIRECTION('',(0.,0.,1.));
#1472 = ORIENTED_EDGE('',*,*,#1473,.T.);
#1473 = EDGE_CURVE('',#1466,#1466,#1474,.T.);
#1474 = CIRCLE('',#1475,0.9);
#1475 = AXIS2_PLACEMENT_3D('',#1476,#1477,#1478);
#1476 = CARTESIAN_POINT('',(-8.629377613814,-2.556138102335,1.8));
#1477 = DIRECTION('',(0.,0.,1.));
#1478 = DIRECTION('',(1.,0.,0.));
#1479 = ORIENTED_EDGE('',*,*,#1465,.T.);
#1480 = CYLINDRICAL_SURFACE('',#1481,0.9);
#1481 = AXIS2_PLACEMENT_3D('',#1482,#1483,#1484);
#1482 = CARTESIAN_POINT('',(-8.629377613814,-2.556138102335,1.8));
#1483 = DIRECTION('',(0.,0.,1.));
#1484 = DIRECTION('',(1.,0.,0.));
#1485 = ADVANCED_FACE('',(#1486),#1489,.T.);
#1486 = FACE_BOUND('',#1487,.T.);
#1487 = EDGE_LOOP('',(#1488));
#1488 = ORIENTED_EDGE('',*,*,#1456,.T.);
#1489 = PLANE('',#1490);
#1490 = AXIS2_PLACEMENT_3D('',#1491,#1492,#1493);
#1491 = CARTESIAN_POINT('',(-8.629377613814,-2.556138102335,2.3));
#1492 = DIRECTION('',(0.,0.,1.));
#1493 = DIRECTION('',(1.,0.,0.));
#1494 = ADVANCED_FACE('',(#1495),#1498,.F.);
#1495 = FACE_BOUND('',#1496,.T.);
#1496 = EDGE_LOOP('',(#1497));
#1497 = ORIENTED_EDGE('',*,*,#1473,.F.);
#1498 = PLANE('',#1499);
#1499 = AXIS2_PLACEMENT_3D('',#1500,#1501,#1502);
#1500 = CARTESIAN_POINT('',(-8.629377613814,-2.556138102335,1.8));
#1501 = DIRECTION('',(0.,0.,1.));
#1502 = DIRECTION('',(1.,0.,0.));
#1503 = MANIFOLD_SOLID_BREP('',#1504);
#1504 = CLOSED_SHELL('',(#1505,#1538,#1547));
#1505 = ADVANCED_FACE('',(#1506),#1533,.T.);
#1506 = FACE_BOUND('',#1507,.T.);
#1507 = EDGE_LOOP('',(#1508,#1517,#1525,#1532));
#1508 = ORIENTED_EDGE('',*,*,#1509,.F.);
#1509 = EDGE_CURVE('',#1510,#1510,#1512,.T.);
#1510 = VERTEX_POINT('',#1511);
#1511 = CARTESIAN_POINT('',(-8.412412618674,1.252557908641,0.));
#1512 = CIRCLE('',#1513,0.5);
#1513 = AXIS2_PLACEMENT_3D('',#1514,#1515,#1516);
#1514 = CARTESIAN_POINT('',(-8.912412618674,1.252557908641,0.));
#1515 = DIRECTION('',(0.,0.,1.));
#1516 = DIRECTION('',(1.,0.,0.));
#1517 = ORIENTED_EDGE('',*,*,#1518,.F.);
#1518 = EDGE_CURVE('',#1519,#1510,#1521,.T.);
#1519 = VERTEX_POINT('',#1520);
#1520 = CARTESIAN_POINT('',(-8.412412618674,1.252557908641,-6.5));
#1521 = LINE('',#1522,#1523);
#1522 = CARTESIAN_POINT('',(-8.412412618674,1.252557908641,-6.5));
#1523 = VECTOR('',#1524,1.);
#1524 = DIRECTION('',(0.,0.,1.));
#1525 = ORIENTED_EDGE('',*,*,#1526,.T.);
#1526 = EDGE_CURVE('',#1519,#1519,#1527,.T.);
#1527 = CIRCLE('',#1528,0.5);
#1528 = AXIS2_PLACEMENT_3D('',#1529,#1530,#1531);
#1529 = CARTESIAN_POINT('',(-8.912412618674,1.252557908641,-6.5));
#1530 = DIRECTION('',(0.,0.,1.));
#1531 = DIRECTION('',(1.,0.,0.));
#1532 = ORIENTED_EDGE('',*,*,#1518,.T.);
#1533 = CYLINDRICAL_SURFACE('',#1534,0.5);
#1534 = AXIS2_PLACEMENT_3D('',#1535,#1536,#1537);
#1535 = CARTESIAN_POINT('',(-8.912412618674,1.252557908641,-6.5));
#1536 = DIRECTION('',(0.,0.,1.));
#1537 = DIRECTION('',(1.,0.,0.));
#1538 = ADVANCED_FACE('',(#1539),#1542,.T.);
#1539 = FACE_BOUND('',#1540,.T.);
#1540 = EDGE_LOOP('',(#1541));
#1541 = ORIENTED_EDGE('',*,*,#1509,.T.);
#1542 = PLANE('',#1543);
#1543 = AXIS2_PLACEMENT_3D('',#1544,#1545,#1546);
#1544 = CARTESIAN_POINT('',(-8.912412618674,1.252557908641,0.));
#1545 = DIRECTION('',(0.,0.,1.));
#1546 = DIRECTION('',(1.,0.,0.));
#1547 = ADVANCED_FACE('',(#1548),#1561,.T.);
#1548 = FACE_BOUND('',#1549,.T.);
#1549 = EDGE_LOOP('',(#1550,#1551,#1560));
#1550 = ORIENTED_EDGE('',*,*,#1526,.F.);
#1551 = ORIENTED_EDGE('',*,*,#1552,.F.);
#1552 = EDGE_CURVE('',#1553,#1519,#1555,.T.);
#1553 = VERTEX_POINT('',#1554);
#1554 = CARTESIAN_POINT('',(-8.912412618674,1.252557908641,-7.));
#1555 = CIRCLE('',#1556,0.5);
#1556 = AXIS2_PLACEMENT_3D('',#1557,#1558,#1559);
#1557 = CARTESIAN_POINT('',(-8.912412618674,1.252557908641,-6.5));
#1558 = DIRECTION('',(-2.449293598295E-16,-1.,0.));
#1559 = DIRECTION('',(1.,-2.449293598295E-16,0.));
#1560 = ORIENTED_EDGE('',*,*,#1552,.T.);
#1561 = SPHERICAL_SURFACE('',#1562,0.5);
#1562 = AXIS2_PLACEMENT_3D('',#1563,#1564,#1565);
#1563 = CARTESIAN_POINT('',(-8.912412618674,1.252557908641,-6.5));
#1564 = DIRECTION('',(0.,0.,1.));
#1565 = DIRECTION('',(1.,0.,0.));
#1566 = MANIFOLD_SOLID_BREP('',#1567);
#1567 = CLOSED_SHELL('',(#1568,#1601,#1610));
#1568 = ADVANCED_FACE('',(#1569),#1596,.T.);
#1569 = FACE_BOUND('',#1570,.T.);
#1570 = EDGE_LOOP('',(#1571,#1580,#1588,#1595));
#1571 = ORIENTED_EDGE('',*,*,#1572,.F.);
#1572 = EDGE_CURVE('',#1573,#1573,#1575,.T.);
#1573 = VERTEX_POINT('',#1574);
#1574 = CARTESIAN_POINT('',(-8.012412618674,1.252557908641,2.3));
#1575 = CIRCLE('',#1576,0.9);
#1576 = AXIS2_PLACEMENT_3D('',#1577,#1578,#1579);
#1577 = CARTESIAN_POINT('',(-8.912412618674,1.252557908641,2.3));
#1578 = DIRECTION('',(0.,0.,1.));
#1579 = DIRECTION('',(1.,0.,0.));
#1580 = ORIENTED_EDGE('',*,*,#1581,.F.);
#1581 = EDGE_CURVE('',#1582,#1573,#1584,.T.);
#1582 = VERTEX_POINT('',#1583);
#1583 = CARTESIAN_POINT('',(-8.012412618674,1.252557908641,1.8));
#1584 = LINE('',#1585,#1586);
#1585 = CARTESIAN_POINT('',(-8.012412618674,1.252557908641,1.8));
#1586 = VECTOR('',#1587,1.);
#1587 = DIRECTION('',(0.,0.,1.));
#1588 = ORIENTED_EDGE('',*,*,#1589,.T.);
#1589 = EDGE_CURVE('',#1582,#1582,#1590,.T.);
#1590 = CIRCLE('',#1591,0.9);
#1591 = AXIS2_PLACEMENT_3D('',#1592,#1593,#1594);
#1592 = CARTESIAN_POINT('',(-8.912412618674,1.252557908641,1.8));
#1593 = DIRECTION('',(0.,0.,1.));
#1594 = DIRECTION('',(1.,0.,0.));
#1595 = ORIENTED_EDGE('',*,*,#1581,.T.);
#1596 = CYLINDRICAL_SURFACE('',#1597,0.9);
#1597 = AXIS2_PLACEMENT_3D('',#1598,#1599,#1600);
#1598 = CARTESIAN_POINT('',(-8.912412618674,1.252557908641,1.8));
#1599 = DIRECTION('',(0.,0.,1.));
#1600 = DIRECTION('',(1.,0.,0.));
#1601 = ADVANCED_FACE('',(#1602),#1605,.T.);
#1602 = FACE_BOUND('',#1603,.T.);
#1603 = EDGE_LOOP('',(#1604));
#1604 = ORIENTED_EDGE('',*,*,#1572,.T.);
#1605 = PLANE('',#1606);
#1606 = AXIS2_PLACEMENT_3D('',#1607,#1608,#1609);
#1607 = CARTESIAN_POINT('',(-8.912412618674,1.252557908641,2.3));
#1608 = DIRECTION('',(0.,0.,1.));
#1609 = DIRECTION('',(1.,0.,0.));
#1610 = ADVANCED_FACE('',(#1611),#1614,.F.);
#1611 = FACE_BOUND('',#1612,.T.);
#1612 = EDGE_LOOP('',(#1613));
#1613 = ORIENTED_EDGE('',*,*,#1589,.F.);
#1614 = PLANE('',#1615);
#1615 = AXIS2_PLACEMENT_3D('',#1616,#1617,#1618);
#1616 = CARTESIAN_POINT('',(-8.912412618674,1.252557908641,1.8));
#1617 = DIRECTION('',(0.,0.,1.));
#1618 = DIRECTION('',(1.,0.,0.));
#1619 = MANIFOLD_SOLID_BREP('',#1620);
#1620 = CLOSED_SHELL('',(#1621,#1654,#1663));
#1621 = ADVANCED_FACE('',(#1622),#1649,.T.);
#1622 = FACE_BOUND('',#1623,.T.);
#1623 = EDGE_LOOP('',(#1624,#1633,#1641,#1648));
#1624 = ORIENTED_EDGE('',*,*,#1625,.F.);
#1625 = EDGE_CURVE('',#1626,#1626,#1628,.T.);
#1626 = VERTEX_POINT('',#1627);
#1627 = CARTESIAN_POINT('',(-7.090523012316,4.835696475121,0.));
#1628 = CIRCLE('',#1629,0.5);
#1629 = AXIS2_PLACEMENT_3D('',#1630,#1631,#1632);
#1630 = CARTESIAN_POINT('',(-7.590523012316,4.835696475121,0.));
#1631 = DIRECTION('',(0.,0.,1.));
#1632 = DIRECTION('',(1.,0.,0.));
#1633 = ORIENTED_EDGE('',*,*,#1634,.F.);
#1634 = EDGE_CURVE('',#1635,#1626,#1637,.T.);
#1635 = VERTEX_POINT('',#1636);
#1636 = CARTESIAN_POINT('',(-7.090523012316,4.835696475121,-6.5));
#1637 = LINE('',#1638,#1639);
#1638 = CARTESIAN_POINT('',(-7.090523012316,4.835696475121,-6.5));
#1639 = VECTOR('',#1640,1.);
#1640 = DIRECTION('',(0.,0.,1.));
#1641 = ORIENTED_EDGE('',*,*,#1642,.T.);
#1642 = EDGE_CURVE('',#1635,#1635,#1643,.T.);
#1643 = CIRCLE('',#1644,0.5);
#1644 = AXIS2_PLACEMENT_3D('',#1645,#1646,#1647);
#1645 = CARTESIAN_POINT('',(-7.590523012316,4.835696475121,-6.5));
#1646 = DIRECTION('',(0.,0.,1.));
#1647 = DIRECTION('',(1.,0.,0.));
#1648 = ORIENTED_EDGE('',*,*,#1634,.T.);
#1649 = CYLINDRICAL_SURFACE('',#1650,0.5);
#1650 = AXIS2_PLACEMENT_3D('',#1651,#1652,#1653);
#1651 = CARTESIAN_POINT('',(-7.590523012316,4.835696475121,-6.5));
#1652 = DIRECTION('',(0.,0.,1.));
#1653 = DIRECTION('',(1.,0.,0.));
#1654 = ADVANCED_FACE('',(#1655),#1658,.T.);
#1655 = FACE_BOUND('',#1656,.T.);
#1656 = EDGE_LOOP('',(#1657));
#1657 = ORIENTED_EDGE('',*,*,#1625,.T.);
#1658 = PLANE('',#1659);
#1659 = AXIS2_PLACEMENT_3D('',#1660,#1661,#1662);
#1660 = CARTESIAN_POINT('',(-7.590523012316,4.835696475121,0.));
#1661 = DIRECTION('',(0.,0.,1.));
#1662 = DIRECTION('',(1.,0.,0.));
#1663 = ADVANCED_FACE('',(#1664),#1677,.T.);
#1664 = FACE_BOUND('',#1665,.T.);
#1665 = EDGE_LOOP('',(#1666,#1667,#1676));
#1666 = ORIENTED_EDGE('',*,*,#1642,.F.);
#1667 = ORIENTED_EDGE('',*,*,#1668,.F.);
#1668 = EDGE_CURVE('',#1669,#1635,#1671,.T.);
#1669 = VERTEX_POINT('',#1670);
#1670 = CARTESIAN_POINT('',(-7.590523012316,4.835696475121,-7.));
#1671 = CIRCLE('',#1672,0.5);
#1672 = AXIS2_PLACEMENT_3D('',#1673,#1674,#1675);
#1673 = CARTESIAN_POINT('',(-7.590523012316,4.835696475121,-6.5));
#1674 = DIRECTION('',(-2.449293598295E-16,-1.,0.));
#1675 = DIRECTION('',(1.,-2.449293598295E-16,0.));
#1676 = ORIENTED_EDGE('',*,*,#1668,.T.);
#1677 = SPHERICAL_SURFACE('',#1678,0.5);
#1678 = AXIS2_PLACEMENT_3D('',#1679,#1680,#1681);
#1679 = CARTESIAN_POINT('',(-7.590523012316,4.835696475121,-6.5));
#1680 = DIRECTION('',(0.,0.,1.));
#1681 = DIRECTION('',(1.,0.,0.));
#1682 = MANIFOLD_SOLID_BREP('',#1683);
#1683 = CLOSED_SHELL('',(#1684,#1717,#1726));
#1684 = ADVANCED_FACE('',(#1685),#1712,.T.);
#1685 = FACE_BOUND('',#1686,.T.);
#1686 = EDGE_LOOP('',(#1687,#1696,#1704,#1711));
#1687 = ORIENTED_EDGE('',*,*,#1688,.F.);
#1688 = EDGE_CURVE('',#1689,#1689,#1691,.T.);
#1689 = VERTEX_POINT('',#1690);
#1690 = CARTESIAN_POINT('',(-6.690523012316,4.835696475121,2.3));
#1691 = CIRCLE('',#1692,0.9);
#1692 = AXIS2_PLACEMENT_3D('',#1693,#1694,#1695);
#1693 = CARTESIAN_POINT('',(-7.590523012316,4.835696475121,2.3));
#1694 = DIRECTION('',(0.,0.,1.));
#1695 = DIRECTION('',(1.,0.,0.));
#1696 = ORIENTED_EDGE('',*,*,#1697,.F.);
#1697 = EDGE_CURVE('',#1698,#1689,#1700,.T.);
#1698 = VERTEX_POINT('',#1699);
#1699 = CARTESIAN_POINT('',(-6.690523012316,4.835696475121,1.8));
#1700 = LINE('',#1701,#1702);
#1701 = CARTESIAN_POINT('',(-6.690523012316,4.835696475121,1.8));
#1702 = VECTOR('',#1703,1.);
#1703 = DIRECTION('',(0.,0.,1.));
#1704 = ORIENTED_EDGE('',*,*,#1705,.T.);
#1705 = EDGE_CURVE('',#1698,#1698,#1706,.T.);
#1706 = CIRCLE('',#1707,0.9);
#1707 = AXIS2_PLACEMENT_3D('',#1708,#1709,#1710);
#1708 = CARTESIAN_POINT('',(-7.590523012316,4.835696475121,1.8));
#1709 = DIRECTION('',(0.,0.,1.));
#1710 = DIRECTION('',(1.,0.,0.));
#1711 = ORIENTED_EDGE('',*,*,#1697,.T.);
#1712 = CYLINDRICAL_SURFACE('',#1713,0.9);
#1713 = AXIS2_PLACEMENT_3D('',#1714,#1715,#1716);
#1714 = CARTESIAN_POINT('',(-7.590523012316,4.835696475121,1.8));
#1715 = DIRECTION('',(0.,0.,1.));
#1716 = DIRECTION('',(1.,0.,0.));
#1717 = ADVANCED_FACE('',(#1718),#1721,.T.);
#1718 = FACE_BOUND('',#1719,.T.);
#1719 = EDGE_LOOP('',(#1720));
#1720 = ORIENTED_EDGE('',*,*,#1688,.T.);
#1721 = PLANE('',#1722);
#1722 = AXIS2_PLACEMENT_3D('',#1723,#1724,#1725);
#1723 = CARTESIAN_POINT('',(-7.590523012316,4.835696475121,2.3));
#1724 = DIRECTION('',(0.,0.,1.));
#1725 = DIRECTION('',(1.,0.,0.));
#1726 = ADVANCED_FACE('',(#1727),#1730,.F.);
#1727 = FACE_BOUND('',#1728,.T.);
#1728 = EDGE_LOOP('',(#1729));
#1729 = ORIENTED_EDGE('',*,*,#1705,.F.);
#1730 = PLANE('',#1731);
#1731 = AXIS2_PLACEMENT_3D('',#1732,#1733,#1734);
#1732 = CARTESIAN_POINT('',(-7.590523012316,4.835696475121,1.8));
#1733 = DIRECTION('',(0.,0.,1.));
#1734 = DIRECTION('',(1.,0.,0.));
#1735 = MANIFOLD_SOLID_BREP('',#1736);
#1736 = CLOSED_SHELL('',(#1737,#1770,#1779));
#1737 = ADVANCED_FACE('',(#1738),#1765,.T.);
#1738 = FACE_BOUND('',#1739,.T.);
#1739 = EDGE_LOOP('',(#1740,#1749,#1757,#1764));
#1740 = ORIENTED_EDGE('',*,*,#1741,.F.);
#1741 = EDGE_CURVE('',#1742,#1742,#1744,.T.);
#1742 = VERTEX_POINT('',#1743);
#1743 = CARTESIAN_POINT('',(-4.401751315135,7.548035111509,0.));
#1744 = CIRCLE('',#1745,0.5);
#1745 = AXIS2_PLACEMENT_3D('',#1746,#1747,#1748);
#1746 = CARTESIAN_POINT('',(-4.901751315135,7.548035111509,0.));
#1747 = DIRECTION('',(0.,0.,1.));
#1748 = DIRECTION('',(1.,0.,0.));
#1749 = ORIENTED_EDGE('',*,*,#1750,.F.);
#1750 = EDGE_CURVE('',#1751,#1742,#1753,.T.);
#1751 = VERTEX_POINT('',#1752);
#1752 = CARTESIAN_POINT('',(-4.401751315135,7.548035111509,-6.5));
#1753 = LINE('',#1754,#1755);
#1754 = CARTESIAN_POINT('',(-4.401751315135,7.548035111509,-6.5));
#1755 = VECTOR('',#1756,1.);
#1756 = DIRECTION('',(0.,0.,1.));
#1757 = ORIENTED_EDGE('',*,*,#1758,.T.);
#1758 = EDGE_CURVE('',#1751,#1751,#1759,.T.);
#1759 = CIRCLE('',#1760,0.5);
#1760 = AXIS2_PLACEMENT_3D('',#1761,#1762,#1763);
#1761 = CARTESIAN_POINT('',(-4.901751315135,7.548035111509,-6.5));
#1762 = DIRECTION('',(0.,0.,1.));
#1763 = DIRECTION('',(1.,0.,0.));
#1764 = ORIENTED_EDGE('',*,*,#1750,.T.);
#1765 = CYLINDRICAL_SURFACE('',#1766,0.5);
#1766 = AXIS2_PLACEMENT_3D('',#1767,#1768,#1769);
#1767 = CARTESIAN_POINT('',(-4.901751315135,7.548035111509,-6.5));
#1768 = DIRECTION('',(0.,0.,1.));
#1769 = DIRECTION('',(1.,0.,0.));
#1770 = ADVANCED_FACE('',(#1771),#1774,.T.);
#1771 = FACE_BOUND('',#1772,.T.);
#1772 = EDGE_LOOP('',(#1773));
#1773 = ORIENTED_EDGE('',*,*,#1741,.T.);
#1774 = PLANE('',#1775);
#1775 = AXIS2_PLACEMENT_3D('',#1776,#1777,#1778);
#1776 = CARTESIAN_POINT('',(-4.901751315135,7.548035111509,0.));
#1777 = DIRECTION('',(0.,0.,1.));
#1778 = DIRECTION('',(1.,0.,0.));
#1779 = ADVANCED_FACE('',(#1780),#1793,.T.);
#1780 = FACE_BOUND('',#1781,.T.);
#1781 = EDGE_LOOP('',(#1782,#1783,#1792));
#1782 = ORIENTED_EDGE('',*,*,#1758,.F.);
#1783 = ORIENTED_EDGE('',*,*,#1784,.F.);
#1784 = EDGE_CURVE('',#1785,#1751,#1787,.T.);
#1785 = VERTEX_POINT('',#1786);
#1786 = CARTESIAN_POINT('',(-4.901751315135,7.548035111509,-7.));
#1787 = CIRCLE('',#1788,0.5);
#1788 = AXIS2_PLACEMENT_3D('',#1789,#1790,#1791);
#1789 = CARTESIAN_POINT('',(-4.901751315135,7.548035111509,-6.5));
#1790 = DIRECTION('',(-2.449293598295E-16,-1.,0.));
#1791 = DIRECTION('',(1.,-2.449293598295E-16,0.));
#1792 = ORIENTED_EDGE('',*,*,#1784,.T.);
#1793 = SPHERICAL_SURFACE('',#1794,0.5);
#1794 = AXIS2_PLACEMENT_3D('',#1795,#1796,#1797);
#1795 = CARTESIAN_POINT('',(-4.901751315135,7.548035111509,-6.5));
#1796 = DIRECTION('',(0.,0.,1.));
#1797 = DIRECTION('',(1.,0.,0.));
#1798 = MANIFOLD_SOLID_BREP('',#1799);
#1799 = CLOSED_SHELL('',(#1800,#1833,#1842));
#1800 = ADVANCED_FACE('',(#1801),#1828,.T.);
#1801 = FACE_BOUND('',#1802,.T.);
#1802 = EDGE_LOOP('',(#1803,#1812,#1820,#1827));
#1803 = ORIENTED_EDGE('',*,*,#1804,.F.);
#1804 = EDGE_CURVE('',#1805,#1805,#1807,.T.);
#1805 = VERTEX_POINT('',#1806);
#1806 = CARTESIAN_POINT('',(-4.001751315135,7.548035111509,2.3));
#1807 = CIRCLE('',#1808,0.9);
#1808 = AXIS2_PLACEMENT_3D('',#1809,#1810,#1811);
#1809 = CARTESIAN_POINT('',(-4.901751315135,7.548035111509,2.3));
#1810 = DIRECTION('',(0.,0.,1.));
#1811 = DIRECTION('',(1.,0.,0.));
#1812 = ORIENTED_EDGE('',*,*,#1813,.F.);
#1813 = EDGE_CURVE('',#1814,#1805,#1816,.T.);
#1814 = VERTEX_POINT('',#1815);
#1815 = CARTESIAN_POINT('',(-4.001751315135,7.548035111509,1.8));
#1816 = LINE('',#1817,#1818);
#1817 = CARTESIAN_POINT('',(-4.001751315135,7.548035111509,1.8));
#1818 = VECTOR('',#1819,1.);
#1819 = DIRECTION('',(0.,0.,1.));
#1820 = ORIENTED_EDGE('',*,*,#1821,.T.);
#1821 = EDGE_CURVE('',#1814,#1814,#1822,.T.);
#1822 = CIRCLE('',#1823,0.9);
#1823 = AXIS2_PLACEMENT_3D('',#1824,#1825,#1826);
#1824 = CARTESIAN_POINT('',(-4.901751315135,7.548035111509,1.8));
#1825 = DIRECTION('',(0.,0.,1.));
#1826 = DIRECTION('',(1.,0.,0.));
#1827 = ORIENTED_EDGE('',*,*,#1813,.T.);
#1828 = CYLINDRICAL_SURFACE('',#1829,0.9);
#1829 = AXIS2_PLACEMENT_3D('',#1830,#1831,#1832);
#1830 = CARTESIAN_POINT('',(-4.901751315135,7.548035111509,1.8));
#1831 = DIRECTION('',(0.,0.,1.));
#1832 = DIRECTION('',(1.,0.,0.));
#1833 = ADVANCED_FACE('',(#1834),#1837,.T.);
#1834 = FACE_BOUND('',#1835,.T.);
#1835 = EDGE_LOOP('',(#1836));
#1836 = ORIENTED_EDGE('',*,*,#1804,.T.);
#1837 = PLANE('',#1838);
#1838 = AXIS2_PLACEMENT_3D('',#1839,#1840,#1841);
#1839 = CARTESIAN_POINT('',(-4.901751315135,7.548035111509,2.3));
#1840 = DIRECTION('',(0.,0.,1.));
#1841 = DIRECTION('',(1.,0.,0.));
#1842 = ADVANCED_FACE('',(#1843),#1846,.F.);
#1843 = FACE_BOUND('',#1844,.T.);
#1844 = EDGE_LOOP('',(#1845));
#1845 = ORIENTED_EDGE('',*,*,#1821,.F.);
#1846 = PLANE('',#1847);
#1847 = AXIS2_PLACEMENT_3D('',#1848,#1849,#1850);
#1848 = CARTESIAN_POINT('',(-4.901751315135,7.548035111509,1.8));
#1849 = DIRECTION('',(0.,0.,1.));
#1850 = DIRECTION('',(1.,0.,0.));
#1851 = MANIFOLD_SOLID_BREP('',#1852);
#1852 = CLOSED_SHELL('',(#1853,#1886,#1895));
#1853 = ADVANCED_FACE('',(#1854),#1881,.T.);
#1854 = FACE_BOUND('',#1855,.T.);
#1855 = EDGE_LOOP('',(#1856,#1865,#1873,#1880));
#1856 = ORIENTED_EDGE('',*,*,#1857,.F.);
#1857 = EDGE_CURVE('',#1858,#1858,#1860,.T.);
#1858 = VERTEX_POINT('',#1859);
#1859 = CARTESIAN_POINT('',(-0.830284700166,8.901142770257,0.));
#1860 = CIRCLE('',#1861,0.5);
#1861 = AXIS2_PLACEMENT_3D('',#1862,#1863,#1864);
#1862 = CARTESIAN_POINT('',(-1.330284700166,8.901142770257,0.));
#1863 = DIRECTION('',(0.,0.,1.));
#1864 = DIRECTION('',(1.,0.,0.));
#1865 = ORIENTED_EDGE('',*,*,#1866,.F.);
#1866 = EDGE_CURVE('',#1867,#1858,#1869,.T.);
#1867 = VERTEX_POINT('',#1868);
#1868 = CARTESIAN_POINT('',(-0.830284700166,8.901142770257,-6.5));
#1869 = LINE('',#1870,#1871);
#1870 = CARTESIAN_POINT('',(-0.830284700166,8.901142770257,-6.5));
#1871 = VECTOR('',#1872,1.);
#1872 = DIRECTION('',(0.,0.,1.));
#1873 = ORIENTED_EDGE('',*,*,#1874,.T.);
#1874 = EDGE_CURVE('',#1867,#1867,#1875,.T.);
#1875 = CIRCLE('',#1876,0.5);
#1876 = AXIS2_PLACEMENT_3D('',#1877,#1878,#1879);
#1877 = CARTESIAN_POINT('',(-1.330284700166,8.901142770257,-6.5));
#1878 = DIRECTION('',(0.,0.,1.));
#1879 = DIRECTION('',(1.,0.,0.));
#1880 = ORIENTED_EDGE('',*,*,#1866,.T.);
#1881 = CYLINDRICAL_SURFACE('',#1882,0.5);
#1882 = AXIS2_PLACEMENT_3D('',#1883,#1884,#1885);
#1883 = CARTESIAN_POINT('',(-1.330284700166,8.901142770257,-6.5));
#1884 = DIRECTION('',(0.,0.,1.));
#1885 = DIRECTION('',(1.,0.,0.));
#1886 = ADVANCED_FACE('',(#1887),#1890,.T.);
#1887 = FACE_BOUND('',#1888,.T.);
#1888 = EDGE_LOOP('',(#1889));
#1889 = ORIENTED_EDGE('',*,*,#1857,.T.);
#1890 = PLANE('',#1891);
#1891 = AXIS2_PLACEMENT_3D('',#1892,#1893,#1894);
#1892 = CARTESIAN_POINT('',(-1.330284700166,8.901142770257,0.));
#1893 = DIRECTION('',(0.,0.,1.));
#1894 = DIRECTION('',(1.,0.,0.));
#1895 = ADVANCED_FACE('',(#1896),#1909,.T.);
#1896 = FACE_BOUND('',#1897,.T.);
#1897 = EDGE_LOOP('',(#1898,#1899,#1908));
#1898 = ORIENTED_EDGE('',*,*,#1874,.F.);
#1899 = ORIENTED_EDGE('',*,*,#1900,.F.);
#1900 = EDGE_CURVE('',#1901,#1867,#1903,.T.);
#1901 = VERTEX_POINT('',#1902);
#1902 = CARTESIAN_POINT('',(-1.330284700166,8.901142770257,-7.));
#1903 = CIRCLE('',#1904,0.5);
#1904 = AXIS2_PLACEMENT_3D('',#1905,#1906,#1907);
#1905 = CARTESIAN_POINT('',(-1.330284700166,8.901142770257,-6.5));
#1906 = DIRECTION('',(-2.449293598295E-16,-1.,0.));
#1907 = DIRECTION('',(1.,-2.449293598295E-16,0.));
#1908 = ORIENTED_EDGE('',*,*,#1900,.T.);
#1909 = SPHERICAL_SURFACE('',#1910,0.5);
#1910 = AXIS2_PLACEMENT_3D('',#1911,#1912,#1913);
#1911 = CARTESIAN_POINT('',(-1.330284700166,8.901142770257,-6.5));
#1912 = DIRECTION('',(0.,0.,1.));
#1913 = DIRECTION('',(1.,0.,0.));
#1914 = MANIFOLD_SOLID_BREP('',#1915);
#1915 = CLOSED_SHELL('',(#1916,#1949,#1958));
#1916 = ADVANCED_FACE('',(#1917),#1944,.T.);
#1917 = FACE_BOUND('',#1918,.T.);
#1918 = EDGE_LOOP('',(#1919,#1928,#1936,#1943));
#1919 = ORIENTED_EDGE('',*,*,#1920,.F.);
#1920 = EDGE_CURVE('',#1921,#1921,#1923,.T.);
#1921 = VERTEX_POINT('',#1922);
#1922 = CARTESIAN_POINT('',(-0.430284700166,8.901142770257,2.3));
#1923 = CIRCLE('',#1924,0.9);
#1924 = AXIS2_PLACEMENT_3D('',#1925,#1926,#1927);
#1925 = CARTESIAN_POINT('',(-1.330284700166,8.901142770257,2.3));
#1926 = DIRECTION('',(0.,0.,1.));
#1927 = DIRECTION('',(1.,0.,0.));
#1928 = ORIENTED_EDGE('',*,*,#1929,.F.);
#1929 = EDGE_CURVE('',#1930,#1921,#1932,.T.);
#1930 = VERTEX_POINT('',#1931);
#1931 = CARTESIAN_POINT('',(-0.430284700166,8.901142770257,1.8));
#1932 = LINE('',#1933,#1934);
#1933 = CARTESIAN_POINT('',(-0.430284700166,8.901142770257,1.8));
#1934 = VECTOR('',#1935,1.);
#1935 = DIRECTION('',(0.,0.,1.));
#1936 = ORIENTED_EDGE('',*,*,#1937,.T.);
#1937 = EDGE_CURVE('',#1930,#1930,#1938,.T.);
#1938 = CIRCLE('',#1939,0.9);
#1939 = AXIS2_PLACEMENT_3D('',#1940,#1941,#1942);
#1940 = CARTESIAN_POINT('',(-1.330284700166,8.901142770257,1.8));
#1941 = DIRECTION('',(0.,0.,1.));
#1942 = DIRECTION('',(1.,0.,0.));
#1943 = ORIENTED_EDGE('',*,*,#1929,.T.);
#1944 = CYLINDRICAL_SURFACE('',#1945,0.9);
#1945 = AXIS2_PLACEMENT_3D('',#1946,#1947,#1948);
#1946 = CARTESIAN_POINT('',(-1.330284700166,8.901142770257,1.8));
#1947 = DIRECTION('',(0.,0.,1.));
#1948 = DIRECTION('',(1.,0.,0.));
#1949 = ADVANCED_FACE('',(#1950),#1953,.T.);
#1950 = FACE_BOUND('',#1951,.T.);
#1951 = EDGE_LOOP('',(#1952));
#1952 = ORIENTED_EDGE('',*,*,#1920,.T.);
#1953 = PLANE('',#1954);
#1954 = AXIS2_PLACEMENT_3D('',#1955,#1956,#1957);
#1955 = CARTESIAN_POINT('',(-1.330284700166,8.901142770257,2.3));
#1956 = DIRECTION('',(0.,0.,1.));
#1957 = DIRECTION('',(1.,0.,0.));
#1958 = ADVANCED_FACE('',(#1959),#1962,.F.);
#1959 = FACE_BOUND('',#1960,.T.);
#1960 = EDGE_LOOP('',(#1961));
#1961 = ORIENTED_EDGE('',*,*,#1937,.F.);
#1962 = PLANE('',#1963);
#1963 = AXIS2_PLACEMENT_3D('',#1964,#1965,#1966);
#1964 = CARTESIAN_POINT('',(-1.330284700166,8.901142770257,1.8));
#1965 = DIRECTION('',(0.,0.,1.));
#1966 = DIRECTION('',(1.,0.,0.));
#1967 = MANIFOLD_SOLID_BREP('',#1968);
#1968 = CLOSED_SHELL('',(#1969,#2002,#2011));
#1969 = ADVANCED_FACE('',(#1970),#1997,.T.);
#1970 = FACE_BOUND('',#1971,.T.);
#1971 = EDGE_LOOP('',(#1972,#1981,#1989,#1996));
#1972 = ORIENTED_EDGE('',*,*,#1973,.F.);
#1973 = EDGE_CURVE('',#1974,#1974,#1976,.T.);
#1974 = VERTEX_POINT('',#1975);
#1975 = CARTESIAN_POINT('',(12.6,-3.086109933851E-15,2.85));
#1976 = CIRCLE('',#1977,12.6);
#1977 = AXIS2_PLACEMENT_3D('',#1978,#1979,#1980);
#1978 = CARTESIAN_POINT('',(0.,0.,2.85));
#1979 = DIRECTION('',(0.,0.,1.));
#1980 = DIRECTION('',(1.,0.,0.));
#1981 = ORIENTED_EDGE('',*,*,#1982,.F.);
#1982 = EDGE_CURVE('',#1983,#1974,#1985,.T.);
#1983 = VERTEX_POINT('',#1984);
#1984 = CARTESIAN_POINT('',(12.6,-3.086109933851E-15,2.5));
#1985 = LINE('',#1986,#1987);
#1986 = CARTESIAN_POINT('',(12.6,-3.086109933851E-15,2.5));
#1987 = VECTOR('',#1988,1.);
#1988 = DIRECTION('',(0.,0.,1.));
#1989 = ORIENTED_EDGE('',*,*,#1990,.T.);
#1990 = EDGE_CURVE('',#1983,#1983,#1991,.T.);
#1991 = CIRCLE('',#1992,12.6);
#1992 = AXIS2_PLACEMENT_3D('',#1993,#1994,#1995);
#1993 = CARTESIAN_POINT('',(0.,0.,2.5));
#1994 = DIRECTION('',(0.,0.,1.));
#1995 = DIRECTION('',(1.,0.,0.));
#1996 = ORIENTED_EDGE('',*,*,#1982,.T.);
#1997 = CYLINDRICAL_SURFACE('',#1998,12.6);
#1998 = AXIS2_PLACEMENT_3D('',#1999,#2000,#2001);
#1999 = CARTESIAN_POINT('',(0.,0.,2.5));
#2000 = DIRECTION('',(0.,0.,1.));
#2001 = DIRECTION('',(1.,0.,0.));
#2002 = ADVANCED_FACE('',(#2003),#2006,.T.);
#2003 = FACE_BOUND('',#2004,.T.);
#2004 = EDGE_LOOP('',(#2005));
#2005 = ORIENTED_EDGE('',*,*,#1973,.T.);
#2006 = PLANE('',#2007);
#2007 = AXIS2_PLACEMENT_3D('',#2008,#2009,#2010);
#2008 = CARTESIAN_POINT('',(0.,0.,2.85));
#2009 = DIRECTION('',(0.,0.,1.));
#2010 = DIRECTION('',(1.,0.,0.));
#2011 = ADVANCED_FACE('',(#2012),#2015,.F.);
#2012 = FACE_BOUND('',#2013,.T.);
#2013 = EDGE_LOOP('',(#2014));
#2014 = ORIENTED_EDGE('',*,*,#1990,.F.);
#2015 = PLANE('',#2016);
#2016 = AXIS2_PLACEMENT_3D('',#2017,#2018,#2019);
#2017 = CARTESIAN_POINT('',(0.,0.,2.5));
#2018 = DIRECTION('',(0.,0.,1.));
#2019 = DIRECTION('',(1.,0.,0.));
#2020 = MANIFOLD_SOLID_BREP('',#2021);
#2021 = CLOSED_SHELL('',(#2022,#2055,#2064));
#2022 = ADVANCED_FACE('',(#2023),#2050,.T.);
#2023 = FACE_BOUND('',#2024,.T.);
#2024 = EDGE_LOOP('',(#2025,#2034,#2042,#2049));
#2025 = ORIENTED_EDGE('',*,*,#2026,.F.);
#2026 = EDGE_CURVE('',#2027,#2027,#2029,.T.);
#2027 = VERTEX_POINT('',#2028);
#2028 = CARTESIAN_POINT('',(0.85,-11.5,26.5));
#2029 = CIRCLE('',#2030,0.85);
#2030 = AXIS2_PLACEMENT_3D('',#2031,#2032,#2033);
#2031 = CARTESIAN_POINT('',(0.,-11.5,26.5));
#2032 = DIRECTION('',(0.,0.,1.));
#2033 = DIRECTION('',(1.,0.,0.));
#2034 = ORIENTED_EDGE('',*,*,#2035,.F.);
#2035 = EDGE_CURVE('',#2036,#2027,#2038,.T.);
#2036 = VERTEX_POINT('',#2037);
#2037 = CARTESIAN_POINT('',(0.85,-11.5,3.));
#2038 = LINE('',#2039,#2040);
#2039 = CARTESIAN_POINT('',(0.85,-11.5,3.));
#2040 = VECTOR('',#2041,1.);
#2041 = DIRECTION('',(0.,0.,1.));
#2042 = ORIENTED_EDGE('',*,*,#2043,.T.);
#2043 = EDGE_CURVE('',#2036,#2036,#2044,.T.);
#2044 = CIRCLE('',#2045,0.85);
#2045 = AXIS2_PLACEMENT_3D('',#2046,#2047,#2048);
#2046 = CARTESIAN_POINT('',(0.,-11.5,3.));
#2047 = DIRECTION('',(0.,0.,1.));
#2048 = DIRECTION('',(1.,0.,0.));
#2049 = ORIENTED_EDGE('',*,*,#2035,.T.);
#2050 = CYLINDRICAL_SURFACE('',#2051,0.85);
#2051 = AXIS2_PLACEMENT_3D('',#2052,#2053,#2054);
#2052 = CARTESIAN_POINT('',(0.,-11.5,3.));
#2053 = DIRECTION('',(0.,0.,1.));
#2054 = DIRECTION('',(1.,0.,0.));
#2055 = ADVANCED_FACE('',(#2056),#2059,.T.);
#2056 = FACE_BOUND('',#2057,.T.);
#2057 = EDGE_LOOP('',(#2058));
#2058 = ORIENTED_EDGE('',*,*,#2026,.T.);
#2059 = PLANE('',#2060);
#2060 = AXIS2_PLACEMENT_3D('',#2061,#2062,#2063);
#2061 = CARTESIAN_POINT('',(0.,-11.5,26.5));
#2062 = DIRECTION('',(0.,0.,1.));
#2063 = DIRECTION('',(1.,0.,0.));
#2064 = ADVANCED_FACE('',(#2065),#2068,.F.);
#2065 = FACE_BOUND('',#2066,.T.);
#2066 = EDGE_LOOP('',(#2067));
#2067 = ORIENTED_EDGE('',*,*,#2043,.F.);
#2068 = PLANE('',#2069);
#2069 = AXIS2_PLACEMENT_3D('',#2070,#2071,#2072);
#2070 = CARTESIAN_POINT('',(0.,-11.5,3.));
#2071 = DIRECTION('',(0.,0.,1.));
#2072 = DIRECTION('',(1.,0.,0.));
#2073 = MANIFOLD_SOLID_BREP('',#2074);
#2074 = CLOSED_SHELL('',(#2075,#2108,#2127));
#2075 = ADVANCED_FACE('',(#2076),#2103,.T.);
#2076 = FACE_BOUND('',#2077,.T.);
#2077 = EDGE_LOOP('',(#2078,#2087,#2095,#2102));
#2078 = ORIENTED_EDGE('',*,*,#2079,.F.);
#2079 = EDGE_CURVE('',#2080,#2080,#2082,.T.);
#2080 = VERTEX_POINT('',#2081);
#2081 = CARTESIAN_POINT('',(1.55,-11.5,27.8));
#2082 = CIRCLE('',#2083,1.55);
#2083 = AXIS2_PLACEMENT_3D('',#2084,#2085,#2086);
#2084 = CARTESIAN_POINT('',(0.,-11.5,27.8));
#2085 = DIRECTION('',(0.,0.,1.));
#2086 = DIRECTION('',(1.,0.,0.));
#2087 = ORIENTED_EDGE('',*,*,#2088,.F.);
#2088 = EDGE_CURVE('',#2089,#2080,#2091,.T.);
#2089 = VERTEX_POINT('',#2090);
#2090 = CARTESIAN_POINT('',(1.55,-11.5,26.6));
#2091 = LINE('',#2092,#2093);
#2092 = CARTESIAN_POINT('',(1.55,-11.5,26.6));
#2093 = VECTOR('',#2094,1.);
#2094 = DIRECTION('',(0.,0.,1.));
#2095 = ORIENTED_EDGE('',*,*,#2096,.T.);
#2096 = EDGE_CURVE('',#2089,#2089,#2097,.T.);
#2097 = CIRCLE('',#2098,1.55);
#2098 = AXIS2_PLACEMENT_3D('',#2099,#2100,#2101);
#2099 = CARTESIAN_POINT('',(0.,-11.5,26.6));
#2100 = DIRECTION('',(0.,0.,1.));
#2101 = DIRECTION('',(1.,0.,0.));
#2102 = ORIENTED_EDGE('',*,*,#2088,.T.);
#2103 = CYLINDRICAL_SURFACE('',#2104,1.55);
#2104 = AXIS2_PLACEMENT_3D('',#2105,#2106,#2107);
#2105 = CARTESIAN_POINT('',(0.,-11.5,26.6));
#2106 = DIRECTION('',(0.,0.,1.));
#2107 = DIRECTION('',(1.,0.,0.));
#2108 = ADVANCED_FACE('',(#2109),#2122,.T.);
#2109 = FACE_BOUND('',#2110,.T.);
#2110 = EDGE_LOOP('',(#2111,#2120,#2121));
#2111 = ORIENTED_EDGE('',*,*,#2112,.T.);
#2112 = EDGE_CURVE('',#2080,#2113,#2115,.T.);
#2113 = VERTEX_POINT('',#2114);
#2114 = CARTESIAN_POINT('',(9.491012693392E-17,-11.5,29.35));
#2115 = CIRCLE('',#2116,1.55);
#2116 = AXIS2_PLACEMENT_3D('',#2117,#2118,#2119);
#2117 = CARTESIAN_POINT('',(0.,-11.5,27.8));
#2118 = DIRECTION('',(-2.449293598295E-16,-1.,0.));
#2119 = DIRECTION('',(1.,-2.449293598295E-16,0.));
#2120 = ORIENTED_EDGE('',*,*,#2112,.F.);
#2121 = ORIENTED_EDGE('',*,*,#2079,.T.);
#2122 = SPHERICAL_SURFACE('',#2123,1.55);
#2123 = AXIS2_PLACEMENT_3D('',#2124,#2125,#2126);
#2124 = CARTESIAN_POINT('',(0.,-11.5,27.8));
#2125 = DIRECTION('',(0.,0.,1.));
#2126 = DIRECTION('',(1.,0.,0.));
#2127 = ADVANCED_FACE('',(#2128),#2131,.F.);
#2128 = FACE_BOUND('',#2129,.T.);
#2129 = EDGE_LOOP('',(#2130));
#2130 = ORIENTED_EDGE('',*,*,#2096,.F.);
#2131 = PLANE('',#2132);
#2132 = AXIS2_PLACEMENT_3D('',#2133,#2134,#2135);
#2133 = CARTESIAN_POINT('',(0.,-11.5,26.6));
#2134 = DIRECTION('',(0.,0.,1.));
#2135 = DIRECTION('',(1.,0.,0.));
#2136 = MANIFOLD_SOLID_BREP('',#2137);
#2137 = CLOSED_SHELL('',(#2138,#2171,#2180));
#2138 = ADVANCED_FACE('',(#2139),#2166,.T.);
#2139 = FACE_BOUND('',#2140,.T.);
#2140 = EDGE_LOOP('',(#2141,#2150,#2158,#2165));
#2141 = ORIENTED_EDGE('',*,*,#2142,.F.);
#2142 = EDGE_CURVE('',#2143,#2143,#2145,.T.);
#2143 = VERTEX_POINT('',#2144);
#2144 = CARTESIAN_POINT('',(0.85,11.5,26.5));
#2145 = CIRCLE('',#2146,0.85);
#2146 = AXIS2_PLACEMENT_3D('',#2147,#2148,#2149);
#2147 = CARTESIAN_POINT('',(0.,11.5,26.5));
#2148 = DIRECTION('',(0.,0.,1.));
#2149 = DIRECTION('',(1.,0.,0.));
#2150 = ORIENTED_EDGE('',*,*,#2151,.F.);
#2151 = EDGE_CURVE('',#2152,#2143,#2154,.T.);
#2152 = VERTEX_POINT('',#2153);
#2153 = CARTESIAN_POINT('',(0.85,11.5,3.));
#2154 = LINE('',#2155,#2156);
#2155 = CARTESIAN_POINT('',(0.85,11.5,3.));
#2156 = VECTOR('',#2157,1.);
#2157 = DIRECTION('',(0.,0.,1.));
#2158 = ORIENTED_EDGE('',*,*,#2159,.T.);
#2159 = EDGE_CURVE('',#2152,#2152,#2160,.T.);
#2160 = CIRCLE('',#2161,0.85);
#2161 = AXIS2_PLACEMENT_3D('',#2162,#2163,#2164);
#2162 = CARTESIAN_POINT('',(0.,11.5,3.));
#2163 = DIRECTION('',(0.,0.,1.));
#2164 = DIRECTION('',(1.,0.,0.));
#2165 = ORIENTED_EDGE('',*,*,#2151,.T.);
#2166 = CYLINDRICAL_SURFACE('',#2167,0.85);
#2167 = AXIS2_PLACEMENT_3D('',#2168,#2169,#2170);
#2168 = CARTESIAN_POINT('',(0.,11.5,3.));
#2169 = DIRECTION('',(0.,0.,1.));
#2170 = DIRECTION('',(1.,0.,0.));
#2171 = ADVANCED_FACE('',(#2172),#2175,.T.);
#2172 = FACE_BOUND('',#2173,.T.);
#2173 = EDGE_LOOP('',(#2174));
#2174 = ORIENTED_EDGE('',*,*,#2142,.T.);
#2175 = PLANE('',#2176);
#2176 = AXIS2_PLACEMENT_3D('',#2177,#2178,#2179);
#2177 = CARTESIAN_POINT('',(0.,11.5,26.5));
#2178 = DIRECTION('',(0.,0.,1.));
#2179 = DIRECTION('',(1.,0.,0.));
#2180 = ADVANCED_FACE('',(#2181),#2184,.F.);
#2181 = FACE_BOUND('',#2182,.T.);
#2182 = EDGE_LOOP('',(#2183));
#2183 = ORIENTED_EDGE('',*,*,#2159,.F.);
#2184 = PLANE('',#2185);
#2185 = AXIS2_PLACEMENT_3D('',#2186,#2187,#2188);
#2186 = CARTESIAN_POINT('',(0.,11.5,3.));
#2187 = DIRECTION('',(0.,0.,1.));
#2188 = DIRECTION('',(1.,0.,0.));
#2189 = MANIFOLD_SOLID_BREP('',#2190);
#2190 = CLOSED_SHELL('',(#2191,#2224,#2243));
#2191 = ADVANCED_FACE('',(#2192),#2219,.T.);
#2192 = FACE_BOUND('',#2193,.T.);
#2193 = EDGE_LOOP('',(#2194,#2203,#2211,#2218));
#2194 = ORIENTED_EDGE('',*,*,#2195,.F.);
#2195 = EDGE_CURVE('',#2196,#2196,#2198,.T.);
#2196 = VERTEX_POINT('',#2197);
#2197 = CARTESIAN_POINT('',(1.55,11.5,27.8));
#2198 = CIRCLE('',#2199,1.55);
#2199 = AXIS2_PLACEMENT_3D('',#2200,#2201,#2202);
#2200 = CARTESIAN_POINT('',(0.,11.5,27.8));
#2201 = DIRECTION('',(0.,0.,1.));
#2202 = DIRECTION('',(1.,0.,0.));
#2203 = ORIENTED_EDGE('',*,*,#2204,.F.);
#2204 = EDGE_CURVE('',#2205,#2196,#2207,.T.);
#2205 = VERTEX_POINT('',#2206);
#2206 = CARTESIAN_POINT('',(1.55,11.5,26.6));
#2207 = LINE('',#2208,#2209);
#2208 = CARTESIAN_POINT('',(1.55,11.5,26.6));
#2209 = VECTOR('',#2210,1.);
#2210 = DIRECTION('',(0.,0.,1.));
#2211 = ORIENTED_EDGE('',*,*,#2212,.T.);
#2212 = EDGE_CURVE('',#2205,#2205,#2213,.T.);
#2213 = CIRCLE('',#2214,1.55);
#2214 = AXIS2_PLACEMENT_3D('',#2215,#2216,#2217);
#2215 = CARTESIAN_POINT('',(0.,11.5,26.6));
#2216 = DIRECTION('',(0.,0.,1.));
#2217 = DIRECTION('',(1.,0.,0.));
#2218 = ORIENTED_EDGE('',*,*,#2204,.T.);
#2219 = CYLINDRICAL_SURFACE('',#2220,1.55);
#2220 = AXIS2_PLACEMENT_3D('',#2221,#2222,#2223);
#2221 = CARTESIAN_POINT('',(0.,11.5,26.6));
#2222 = DIRECTION('',(0.,0.,1.));
#2223 = DIRECTION('',(1.,0.,0.));
#2224 = ADVANCED_FACE('',(#2225),#2238,.T.);
#2225 = FACE_BOUND('',#2226,.T.);
#2226 = EDGE_LOOP('',(#2227,#2236,#2237));
#2227 = ORIENTED_EDGE('',*,*,#2228,.T.);
#2228 = EDGE_CURVE('',#2196,#2229,#2231,.T.);
#2229 = VERTEX_POINT('',#2230);
#2230 = CARTESIAN_POINT('',(9.491012693392E-17,11.5,29.35));
#2231 = CIRCLE('',#2232,1.55);
#2232 = AXIS2_PLACEMENT_3D('',#2233,#2234,#2235);
#2233 = CARTESIAN_POINT('',(0.,11.5,27.8));
#2234 = DIRECTION('',(-2.449293598295E-16,-1.,0.));
#2235 = DIRECTION('',(1.,-2.449293598295E-16,0.));
#2236 = ORIENTED_EDGE('',*,*,#2228,.F.);
#2237 = ORIENTED_EDGE('',*,*,#2195,.T.);
#2238 = SPHERICAL_SURFACE('',#2239,1.55);
#2239 = AXIS2_PLACEMENT_3D('',#2240,#2241,#2242);
#2240 = CARTESIAN_POINT('',(0.,11.5,27.8));
#2241 = DIRECTION('',(0.,0.,1.));
#2242 = DIRECTION('',(1.,0.,0.));
#2243 = ADVANCED_FACE('',(#2244),#2247,.F.);
#2244 = FACE_BOUND('',#2245,.T.);
#2245 = EDGE_LOOP('',(#2246));
#2246 = ORIENTED_EDGE('',*,*,#2212,.F.);
#2247 = PLANE('',#2248);
#2248 = AXIS2_PLACEMENT_3D('',#2249,#2250,#2251);
#2249 = CARTESIAN_POINT('',(0.,11.5,26.6));
#2250 = DIRECTION('',(0.,0.,1.));
#2251 = DIRECTION('',(1.,0.,0.));
#2252 = MANIFOLD_SOLID_BREP('',#2253);
#2253 = CLOSED_SHELL('',(#2254,#2296,#2329,#2371,#2395,#2430,#2447,#2464
    ));
#2254 = ADVANCED_FACE('',(#2255),#2291,.T.);
#2255 = FACE_BOUND('',#2256,.T.);
#2256 = EDGE_LOOP('',(#2257,#2267,#2276,#2284));
#2257 = ORIENTED_EDGE('',*,*,#2258,.T.);
#2258 = EDGE_CURVE('',#2259,#2261,#2263,.T.);
#2259 = VERTEX_POINT('',#2260);
#2260 = CARTESIAN_POINT('',(12.5,-3.061616997868E-15,7.));
#2261 = VERTEX_POINT('',#2262);
#2262 = CARTESIAN_POINT('',(12.5,-3.061616997868E-15,13.));
#2263 = LINE('',#2264,#2265);
#2264 = CARTESIAN_POINT('',(12.5,-3.061616997868E-15,7.));
#2265 = VECTOR('',#2266,1.);
#2266 = DIRECTION('',(0.,0.,1.));
#2267 = ORIENTED_EDGE('',*,*,#2268,.F.);
#2268 = EDGE_CURVE('',#2269,#2261,#2271,.T.);
#2269 = VERTEX_POINT('',#2270);
#2270 = CARTESIAN_POINT('',(1.6,-12.39717709803,13.));
#2271 = CIRCLE('',#2272,12.5);
#2272 = AXIS2_PLACEMENT_3D('',#2273,#2274,#2275);
#2273 = CARTESIAN_POINT('',(0.,0.,13.));
#2274 = DIRECTION('',(0.,0.,1.));
#2275 = DIRECTION('',(1.,0.,0.));
#2276 = ORIENTED_EDGE('',*,*,#2277,.F.);
#2277 = EDGE_CURVE('',#2278,#2269,#2280,.T.);
#2278 = VERTEX_POINT('',#2279);
#2279 = CARTESIAN_POINT('',(1.6,-12.39717709803,7.));
#2280 = LINE('',#2281,#2282);
#2281 = CARTESIAN_POINT('',(1.6,-12.39717709803,7.));
#2282 = VECTOR('',#2283,1.);
#2283 = DIRECTION('',(0.,0.,1.));
#2284 = ORIENTED_EDGE('',*,*,#2285,.T.);
#2285 = EDGE_CURVE('',#2278,#2259,#2286,.T.);
#2286 = CIRCLE('',#2287,12.5);
#2287 = AXIS2_PLACEMENT_3D('',#2288,#2289,#2290);
#2288 = CARTESIAN_POINT('',(0.,0.,7.));
#2289 = DIRECTION('',(0.,0.,1.));
#2290 = DIRECTION('',(1.,0.,0.));
#2291 = CYLINDRICAL_SURFACE('',#2292,12.5);
#2292 = AXIS2_PLACEMENT_3D('',#2293,#2294,#2295);
#2293 = CARTESIAN_POINT('',(0.,0.,7.));
#2294 = DIRECTION('',(0.,0.,1.));
#2295 = DIRECTION('',(1.,0.,0.));
#2296 = ADVANCED_FACE('',(#2297),#2324,.T.);
#2297 = FACE_BOUND('',#2298,.T.);
#2298 = EDGE_LOOP('',(#2299,#2308,#2309,#2318));
#2299 = ORIENTED_EDGE('',*,*,#2300,.F.);
#2300 = EDGE_CURVE('',#2261,#2301,#2303,.T.);
#2301 = VERTEX_POINT('',#2302);
#2302 = CARTESIAN_POINT('',(1.6,12.397177098033,13.));
#2303 = CIRCLE('',#2304,12.5);
#2304 = AXIS2_PLACEMENT_3D('',#2305,#2306,#2307);
#2305 = CARTESIAN_POINT('',(0.,0.,13.));
#2306 = DIRECTION('',(0.,0.,1.));
#2307 = DIRECTION('',(1.,0.,0.));
#2308 = ORIENTED_EDGE('',*,*,#2258,.F.);
#2309 = ORIENTED_EDGE('',*,*,#2310,.T.);
#2310 = EDGE_CURVE('',#2259,#2311,#2313,.T.);
#2311 = VERTEX_POINT('',#2312);
#2312 = CARTESIAN_POINT('',(1.6,12.397177098033,7.));
#2313 = CIRCLE('',#2314,12.5);
#2314 = AXIS2_PLACEMENT_3D('',#2315,#2316,#2317);
#2315 = CARTESIAN_POINT('',(0.,0.,7.));
#2316 = DIRECTION('',(0.,0.,1.));
#2317 = DIRECTION('',(1.,0.,0.));
#2318 = ORIENTED_EDGE('',*,*,#2319,.T.);
#2319 = EDGE_CURVE('',#2311,#2301,#2320,.T.);
#2320 = LINE('',#2321,#2322);
#2321 = CARTESIAN_POINT('',(1.6,12.397177098033,7.));
#2322 = VECTOR('',#2323,1.);
#2323 = DIRECTION('',(0.,0.,1.));
#2324 = CYLINDRICAL_SURFACE('',#2325,12.5);
#2325 = AXIS2_PLACEMENT_3D('',#2326,#2327,#2328);
#2326 = CARTESIAN_POINT('',(0.,0.,7.));
#2327 = DIRECTION('',(0.,0.,1.));
#2328 = DIRECTION('',(1.,0.,0.));
#2329 = ADVANCED_FACE('',(#2330),#2366,.F.);
#2330 = FACE_BOUND('',#2331,.F.);
#2331 = EDGE_LOOP('',(#2332,#2333,#2334,#2342,#2351,#2360));
#2332 = ORIENTED_EDGE('',*,*,#2285,.T.);
#2333 = ORIENTED_EDGE('',*,*,#2310,.T.);
#2334 = ORIENTED_EDGE('',*,*,#2335,.F.);
#2335 = EDGE_CURVE('',#2336,#2311,#2338,.T.);
#2336 = VERTEX_POINT('',#2337);
#2337 = CARTESIAN_POINT('',(1.6,12.165233248894,7.));
#2338 = LINE('',#2339,#2340);
#2339 = CARTESIAN_POINT('',(1.6,-7.5,7.));
#2340 = VECTOR('',#2341,1.);
#2341 = DIRECTION('',(0.,1.,0.));
#2342 = ORIENTED_EDGE('',*,*,#2343,.F.);
#2343 = EDGE_CURVE('',#2344,#2336,#2346,.T.);
#2344 = VERTEX_POINT('',#2345);
#2345 = CARTESIAN_POINT('',(12.27,-3.005283245108E-15,7.));
#2346 = CIRCLE('',#2347,12.27);
#2347 = AXIS2_PLACEMENT_3D('',#2348,#2349,#2350);
#2348 = CARTESIAN_POINT('',(0.,0.,7.));
#2349 = DIRECTION('',(0.,0.,1.));
#2350 = DIRECTION('',(1.,0.,0.));
#2351 = ORIENTED_EDGE('',*,*,#2352,.F.);
#2352 = EDGE_CURVE('',#2353,#2344,#2355,.T.);
#2353 = VERTEX_POINT('',#2354);
#2354 = CARTESIAN_POINT('',(1.6,-12.16523324889,7.));
#2355 = CIRCLE('',#2356,12.27);
#2356 = AXIS2_PLACEMENT_3D('',#2357,#2358,#2359);
#2357 = CARTESIAN_POINT('',(0.,0.,7.));
#2358 = DIRECTION('',(0.,0.,1.));
#2359 = DIRECTION('',(1.,0.,0.));
#2360 = ORIENTED_EDGE('',*,*,#2361,.F.);
#2361 = EDGE_CURVE('',#2278,#2353,#2362,.T.);
#2362 = LINE('',#2363,#2364);
#2363 = CARTESIAN_POINT('',(1.6,-7.5,7.));
#2364 = VECTOR('',#2365,1.);
#2365 = DIRECTION('',(0.,1.,0.));
#2366 = PLANE('',#2367);
#2367 = AXIS2_PLACEMENT_3D('',#2368,#2369,#2370);
#2368 = CARTESIAN_POINT('',(0.,0.,7.));
#2369 = DIRECTION('',(0.,0.,1.));
#2370 = DIRECTION('',(1.,0.,0.));
#2371 = ADVANCED_FACE('',(#2372),#2390,.F.);
#2372 = FACE_BOUND('',#2373,.F.);
#2373 = EDGE_LOOP('',(#2374,#2375,#2376,#2384));
#2374 = ORIENTED_EDGE('',*,*,#2277,.F.);
#2375 = ORIENTED_EDGE('',*,*,#2361,.T.);
#2376 = ORIENTED_EDGE('',*,*,#2377,.T.);
#2377 = EDGE_CURVE('',#2353,#2378,#2380,.T.);
#2378 = VERTEX_POINT('',#2379);
#2379 = CARTESIAN_POINT('',(1.6,-12.16523324889,13.));
#2380 = LINE('',#2381,#2382);
#2381 = CARTESIAN_POINT('',(1.6,-12.16523324889,7.));
#2382 = VECTOR('',#2383,1.);
#2383 = DIRECTION('',(0.,0.,1.));
#2384 = ORIENTED_EDGE('',*,*,#2385,.F.);
#2385 = EDGE_CURVE('',#2269,#2378,#2386,.T.);
#2386 = LINE('',#2387,#2388);
#2387 = CARTESIAN_POINT('',(1.6,-7.5,13.));
#2388 = VECTOR('',#2389,1.);
#2389 = DIRECTION('',(0.,1.,0.));
#2390 = PLANE('',#2391);
#2391 = AXIS2_PLACEMENT_3D('',#2392,#2393,#2394);
#2392 = CARTESIAN_POINT('',(1.6,-15.,6.));
#2393 = DIRECTION('',(1.,0.,0.));
#2394 = DIRECTION('',(0.,0.,1.));
#2395 = ADVANCED_FACE('',(#2396),#2425,.T.);
#2396 = FACE_BOUND('',#2397,.T.);
#2397 = EDGE_LOOP('',(#2398,#2399,#2400,#2408,#2417,#2424));
#2398 = ORIENTED_EDGE('',*,*,#2268,.T.);
#2399 = ORIENTED_EDGE('',*,*,#2300,.T.);
#2400 = ORIENTED_EDGE('',*,*,#2401,.F.);
#2401 = EDGE_CURVE('',#2402,#2301,#2404,.T.);
#2402 = VERTEX_POINT('',#2403);
#2403 = CARTESIAN_POINT('',(1.6,12.165233248894,13.));
#2404 = LINE('',#2405,#2406);
#2405 = CARTESIAN_POINT('',(1.6,-7.5,13.));
#2406 = VECTOR('',#2407,1.);
#2407 = DIRECTION('',(0.,1.,0.));
#2408 = ORIENTED_EDGE('',*,*,#2409,.F.);
#2409 = EDGE_CURVE('',#2410,#2402,#2412,.T.);
#2410 = VERTEX_POINT('',#2411);
#2411 = CARTESIAN_POINT('',(12.27,-3.005283245108E-15,13.));
#2412 = CIRCLE('',#2413,12.27);
#2413 = AXIS2_PLACEMENT_3D('',#2414,#2415,#2416);
#2414 = CARTESIAN_POINT('',(0.,0.,13.));
#2415 = DIRECTION('',(0.,0.,1.));
#2416 = DIRECTION('',(1.,0.,0.));
#2417 = ORIENTED_EDGE('',*,*,#2418,.F.);
#2418 = EDGE_CURVE('',#2378,#2410,#2419,.T.);
#2419 = CIRCLE('',#2420,12.27);
#2420 = AXIS2_PLACEMENT_3D('',#2421,#2422,#2423);
#2421 = CARTESIAN_POINT('',(0.,0.,13.));
#2422 = DIRECTION('',(0.,0.,1.));
#2423 = DIRECTION('',(1.,0.,0.));
#2424 = ORIENTED_EDGE('',*,*,#2385,.F.);
#2425 = PLANE('',#2426);
#2426 = AXIS2_PLACEMENT_3D('',#2427,#2428,#2429);
#2427 = CARTESIAN_POINT('',(0.,0.,13.));
#2428 = DIRECTION('',(0.,0.,1.));
#2429 = DIRECTION('',(1.,0.,0.));
#2430 = ADVANCED_FACE('',(#2431),#2442,.F.);
#2431 = FACE_BOUND('',#2432,.F.);
#2432 = EDGE_LOOP('',(#2433,#2434,#2435,#2436));
#2433 = ORIENTED_EDGE('',*,*,#2335,.T.);
#2434 = ORIENTED_EDGE('',*,*,#2319,.T.);
#2435 = ORIENTED_EDGE('',*,*,#2401,.F.);
#2436 = ORIENTED_EDGE('',*,*,#2437,.F.);
#2437 = EDGE_CURVE('',#2336,#2402,#2438,.T.);
#2438 = LINE('',#2439,#2440);
#2439 = CARTESIAN_POINT('',(1.6,12.165233248894,7.));
#2440 = VECTOR('',#2441,1.);
#2441 = DIRECTION('',(0.,0.,1.));
#2442 = PLANE('',#2443);
#2443 = AXIS2_PLACEMENT_3D('',#2444,#2445,#2446);
#2444 = CARTESIAN_POINT('',(1.6,-15.,6.));
#2445 = DIRECTION('',(1.,0.,0.));
#2446 = DIRECTION('',(0.,0.,1.));
#2447 = ADVANCED_FACE('',(#2448),#2459,.F.);
#2448 = FACE_BOUND('',#2449,.F.);
#2449 = EDGE_LOOP('',(#2450,#2456,#2457,#2458));
#2450 = ORIENTED_EDGE('',*,*,#2451,.T.);
#2451 = EDGE_CURVE('',#2344,#2410,#2452,.T.);
#2452 = LINE('',#2453,#2454);
#2453 = CARTESIAN_POINT('',(12.27,-3.005283245108E-15,7.));
#2454 = VECTOR('',#2455,1.);
#2455 = DIRECTION('',(0.,0.,1.));
#2456 = ORIENTED_EDGE('',*,*,#2418,.F.);
#2457 = ORIENTED_EDGE('',*,*,#2377,.F.);
#2458 = ORIENTED_EDGE('',*,*,#2352,.T.);
#2459 = CYLINDRICAL_SURFACE('',#2460,12.27);
#2460 = AXIS2_PLACEMENT_3D('',#2461,#2462,#2463);
#2461 = CARTESIAN_POINT('',(0.,0.,7.));
#2462 = DIRECTION('',(0.,0.,1.));
#2463 = DIRECTION('',(1.,0.,0.));
#2464 = ADVANCED_FACE('',(#2465),#2471,.F.);
#2465 = FACE_BOUND('',#2466,.F.);
#2466 = EDGE_LOOP('',(#2467,#2468,#2469,#2470));
#2467 = ORIENTED_EDGE('',*,*,#2409,.F.);
#2468 = ORIENTED_EDGE('',*,*,#2451,.F.);
#2469 = ORIENTED_EDGE('',*,*,#2343,.T.);
#2470 = ORIENTED_EDGE('',*,*,#2437,.T.);
#2471 = CYLINDRICAL_SURFACE('',#2472,12.27);
#2472 = AXIS2_PLACEMENT_3D('',#2473,#2474,#2475);
#2473 = CARTESIAN_POINT('',(0.,0.,7.));
#2474 = DIRECTION('',(0.,0.,1.));
#2475 = DIRECTION('',(1.,0.,0.));
#2476 = MANIFOLD_SOLID_BREP('',#2477);
#2477 = CLOSED_SHELL('',(#2478,#2520,#2552,#2576,#2601,#2618));
#2478 = ADVANCED_FACE('',(#2479),#2515,.T.);
#2479 = FACE_BOUND('',#2480,.T.);
#2480 = EDGE_LOOP('',(#2481,#2492,#2500,#2509));
#2481 = ORIENTED_EDGE('',*,*,#2482,.F.);
#2482 = EDGE_CURVE('',#2483,#2485,#2487,.T.);
#2483 = VERTEX_POINT('',#2484);
#2484 = CARTESIAN_POINT('',(-1.6,12.397177098033,13.));
#2485 = VERTEX_POINT('',#2486);
#2486 = CARTESIAN_POINT('',(-1.6,-12.39717709803,13.));
#2487 = CIRCLE('',#2488,12.5);
#2488 = AXIS2_PLACEMENT_3D('',#2489,#2490,#2491);
#2489 = CARTESIAN_POINT('',(0.,0.,13.));
#2490 = DIRECTION('',(0.,0.,1.));
#2491 = DIRECTION('',(1.,0.,0.));
#2492 = ORIENTED_EDGE('',*,*,#2493,.F.);
#2493 = EDGE_CURVE('',#2494,#2483,#2496,.T.);
#2494 = VERTEX_POINT('',#2495);
#2495 = CARTESIAN_POINT('',(-1.6,12.397177098033,7.));
#2496 = LINE('',#2497,#2498);
#2497 = CARTESIAN_POINT('',(-1.6,12.397177098033,7.));
#2498 = VECTOR('',#2499,1.);
#2499 = DIRECTION('',(0.,0.,1.));
#2500 = ORIENTED_EDGE('',*,*,#2501,.T.);
#2501 = EDGE_CURVE('',#2494,#2502,#2504,.T.);
#2502 = VERTEX_POINT('',#2503);
#2503 = CARTESIAN_POINT('',(-1.6,-12.39717709803,7.));
#2504 = CIRCLE('',#2505,12.5);
#2505 = AXIS2_PLACEMENT_3D('',#2506,#2507,#2508);
#2506 = CARTESIAN_POINT('',(0.,0.,7.));
#2507 = DIRECTION('',(0.,0.,1.));
#2508 = DIRECTION('',(1.,0.,0.));
#2509 = ORIENTED_EDGE('',*,*,#2510,.T.);
#2510 = EDGE_CURVE('',#2502,#2485,#2511,.T.);
#2511 = LINE('',#2512,#2513);
#2512 = CARTESIAN_POINT('',(-1.6,-12.39717709803,7.));
#2513 = VECTOR('',#2514,1.);
#2514 = DIRECTION('',(0.,0.,1.));
#2515 = CYLINDRICAL_SURFACE('',#2516,12.5);
#2516 = AXIS2_PLACEMENT_3D('',#2517,#2518,#2519);
#2517 = CARTESIAN_POINT('',(0.,0.,7.));
#2518 = DIRECTION('',(0.,0.,1.));
#2519 = DIRECTION('',(1.,0.,0.));
#2520 = ADVANCED_FACE('',(#2521),#2547,.T.);
#2521 = FACE_BOUND('',#2522,.T.);
#2522 = EDGE_LOOP('',(#2523,#2531,#2532,#2540));
#2523 = ORIENTED_EDGE('',*,*,#2524,.T.);
#2524 = EDGE_CURVE('',#2525,#2483,#2527,.T.);
#2525 = VERTEX_POINT('',#2526);
#2526 = CARTESIAN_POINT('',(-1.6,12.165233248894,13.));
#2527 = LINE('',#2528,#2529);
#2528 = CARTESIAN_POINT('',(-1.6,-7.5,13.));
#2529 = VECTOR('',#2530,1.);
#2530 = DIRECTION('',(0.,1.,0.));
#2531 = ORIENTED_EDGE('',*,*,#2482,.T.);
#2532 = ORIENTED_EDGE('',*,*,#2533,.T.);
#2533 = EDGE_CURVE('',#2485,#2534,#2536,.T.);
#2534 = VERTEX_POINT('',#2535);
#2535 = CARTESIAN_POINT('',(-1.6,-12.16523324889,13.));
#2536 = LINE('',#2537,#2538);
#2537 = CARTESIAN_POINT('',(-1.6,-7.5,13.));
#2538 = VECTOR('',#2539,1.);
#2539 = DIRECTION('',(0.,1.,0.));
#2540 = ORIENTED_EDGE('',*,*,#2541,.F.);
#2541 = EDGE_CURVE('',#2525,#2534,#2542,.T.);
#2542 = CIRCLE('',#2543,12.27);
#2543 = AXIS2_PLACEMENT_3D('',#2544,#2545,#2546);
#2544 = CARTESIAN_POINT('',(0.,0.,13.));
#2545 = DIRECTION('',(0.,0.,1.));
#2546 = DIRECTION('',(1.,0.,0.));
#2547 = PLANE('',#2548);
#2548 = AXIS2_PLACEMENT_3D('',#2549,#2550,#2551);
#2549 = CARTESIAN_POINT('',(0.,0.,13.));
#2550 = DIRECTION('',(0.,0.,1.));
#2551 = DIRECTION('',(1.,0.,0.));
#2552 = ADVANCED_FACE('',(#2553),#2571,.T.);
#2553 = FACE_BOUND('',#2554,.T.);
#2554 = EDGE_LOOP('',(#2555,#2556,#2564,#2570));
#2555 = ORIENTED_EDGE('',*,*,#2510,.F.);
#2556 = ORIENTED_EDGE('',*,*,#2557,.T.);
#2557 = EDGE_CURVE('',#2502,#2558,#2560,.T.);
#2558 = VERTEX_POINT('',#2559);
#2559 = CARTESIAN_POINT('',(-1.6,-12.16523324889,7.));
#2560 = LINE('',#2561,#2562);
#2561 = CARTESIAN_POINT('',(-1.6,-7.5,7.));
#2562 = VECTOR('',#2563,1.);
#2563 = DIRECTION('',(0.,1.,0.));
#2564 = ORIENTED_EDGE('',*,*,#2565,.T.);
#2565 = EDGE_CURVE('',#2558,#2534,#2566,.T.);
#2566 = LINE('',#2567,#2568);
#2567 = CARTESIAN_POINT('',(-1.6,-12.16523324889,7.));
#2568 = VECTOR('',#2569,1.);
#2569 = DIRECTION('',(0.,0.,1.));
#2570 = ORIENTED_EDGE('',*,*,#2533,.F.);
#2571 = PLANE('',#2572);
#2572 = AXIS2_PLACEMENT_3D('',#2573,#2574,#2575);
#2573 = CARTESIAN_POINT('',(-1.6,-15.,6.));
#2574 = DIRECTION('',(1.,0.,0.));
#2575 = DIRECTION('',(0.,0.,1.));
#2576 = ADVANCED_FACE('',(#2577),#2596,.F.);
#2577 = FACE_BOUND('',#2578,.F.);
#2578 = EDGE_LOOP('',(#2579,#2587,#2588,#2589));
#2579 = ORIENTED_EDGE('',*,*,#2580,.T.);
#2580 = EDGE_CURVE('',#2581,#2494,#2583,.T.);
#2581 = VERTEX_POINT('',#2582);
#2582 = CARTESIAN_POINT('',(-1.6,12.165233248894,7.));
#2583 = LINE('',#2584,#2585);
#2584 = CARTESIAN_POINT('',(-1.6,-7.5,7.));
#2585 = VECTOR('',#2586,1.);
#2586 = DIRECTION('',(0.,1.,0.));
#2587 = ORIENTED_EDGE('',*,*,#2501,.T.);
#2588 = ORIENTED_EDGE('',*,*,#2557,.T.);
#2589 = ORIENTED_EDGE('',*,*,#2590,.F.);
#2590 = EDGE_CURVE('',#2581,#2558,#2591,.T.);
#2591 = CIRCLE('',#2592,12.27);
#2592 = AXIS2_PLACEMENT_3D('',#2593,#2594,#2595);
#2593 = CARTESIAN_POINT('',(0.,0.,7.));
#2594 = DIRECTION('',(0.,0.,1.));
#2595 = DIRECTION('',(1.,0.,0.));
#2596 = PLANE('',#2597);
#2597 = AXIS2_PLACEMENT_3D('',#2598,#2599,#2600);
#2598 = CARTESIAN_POINT('',(0.,0.,7.));
#2599 = DIRECTION('',(0.,0.,1.));
#2600 = DIRECTION('',(1.,0.,0.));
#2601 = ADVANCED_FACE('',(#2602),#2613,.T.);
#2602 = FACE_BOUND('',#2603,.T.);
#2603 = EDGE_LOOP('',(#2604,#2605,#2606,#2607));
#2604 = ORIENTED_EDGE('',*,*,#2580,.T.);
#2605 = ORIENTED_EDGE('',*,*,#2493,.T.);
#2606 = ORIENTED_EDGE('',*,*,#2524,.F.);
#2607 = ORIENTED_EDGE('',*,*,#2608,.F.);
#2608 = EDGE_CURVE('',#2581,#2525,#2609,.T.);
#2609 = LINE('',#2610,#2611);
#2610 = CARTESIAN_POINT('',(-1.6,12.165233248894,7.));
#2611 = VECTOR('',#2612,1.);
#2612 = DIRECTION('',(0.,0.,1.));
#2613 = PLANE('',#2614);
#2614 = AXIS2_PLACEMENT_3D('',#2615,#2616,#2617);
#2615 = CARTESIAN_POINT('',(-1.6,-15.,6.));
#2616 = DIRECTION('',(1.,0.,0.));
#2617 = DIRECTION('',(0.,0.,1.));
#2618 = ADVANCED_FACE('',(#2619),#2625,.F.);
#2619 = FACE_BOUND('',#2620,.F.);
#2620 = EDGE_LOOP('',(#2621,#2622,#2623,#2624));
#2621 = ORIENTED_EDGE('',*,*,#2541,.F.);
#2622 = ORIENTED_EDGE('',*,*,#2608,.F.);
#2623 = ORIENTED_EDGE('',*,*,#2590,.T.);
#2624 = ORIENTED_EDGE('',*,*,#2565,.T.);
#2625 = CYLINDRICAL_SURFACE('',#2626,12.27);
#2626 = AXIS2_PLACEMENT_3D('',#2627,#2628,#2629);
#2627 = CARTESIAN_POINT('',(0.,0.,7.));
#2628 = DIRECTION('',(0.,0.,1.));
#2629 = DIRECTION('',(1.,0.,0.));
#2630 = MANIFOLD_SOLID_BREP('',#2631);
#2631 = CLOSED_SHELL('',(#2632,#2674,#2707,#2749,#2773,#2808,#2825,#2842
    ));
#2632 = ADVANCED_FACE('',(#2633),#2669,.T.);
#2633 = FACE_BOUND('',#2634,.T.);
#2634 = EDGE_LOOP('',(#2635,#2645,#2654,#2662));
#2635 = ORIENTED_EDGE('',*,*,#2636,.T.);
#2636 = EDGE_CURVE('',#2637,#2639,#2641,.T.);
#2637 = VERTEX_POINT('',#2638);
#2638 = CARTESIAN_POINT('',(12.5,-3.061616997868E-15,18.));
#2639 = VERTEX_POINT('',#2640);
#2640 = CARTESIAN_POINT('',(12.5,-3.061616997868E-15,24.));
#2641 = LINE('',#2642,#2643);
#2642 = CARTESIAN_POINT('',(12.5,-3.061616997868E-15,18.));
#2643 = VECTOR('',#2644,1.);
#2644 = DIRECTION('',(0.,0.,1.));
#2645 = ORIENTED_EDGE('',*,*,#2646,.F.);
#2646 = EDGE_CURVE('',#2647,#2639,#2649,.T.);
#2647 = VERTEX_POINT('',#2648);
#2648 = CARTESIAN_POINT('',(1.6,-12.39717709803,24.));
#2649 = CIRCLE('',#2650,12.5);
#2650 = AXIS2_PLACEMENT_3D('',#2651,#2652,#2653);
#2651 = CARTESIAN_POINT('',(0.,0.,24.));
#2652 = DIRECTION('',(0.,0.,1.));
#2653 = DIRECTION('',(1.,0.,0.));
#2654 = ORIENTED_EDGE('',*,*,#2655,.F.);
#2655 = EDGE_CURVE('',#2656,#2647,#2658,.T.);
#2656 = VERTEX_POINT('',#2657);
#2657 = CARTESIAN_POINT('',(1.6,-12.39717709803,18.));
#2658 = LINE('',#2659,#2660);
#2659 = CARTESIAN_POINT('',(1.6,-12.39717709803,18.));
#2660 = VECTOR('',#2661,1.);
#2661 = DIRECTION('',(0.,0.,1.));
#2662 = ORIENTED_EDGE('',*,*,#2663,.T.);
#2663 = EDGE_CURVE('',#2656,#2637,#2664,.T.);
#2664 = CIRCLE('',#2665,12.5);
#2665 = AXIS2_PLACEMENT_3D('',#2666,#2667,#2668);
#2666 = CARTESIAN_POINT('',(0.,0.,18.));
#2667 = DIRECTION('',(0.,0.,1.));
#2668 = DIRECTION('',(1.,0.,0.));
#2669 = CYLINDRICAL_SURFACE('',#2670,12.5);
#2670 = AXIS2_PLACEMENT_3D('',#2671,#2672,#2673);
#2671 = CARTESIAN_POINT('',(0.,0.,18.));
#2672 = DIRECTION('',(0.,0.,1.));
#2673 = DIRECTION('',(1.,0.,0.));
#2674 = ADVANCED_FACE('',(#2675),#2702,.T.);
#2675 = FACE_BOUND('',#2676,.T.);
#2676 = EDGE_LOOP('',(#2677,#2686,#2687,#2696));
#2677 = ORIENTED_EDGE('',*,*,#2678,.F.);
#2678 = EDGE_CURVE('',#2639,#2679,#2681,.T.);
#2679 = VERTEX_POINT('',#2680);
#2680 = CARTESIAN_POINT('',(1.6,12.397177098033,24.));
#2681 = CIRCLE('',#2682,12.5);
#2682 = AXIS2_PLACEMENT_3D('',#2683,#2684,#2685);
#2683 = CARTESIAN_POINT('',(0.,0.,24.));
#2684 = DIRECTION('',(0.,0.,1.));
#2685 = DIRECTION('',(1.,0.,0.));
#2686 = ORIENTED_EDGE('',*,*,#2636,.F.);
#2687 = ORIENTED_EDGE('',*,*,#2688,.T.);
#2688 = EDGE_CURVE('',#2637,#2689,#2691,.T.);
#2689 = VERTEX_POINT('',#2690);
#2690 = CARTESIAN_POINT('',(1.6,12.397177098033,18.));
#2691 = CIRCLE('',#2692,12.5);
#2692 = AXIS2_PLACEMENT_3D('',#2693,#2694,#2695);
#2693 = CARTESIAN_POINT('',(0.,0.,18.));
#2694 = DIRECTION('',(0.,0.,1.));
#2695 = DIRECTION('',(1.,0.,0.));
#2696 = ORIENTED_EDGE('',*,*,#2697,.T.);
#2697 = EDGE_CURVE('',#2689,#2679,#2698,.T.);
#2698 = LINE('',#2699,#2700);
#2699 = CARTESIAN_POINT('',(1.6,12.397177098033,18.));
#2700 = VECTOR('',#2701,1.);
#2701 = DIRECTION('',(0.,0.,1.));
#2702 = CYLINDRICAL_SURFACE('',#2703,12.5);
#2703 = AXIS2_PLACEMENT_3D('',#2704,#2705,#2706);
#2704 = CARTESIAN_POINT('',(0.,0.,18.));
#2705 = DIRECTION('',(0.,0.,1.));
#2706 = DIRECTION('',(1.,0.,0.));
#2707 = ADVANCED_FACE('',(#2708),#2744,.F.);
#2708 = FACE_BOUND('',#2709,.F.);
#2709 = EDGE_LOOP('',(#2710,#2711,#2712,#2720,#2729,#2738));
#2710 = ORIENTED_EDGE('',*,*,#2663,.T.);
#2711 = ORIENTED_EDGE('',*,*,#2688,.T.);
#2712 = ORIENTED_EDGE('',*,*,#2713,.F.);
#2713 = EDGE_CURVE('',#2714,#2689,#2716,.T.);
#2714 = VERTEX_POINT('',#2715);
#2715 = CARTESIAN_POINT('',(1.6,12.165233248894,18.));
#2716 = LINE('',#2717,#2718);
#2717 = CARTESIAN_POINT('',(1.6,-7.5,18.));
#2718 = VECTOR('',#2719,1.);
#2719 = DIRECTION('',(0.,1.,0.));
#2720 = ORIENTED_EDGE('',*,*,#2721,.F.);
#2721 = EDGE_CURVE('',#2722,#2714,#2724,.T.);
#2722 = VERTEX_POINT('',#2723);
#2723 = CARTESIAN_POINT('',(12.27,-3.005283245108E-15,18.));
#2724 = CIRCLE('',#2725,12.27);
#2725 = AXIS2_PLACEMENT_3D('',#2726,#2727,#2728);
#2726 = CARTESIAN_POINT('',(0.,0.,18.));
#2727 = DIRECTION('',(0.,0.,1.));
#2728 = DIRECTION('',(1.,0.,0.));
#2729 = ORIENTED_EDGE('',*,*,#2730,.F.);
#2730 = EDGE_CURVE('',#2731,#2722,#2733,.T.);
#2731 = VERTEX_POINT('',#2732);
#2732 = CARTESIAN_POINT('',(1.6,-12.16523324889,18.));
#2733 = CIRCLE('',#2734,12.27);
#2734 = AXIS2_PLACEMENT_3D('',#2735,#2736,#2737);
#2735 = CARTESIAN_POINT('',(0.,0.,18.));
#2736 = DIRECTION('',(0.,0.,1.));
#2737 = DIRECTION('',(1.,0.,0.));
#2738 = ORIENTED_EDGE('',*,*,#2739,.F.);
#2739 = EDGE_CURVE('',#2656,#2731,#2740,.T.);
#2740 = LINE('',#2741,#2742);
#2741 = CARTESIAN_POINT('',(1.6,-7.5,18.));
#2742 = VECTOR('',#2743,1.);
#2743 = DIRECTION('',(0.,1.,0.));
#2744 = PLANE('',#2745);
#2745 = AXIS2_PLACEMENT_3D('',#2746,#2747,#2748);
#2746 = CARTESIAN_POINT('',(0.,0.,18.));
#2747 = DIRECTION('',(0.,0.,1.));
#2748 = DIRECTION('',(1.,0.,0.));
#2749 = ADVANCED_FACE('',(#2750),#2768,.F.);
#2750 = FACE_BOUND('',#2751,.F.);
#2751 = EDGE_LOOP('',(#2752,#2753,#2754,#2762));
#2752 = ORIENTED_EDGE('',*,*,#2655,.F.);
#2753 = ORIENTED_EDGE('',*,*,#2739,.T.);
#2754 = ORIENTED_EDGE('',*,*,#2755,.T.);
#2755 = EDGE_CURVE('',#2731,#2756,#2758,.T.);
#2756 = VERTEX_POINT('',#2757);
#2757 = CARTESIAN_POINT('',(1.6,-12.16523324889,24.));
#2758 = LINE('',#2759,#2760);
#2759 = CARTESIAN_POINT('',(1.6,-12.16523324889,18.));
#2760 = VECTOR('',#2761,1.);
#2761 = DIRECTION('',(0.,0.,1.));
#2762 = ORIENTED_EDGE('',*,*,#2763,.F.);
#2763 = EDGE_CURVE('',#2647,#2756,#2764,.T.);
#2764 = LINE('',#2765,#2766);
#2765 = CARTESIAN_POINT('',(1.6,-7.5,24.));
#2766 = VECTOR('',#2767,1.);
#2767 = DIRECTION('',(0.,1.,0.));
#2768 = PLANE('',#2769);
#2769 = AXIS2_PLACEMENT_3D('',#2770,#2771,#2772);
#2770 = CARTESIAN_POINT('',(1.6,-15.,17.));
#2771 = DIRECTION('',(1.,0.,0.));
#2772 = DIRECTION('',(0.,0.,1.));
#2773 = ADVANCED_FACE('',(#2774),#2803,.T.);
#2774 = FACE_BOUND('',#2775,.T.);
#2775 = EDGE_LOOP('',(#2776,#2777,#2778,#2786,#2795,#2802));
#2776 = ORIENTED_EDGE('',*,*,#2646,.T.);
#2777 = ORIENTED_EDGE('',*,*,#2678,.T.);
#2778 = ORIENTED_EDGE('',*,*,#2779,.F.);
#2779 = EDGE_CURVE('',#2780,#2679,#2782,.T.);
#2780 = VERTEX_POINT('',#2781);
#2781 = CARTESIAN_POINT('',(1.6,12.165233248894,24.));
#2782 = LINE('',#2783,#2784);
#2783 = CARTESIAN_POINT('',(1.6,-7.5,24.));
#2784 = VECTOR('',#2785,1.);
#2785 = DIRECTION('',(0.,1.,0.));
#2786 = ORIENTED_EDGE('',*,*,#2787,.F.);
#2787 = EDGE_CURVE('',#2788,#2780,#2790,.T.);
#2788 = VERTEX_POINT('',#2789);
#2789 = CARTESIAN_POINT('',(12.27,-3.005283245108E-15,24.));
#2790 = CIRCLE('',#2791,12.27);
#2791 = AXIS2_PLACEMENT_3D('',#2792,#2793,#2794);
#2792 = CARTESIAN_POINT('',(0.,0.,24.));
#2793 = DIRECTION('',(0.,0.,1.));
#2794 = DIRECTION('',(1.,0.,0.));
#2795 = ORIENTED_EDGE('',*,*,#2796,.F.);
#2796 = EDGE_CURVE('',#2756,#2788,#2797,.T.);
#2797 = CIRCLE('',#2798,12.27);
#2798 = AXIS2_PLACEMENT_3D('',#2799,#2800,#2801);
#2799 = CARTESIAN_POINT('',(0.,0.,24.));
#2800 = DIRECTION('',(0.,0.,1.));
#2801 = DIRECTION('',(1.,0.,0.));
#2802 = ORIENTED_EDGE('',*,*,#2763,.F.);
#2803 = PLANE('',#2804);
#2804 = AXIS2_PLACEMENT_3D('',#2805,#2806,#2807);
#2805 = CARTESIAN_POINT('',(0.,0.,24.));
#2806 = DIRECTION('',(0.,0.,1.));
#2807 = DIRECTION('',(1.,0.,0.));
#2808 = ADVANCED_FACE('',(#2809),#2820,.F.);
#2809 = FACE_BOUND('',#2810,.F.);
#2810 = EDGE_LOOP('',(#2811,#2812,#2813,#2814));
#2811 = ORIENTED_EDGE('',*,*,#2713,.T.);
#2812 = ORIENTED_EDGE('',*,*,#2697,.T.);
#2813 = ORIENTED_EDGE('',*,*,#2779,.F.);
#2814 = ORIENTED_EDGE('',*,*,#2815,.F.);
#2815 = EDGE_CURVE('',#2714,#2780,#2816,.T.);
#2816 = LINE('',#2817,#2818);
#2817 = CARTESIAN_POINT('',(1.6,12.165233248894,18.));
#2818 = VECTOR('',#2819,1.);
#2819 = DIRECTION('',(0.,0.,1.));
#2820 = PLANE('',#2821);
#2821 = AXIS2_PLACEMENT_3D('',#2822,#2823,#2824);
#2822 = CARTESIAN_POINT('',(1.6,-15.,17.));
#2823 = DIRECTION('',(1.,0.,0.));
#2824 = DIRECTION('',(0.,0.,1.));
#2825 = ADVANCED_FACE('',(#2826),#2837,.F.);
#2826 = FACE_BOUND('',#2827,.F.);
#2827 = EDGE_LOOP('',(#2828,#2834,#2835,#2836));
#2828 = ORIENTED_EDGE('',*,*,#2829,.T.);
#2829 = EDGE_CURVE('',#2722,#2788,#2830,.T.);
#2830 = LINE('',#2831,#2832);
#2831 = CARTESIAN_POINT('',(12.27,-3.005283245108E-15,18.));
#2832 = VECTOR('',#2833,1.);
#2833 = DIRECTION('',(0.,0.,1.));
#2834 = ORIENTED_EDGE('',*,*,#2796,.F.);
#2835 = ORIENTED_EDGE('',*,*,#2755,.F.);
#2836 = ORIENTED_EDGE('',*,*,#2730,.T.);
#2837 = CYLINDRICAL_SURFACE('',#2838,12.27);
#2838 = AXIS2_PLACEMENT_3D('',#2839,#2840,#2841);
#2839 = CARTESIAN_POINT('',(0.,0.,18.));
#2840 = DIRECTION('',(0.,0.,1.));
#2841 = DIRECTION('',(1.,0.,0.));
#2842 = ADVANCED_FACE('',(#2843),#2849,.F.);
#2843 = FACE_BOUND('',#2844,.F.);
#2844 = EDGE_LOOP('',(#2845,#2846,#2847,#2848));
#2845 = ORIENTED_EDGE('',*,*,#2787,.F.);
#2846 = ORIENTED_EDGE('',*,*,#2829,.F.);
#2847 = ORIENTED_EDGE('',*,*,#2721,.T.);
#2848 = ORIENTED_EDGE('',*,*,#2815,.T.);
#2849 = CYLINDRICAL_SURFACE('',#2850,12.27);
#2850 = AXIS2_PLACEMENT_3D('',#2851,#2852,#2853);
#2851 = CARTESIAN_POINT('',(0.,0.,18.));
#2852 = DIRECTION('',(0.,0.,1.));
#2853 = DIRECTION('',(1.,0.,0.));
#2854 = MANIFOLD_SOLID_BREP('',#2855);
#2855 = CLOSED_SHELL('',(#2856,#2898,#2930,#2954,#2979,#2996));
#2856 = ADVANCED_FACE('',(#2857),#2893,.T.);
#2857 = FACE_BOUND('',#2858,.T.);
#2858 = EDGE_LOOP('',(#2859,#2870,#2878,#2887));
#2859 = ORIENTED_EDGE('',*,*,#2860,.F.);
#2860 = EDGE_CURVE('',#2861,#2863,#2865,.T.);
#2861 = VERTEX_POINT('',#2862);
#2862 = CARTESIAN_POINT('',(-1.6,12.397177098033,24.));
#2863 = VERTEX_POINT('',#2864);
#2864 = CARTESIAN_POINT('',(-1.6,-12.39717709803,24.));
#2865 = CIRCLE('',#2866,12.5);
#2866 = AXIS2_PLACEMENT_3D('',#2867,#2868,#2869);
#2867 = CARTESIAN_POINT('',(0.,0.,24.));
#2868 = DIRECTION('',(0.,0.,1.));
#2869 = DIRECTION('',(1.,0.,0.));
#2870 = ORIENTED_EDGE('',*,*,#2871,.F.);
#2871 = EDGE_CURVE('',#2872,#2861,#2874,.T.);
#2872 = VERTEX_POINT('',#2873);
#2873 = CARTESIAN_POINT('',(-1.6,12.397177098033,18.));
#2874 = LINE('',#2875,#2876);
#2875 = CARTESIAN_POINT('',(-1.6,12.397177098033,18.));
#2876 = VECTOR('',#2877,1.);
#2877 = DIRECTION('',(0.,0.,1.));
#2878 = ORIENTED_EDGE('',*,*,#2879,.T.);
#2879 = EDGE_CURVE('',#2872,#2880,#2882,.T.);
#2880 = VERTEX_POINT('',#2881);
#2881 = CARTESIAN_POINT('',(-1.6,-12.39717709803,18.));
#2882 = CIRCLE('',#2883,12.5);
#2883 = AXIS2_PLACEMENT_3D('',#2884,#2885,#2886);
#2884 = CARTESIAN_POINT('',(0.,0.,18.));
#2885 = DIRECTION('',(0.,0.,1.));
#2886 = DIRECTION('',(1.,0.,0.));
#2887 = ORIENTED_EDGE('',*,*,#2888,.T.);
#2888 = EDGE_CURVE('',#2880,#2863,#2889,.T.);
#2889 = LINE('',#2890,#2891);
#2890 = CARTESIAN_POINT('',(-1.6,-12.39717709803,18.));
#2891 = VECTOR('',#2892,1.);
#2892 = DIRECTION('',(0.,0.,1.));
#2893 = CYLINDRICAL_SURFACE('',#2894,12.5);
#2894 = AXIS2_PLACEMENT_3D('',#2895,#2896,#2897);
#2895 = CARTESIAN_POINT('',(0.,0.,18.));
#2896 = DIRECTION('',(0.,0.,1.));
#2897 = DIRECTION('',(1.,0.,0.));
#2898 = ADVANCED_FACE('',(#2899),#2925,.T.);
#2899 = FACE_BOUND('',#2900,.T.);
#2900 = EDGE_LOOP('',(#2901,#2909,#2910,#2918));
#2901 = ORIENTED_EDGE('',*,*,#2902,.T.);
#2902 = EDGE_CURVE('',#2903,#2861,#2905,.T.);
#2903 = VERTEX_POINT('',#2904);
#2904 = CARTESIAN_POINT('',(-1.6,12.165233248894,24.));
#2905 = LINE('',#2906,#2907);
#2906 = CARTESIAN_POINT('',(-1.6,-7.5,24.));
#2907 = VECTOR('',#2908,1.);
#2908 = DIRECTION('',(0.,1.,0.));
#2909 = ORIENTED_EDGE('',*,*,#2860,.T.);
#2910 = ORIENTED_EDGE('',*,*,#2911,.T.);
#2911 = EDGE_CURVE('',#2863,#2912,#2914,.T.);
#2912 = VERTEX_POINT('',#2913);
#2913 = CARTESIAN_POINT('',(-1.6,-12.16523324889,24.));
#2914 = LINE('',#2915,#2916);
#2915 = CARTESIAN_POINT('',(-1.6,-7.5,24.));
#2916 = VECTOR('',#2917,1.);
#2917 = DIRECTION('',(0.,1.,0.));
#2918 = ORIENTED_EDGE('',*,*,#2919,.F.);
#2919 = EDGE_CURVE('',#2903,#2912,#2920,.T.);
#2920 = CIRCLE('',#2921,12.27);
#2921 = AXIS2_PLACEMENT_3D('',#2922,#2923,#2924);
#2922 = CARTESIAN_POINT('',(0.,0.,24.));
#2923 = DIRECTION('',(0.,0.,1.));
#2924 = DIRECTION('',(1.,0.,0.));
#2925 = PLANE('',#2926);
#2926 = AXIS2_PLACEMENT_3D('',#2927,#2928,#2929);
#2927 = CARTESIAN_POINT('',(0.,0.,24.));
#2928 = DIRECTION('',(0.,0.,1.));
#2929 = DIRECTION('',(1.,0.,0.));
#2930 = ADVANCED_FACE('',(#2931),#2949,.T.);
#2931 = FACE_BOUND('',#2932,.T.);
#2932 = EDGE_LOOP('',(#2933,#2934,#2942,#2948));
#2933 = ORIENTED_EDGE('',*,*,#2888,.F.);
#2934 = ORIENTED_EDGE('',*,*,#2935,.T.);
#2935 = EDGE_CURVE('',#2880,#2936,#2938,.T.);
#2936 = VERTEX_POINT('',#2937);
#2937 = CARTESIAN_POINT('',(-1.6,-12.16523324889,18.));
#2938 = LINE('',#2939,#2940);
#2939 = CARTESIAN_POINT('',(-1.6,-7.5,18.));
#2940 = VECTOR('',#2941,1.);
#2941 = DIRECTION('',(0.,1.,0.));
#2942 = ORIENTED_EDGE('',*,*,#2943,.T.);
#2943 = EDGE_CURVE('',#2936,#2912,#2944,.T.);
#2944 = LINE('',#2945,#2946);
#2945 = CARTESIAN_POINT('',(-1.6,-12.16523324889,18.));
#2946 = VECTOR('',#2947,1.);
#2947 = DIRECTION('',(0.,0.,1.));
#2948 = ORIENTED_EDGE('',*,*,#2911,.F.);
#2949 = PLANE('',#2950);
#2950 = AXIS2_PLACEMENT_3D('',#2951,#2952,#2953);
#2951 = CARTESIAN_POINT('',(-1.6,-15.,17.));
#2952 = DIRECTION('',(1.,0.,0.));
#2953 = DIRECTION('',(0.,0.,1.));
#2954 = ADVANCED_FACE('',(#2955),#2974,.F.);
#2955 = FACE_BOUND('',#2956,.F.);
#2956 = EDGE_LOOP('',(#2957,#2965,#2966,#2967));
#2957 = ORIENTED_EDGE('',*,*,#2958,.T.);
#2958 = EDGE_CURVE('',#2959,#2872,#2961,.T.);
#2959 = VERTEX_POINT('',#2960);
#2960 = CARTESIAN_POINT('',(-1.6,12.165233248894,18.));
#2961 = LINE('',#2962,#2963);
#2962 = CARTESIAN_POINT('',(-1.6,-7.5,18.));
#2963 = VECTOR('',#2964,1.);
#2964 = DIRECTION('',(0.,1.,0.));
#2965 = ORIENTED_EDGE('',*,*,#2879,.T.);
#2966 = ORIENTED_EDGE('',*,*,#2935,.T.);
#2967 = ORIENTED_EDGE('',*,*,#2968,.F.);
#2968 = EDGE_CURVE('',#2959,#2936,#2969,.T.);
#2969 = CIRCLE('',#2970,12.27);
#2970 = AXIS2_PLACEMENT_3D('',#2971,#2972,#2973);
#2971 = CARTESIAN_POINT('',(0.,0.,18.));
#2972 = DIRECTION('',(0.,0.,1.));
#2973 = DIRECTION('',(1.,0.,0.));
#2974 = PLANE('',#2975);
#2975 = AXIS2_PLACEMENT_3D('',#2976,#2977,#2978);
#2976 = CARTESIAN_POINT('',(0.,0.,18.));
#2977 = DIRECTION('',(0.,0.,1.));
#2978 = DIRECTION('',(1.,0.,0.));
#2979 = ADVANCED_FACE('',(#2980),#2991,.T.);
#2980 = FACE_BOUND('',#2981,.T.);
#2981 = EDGE_LOOP('',(#2982,#2983,#2984,#2985));
#2982 = ORIENTED_EDGE('',*,*,#2958,.T.);
#2983 = ORIENTED_EDGE('',*,*,#2871,.T.);
#2984 = ORIENTED_EDGE('',*,*,#2902,.F.);
#2985 = ORIENTED_EDGE('',*,*,#2986,.F.);
#2986 = EDGE_CURVE('',#2959,#2903,#2987,.T.);
#2987 = LINE('',#2988,#2989);
#2988 = CARTESIAN_POINT('',(-1.6,12.165233248894,18.));
#2989 = VECTOR('',#2990,1.);
#2990 = DIRECTION('',(0.,0.,1.));
#2991 = PLANE('',#2992);
#2992 = AXIS2_PLACEMENT_3D('',#2993,#2994,#2995);
#2993 = CARTESIAN_POINT('',(-1.6,-15.,17.));
#2994 = DIRECTION('',(1.,0.,0.));
#2995 = DIRECTION('',(0.,0.,1.));
#2996 = ADVANCED_FACE('',(#2997),#3003,.F.);
#2997 = FACE_BOUND('',#2998,.F.);
#2998 = EDGE_LOOP('',(#2999,#3000,#3001,#3002));
#2999 = ORIENTED_EDGE('',*,*,#2919,.F.);
#3000 = ORIENTED_EDGE('',*,*,#2986,.F.);
#3001 = ORIENTED_EDGE('',*,*,#2968,.T.);
#3002 = ORIENTED_EDGE('',*,*,#2943,.T.);
#3003 = CYLINDRICAL_SURFACE('',#3004,12.27);
#3004 = AXIS2_PLACEMENT_3D('',#3005,#3006,#3007);
#3005 = CARTESIAN_POINT('',(0.,0.,18.));
#3006 = DIRECTION('',(0.,0.,1.));
#3007 = DIRECTION('',(1.,0.,0.));
#3008 = MANIFOLD_SOLID_BREP('',#3009);
#3009 = CLOSED_SHELL('',(#3010,#3043,#3063,#3083));
#3010 = ADVANCED_FACE('',(#3011),#3038,.T.);
#3011 = FACE_BOUND('',#3012,.T.);
#3012 = EDGE_LOOP('',(#3013,#3022,#3030,#3037));
#3013 = ORIENTED_EDGE('',*,*,#3014,.F.);
#3014 = EDGE_CURVE('',#3015,#3015,#3017,.T.);
#3015 = VERTEX_POINT('',#3016);
#3016 = CARTESIAN_POINT('',(13.1,-3.208574613766E-15,26.73));
#3017 = CIRCLE('',#3018,13.1);
#3018 = AXIS2_PLACEMENT_3D('',#3019,#3020,#3021);
#3019 = CARTESIAN_POINT('',(0.,0.,26.73));
#3020 = DIRECTION('',(0.,0.,1.));
#3021 = DIRECTION('',(1.,0.,0.));
#3022 = ORIENTED_EDGE('',*,*,#3023,.F.);
#3023 = EDGE_CURVE('',#3024,#3015,#3026,.T.);
#3024 = VERTEX_POINT('',#3025);
#3025 = CARTESIAN_POINT('',(13.1,-3.208574613766E-15,26.5));
#3026 = LINE('',#3027,#3028);
#3027 = CARTESIAN_POINT('',(13.1,-3.208574613766E-15,26.5));
#3028 = VECTOR('',#3029,1.);
#3029 = DIRECTION('',(0.,0.,1.));
#3030 = ORIENTED_EDGE('',*,*,#3031,.T.);
#3031 = EDGE_CURVE('',#3024,#3024,#3032,.T.);
#3032 = CIRCLE('',#3033,13.1);
#3033 = AXIS2_PLACEMENT_3D('',#3034,#3035,#3036);
#3034 = CARTESIAN_POINT('',(0.,0.,26.5));
#3035 = DIRECTION('',(0.,0.,1.));
#3036 = DIRECTION('',(1.,0.,0.));
#3037 = ORIENTED_EDGE('',*,*,#3023,.T.);
#3038 = CYLINDRICAL_SURFACE('',#3039,13.1);
#3039 = AXIS2_PLACEMENT_3D('',#3040,#3041,#3042);
#3040 = CARTESIAN_POINT('',(0.,0.,26.5));
#3041 = DIRECTION('',(0.,0.,1.));
#3042 = DIRECTION('',(1.,0.,0.));
#3043 = ADVANCED_FACE('',(#3044,#3047),#3058,.T.);
#3044 = FACE_BOUND('',#3045,.T.);
#3045 = EDGE_LOOP('',(#3046));
#3046 = ORIENTED_EDGE('',*,*,#3014,.T.);
#3047 = FACE_BOUND('',#3048,.T.);
#3048 = EDGE_LOOP('',(#3049));
#3049 = ORIENTED_EDGE('',*,*,#3050,.F.);
#3050 = EDGE_CURVE('',#3051,#3051,#3053,.T.);
#3051 = VERTEX_POINT('',#3052);
#3052 = CARTESIAN_POINT('',(12.2,-2.98813818992E-15,26.73));
#3053 = CIRCLE('',#3054,12.2);
#3054 = AXIS2_PLACEMENT_3D('',#3055,#3056,#3057);
#3055 = CARTESIAN_POINT('',(0.,0.,26.73));
#3056 = DIRECTION('',(0.,0.,1.));
#3057 = DIRECTION('',(1.,0.,0.));
#3058 = PLANE('',#3059);
#3059 = AXIS2_PLACEMENT_3D('',#3060,#3061,#3062);
#3060 = CARTESIAN_POINT('',(0.,0.,26.73));
#3061 = DIRECTION('',(0.,0.,1.));
#3062 = DIRECTION('',(1.,0.,0.));
#3063 = ADVANCED_FACE('',(#3064,#3067),#3078,.F.);
#3064 = FACE_BOUND('',#3065,.F.);
#3065 = EDGE_LOOP('',(#3066));
#3066 = ORIENTED_EDGE('',*,*,#3031,.T.);
#3067 = FACE_BOUND('',#3068,.F.);
#3068 = EDGE_LOOP('',(#3069));
#3069 = ORIENTED_EDGE('',*,*,#3070,.F.);
#3070 = EDGE_CURVE('',#3071,#3071,#3073,.T.);
#3071 = VERTEX_POINT('',#3072);
#3072 = CARTESIAN_POINT('',(12.2,-2.98813818992E-15,26.5));
#3073 = CIRCLE('',#3074,12.2);
#3074 = AXIS2_PLACEMENT_3D('',#3075,#3076,#3077);
#3075 = CARTESIAN_POINT('',(0.,0.,26.5));
#3076 = DIRECTION('',(0.,0.,1.));
#3077 = DIRECTION('',(1.,0.,0.));
#3078 = PLANE('',#3079);
#3079 = AXIS2_PLACEMENT_3D('',#3080,#3081,#3082);
#3080 = CARTESIAN_POINT('',(0.,0.,26.5));
#3081 = DIRECTION('',(0.,0.,1.));
#3082 = DIRECTION('',(1.,0.,0.));
#3083 = ADVANCED_FACE('',(#3084),#3095,.F.);
#3084 = FACE_BOUND('',#3085,.F.);
#3085 = EDGE_LOOP('',(#3086,#3087,#3093,#3094));
#3086 = ORIENTED_EDGE('',*,*,#3050,.F.);
#3087 = ORIENTED_EDGE('',*,*,#3088,.F.);
#3088 = EDGE_CURVE('',#3071,#3051,#3089,.T.);
#3089 = LINE('',#3090,#3091);
#3090 = CARTESIAN_POINT('',(12.2,-2.98813818992E-15,26.5));
#3091 = VECTOR('',#3092,1.);
#3092 = DIRECTION('',(0.,0.,1.));
#3093 = ORIENTED_EDGE('',*,*,#3070,.T.);
#3094 = ORIENTED_EDGE('',*,*,#3088,.T.);
#3095 = CYLINDRICAL_SURFACE('',#3096,12.2);
#3096 = AXIS2_PLACEMENT_3D('',#3097,#3098,#3099);
#3097 = CARTESIAN_POINT('',(0.,0.,26.5));
#3098 = DIRECTION('',(0.,0.,1.));
#3099 = DIRECTION('',(1.,0.,0.));
#3100 = MANIFOLD_SOLID_BREP('',#3101);
#3101 = CLOSED_SHELL('',(#3102,#3135,#3144));
#3102 = ADVANCED_FACE('',(#3103),#3130,.T.);
#3103 = FACE_BOUND('',#3104,.T.);
#3104 = EDGE_LOOP('',(#3105,#3114,#3122,#3129));
#3105 = ORIENTED_EDGE('',*,*,#3106,.F.);
#3106 = EDGE_CURVE('',#3107,#3107,#3109,.T.);
#3107 = VERTEX_POINT('',#3108);
#3108 = CARTESIAN_POINT('',(5.170106381884,-11.6,26.865));
#3109 = CIRCLE('',#3110,6.5E-02);
#3110 = AXIS2_PLACEMENT_3D('',#3111,#3112,#3113);
#3111 = CARTESIAN_POINT('',(5.170106381884,-11.6,26.8));
#3112 = DIRECTION('',(1.,0.,-0.));
#3113 = DIRECTION('',(0.,0.,1.));
#3114 = ORIENTED_EDGE('',*,*,#3115,.F.);
#3115 = EDGE_CURVE('',#3116,#3107,#3118,.T.);
#3116 = VERTEX_POINT('',#3117);
#3117 = CARTESIAN_POINT('',(-5.170106381884,-11.6,26.865));
#3118 = LINE('',#3119,#3120);
#3119 = CARTESIAN_POINT('',(-5.170106381884,-11.6,26.865));
#3120 = VECTOR('',#3121,1.);
#3121 = DIRECTION('',(1.,0.,0.));
#3122 = ORIENTED_EDGE('',*,*,#3123,.T.);
#3123 = EDGE_CURVE('',#3116,#3116,#3124,.T.);
#3124 = CIRCLE('',#3125,6.5E-02);
#3125 = AXIS2_PLACEMENT_3D('',#3126,#3127,#3128);
#3126 = CARTESIAN_POINT('',(-5.170106381884,-11.6,26.8));
#3127 = DIRECTION('',(1.,0.,-0.));
#3128 = DIRECTION('',(0.,0.,1.));
#3129 = ORIENTED_EDGE('',*,*,#3115,.T.);
#3130 = CYLINDRICAL_SURFACE('',#3131,6.5E-02);
#3131 = AXIS2_PLACEMENT_3D('',#3132,#3133,#3134);
#3132 = CARTESIAN_POINT('',(-5.170106381884,-11.6,26.8));
#3133 = DIRECTION('',(1.,0.,0.));
#3134 = DIRECTION('',(0.,0.,1.));
#3135 = ADVANCED_FACE('',(#3136),#3139,.T.);
#3136 = FACE_BOUND('',#3137,.T.);
#3137 = EDGE_LOOP('',(#3138));
#3138 = ORIENTED_EDGE('',*,*,#3106,.T.);
#3139 = PLANE('',#3140);
#3140 = AXIS2_PLACEMENT_3D('',#3141,#3142,#3143);
#3141 = CARTESIAN_POINT('',(5.170106381884,-11.6,26.8));
#3142 = DIRECTION('',(1.,0.,0.));
#3143 = DIRECTION('',(0.,0.,1.));
#3144 = ADVANCED_FACE('',(#3145),#3148,.F.);
#3145 = FACE_BOUND('',#3146,.T.);
#3146 = EDGE_LOOP('',(#3147));
#3147 = ORIENTED_EDGE('',*,*,#3123,.F.);
#3148 = PLANE('',#3149);
#3149 = AXIS2_PLACEMENT_3D('',#3150,#3151,#3152);
#3150 = CARTESIAN_POINT('',(-5.170106381884,-11.6,26.8));
#3151 = DIRECTION('',(1.,0.,0.));
#3152 = DIRECTION('',(0.,0.,1.));
#3153 = MANIFOLD_SOLID_BREP('',#3154);
#3154 = CLOSED_SHELL('',(#3155,#3188,#3197));
#3155 = ADVANCED_FACE('',(#3156),#3183,.T.);
#3156 = FACE_BOUND('',#3157,.T.);
#3157 = EDGE_LOOP('',(#3158,#3167,#3175,#3182));
#3158 = ORIENTED_EDGE('',*,*,#3159,.F.);
#3159 = EDGE_CURVE('',#3160,#3160,#3162,.T.);
#3160 = VERTEX_POINT('',#3161);
#3161 = CARTESIAN_POINT('',(-11.6,5.170106381884,27.005));
#3162 = CIRCLE('',#3163,6.5E-02);
#3163 = AXIS2_PLACEMENT_3D('',#3164,#3165,#3166);
#3164 = CARTESIAN_POINT('',(-11.6,5.170106381884,26.94));
#3165 = DIRECTION('',(0.,1.,0.));
#3166 = DIRECTION('',(0.,0.,1.));
#3167 = ORIENTED_EDGE('',*,*,#3168,.F.);
#3168 = EDGE_CURVE('',#3169,#3160,#3171,.T.);
#3169 = VERTEX_POINT('',#3170);
#3170 = CARTESIAN_POINT('',(-11.6,-5.170106381884,27.005));
#3171 = LINE('',#3172,#3173);
#3172 = CARTESIAN_POINT('',(-11.6,-5.170106381884,27.005));
#3173 = VECTOR('',#3174,1.);
#3174 = DIRECTION('',(0.,1.,0.));
#3175 = ORIENTED_EDGE('',*,*,#3176,.T.);
#3176 = EDGE_CURVE('',#3169,#3169,#3177,.T.);
#3177 = CIRCLE('',#3178,6.5E-02);
#3178 = AXIS2_PLACEMENT_3D('',#3179,#3180,#3181);
#3179 = CARTESIAN_POINT('',(-11.6,-5.170106381884,26.94));
#3180 = DIRECTION('',(0.,1.,0.));
#3181 = DIRECTION('',(0.,0.,1.));
#3182 = ORIENTED_EDGE('',*,*,#3168,.T.);
#3183 = CYLINDRICAL_SURFACE('',#3184,6.5E-02);
#3184 = AXIS2_PLACEMENT_3D('',#3185,#3186,#3187);
#3185 = CARTESIAN_POINT('',(-11.6,-5.170106381884,26.94));
#3186 = DIRECTION('',(0.,1.,0.));
#3187 = DIRECTION('',(0.,0.,1.));
#3188 = ADVANCED_FACE('',(#3189),#3192,.T.);
#3189 = FACE_BOUND('',#3190,.T.);
#3190 = EDGE_LOOP('',(#3191));
#3191 = ORIENTED_EDGE('',*,*,#3159,.T.);
#3192 = PLANE('',#3193);
#3193 = AXIS2_PLACEMENT_3D('',#3194,#3195,#3196);
#3194 = CARTESIAN_POINT('',(-11.6,5.170106381884,26.94));
#3195 = DIRECTION('',(0.,1.,0.));
#3196 = DIRECTION('',(0.,0.,1.));
#3197 = ADVANCED_FACE('',(#3198),#3201,.F.);
#3198 = FACE_BOUND('',#3199,.T.);
#3199 = EDGE_LOOP('',(#3200));
#3200 = ORIENTED_EDGE('',*,*,#3176,.F.);
#3201 = PLANE('',#3202);
#3202 = AXIS2_PLACEMENT_3D('',#3203,#3204,#3205);
#3203 = CARTESIAN_POINT('',(-11.6,-5.170106381884,26.94));
#3204 = DIRECTION('',(0.,1.,0.));
#3205 = DIRECTION('',(0.,0.,1.));
#3206 = MANIFOLD_SOLID_BREP('',#3207);
#3207 = CLOSED_SHELL('',(#3208,#3241,#3250));
#3208 = ADVANCED_FACE('',(#3209),#3236,.T.);
#3209 = FACE_BOUND('',#3210,.T.);
#3210 = EDGE_LOOP('',(#3211,#3220,#3228,#3235));
#3211 = ORIENTED_EDGE('',*,*,#3212,.F.);
#3212 = EDGE_CURVE('',#3213,#3213,#3215,.T.);
#3213 = VERTEX_POINT('',#3214);
#3214 = CARTESIAN_POINT('',(7.633315138261,-10.15,26.865));
#3215 = CIRCLE('',#3216,6.5E-02);
#3216 = AXIS2_PLACEMENT_3D('',#3217,#3218,#3219);
#3217 = CARTESIAN_POINT('',(7.633315138261,-10.15,26.8));
#3218 = DIRECTION('',(1.,0.,-0.));
#3219 = DIRECTION('',(0.,0.,1.));
#3220 = ORIENTED_EDGE('',*,*,#3221,.F.);
#3221 = EDGE_CURVE('',#3222,#3213,#3224,.T.);
#3222 = VERTEX_POINT('',#3223);
#3223 = CARTESIAN_POINT('',(-7.633315138261,-10.15,26.865));
#3224 = LINE('',#3225,#3226);
#3225 = CARTESIAN_POINT('',(-7.633315138261,-10.15,26.865));
#3226 = VECTOR('',#3227,1.);
#3227 = DIRECTION('',(1.,0.,0.));
#3228 = ORIENTED_EDGE('',*,*,#3229,.T.);
#3229 = EDGE_CURVE('',#3222,#3222,#3230,.T.);
#3230 = CIRCLE('',#3231,6.5E-02);
#3231 = AXIS2_PLACEMENT_3D('',#3232,#3233,#3234);
#3232 = CARTESIAN_POINT('',(-7.633315138261,-10.15,26.8));
#3233 = DIRECTION('',(1.,0.,-0.));
#3234 = DIRECTION('',(0.,0.,1.));
#3235 = ORIENTED_EDGE('',*,*,#3221,.T.);
#3236 = CYLINDRICAL_SURFACE('',#3237,6.5E-02);
#3237 = AXIS2_PLACEMENT_3D('',#3238,#3239,#3240);
#3238 = CARTESIAN_POINT('',(-7.633315138261,-10.15,26.8));
#3239 = DIRECTION('',(1.,0.,0.));
#3240 = DIRECTION('',(0.,0.,1.));
#3241 = ADVANCED_FACE('',(#3242),#3245,.T.);
#3242 = FACE_BOUND('',#3243,.T.);
#3243 = EDGE_LOOP('',(#3244));
#3244 = ORIENTED_EDGE('',*,*,#3212,.T.);
#3245 = PLANE('',#3246);
#3246 = AXIS2_PLACEMENT_3D('',#3247,#3248,#3249);
#3247 = CARTESIAN_POINT('',(7.633315138261,-10.15,26.8));
#3248 = DIRECTION('',(1.,0.,0.));
#3249 = DIRECTION('',(0.,0.,1.));
#3250 = ADVANCED_FACE('',(#3251),#3254,.F.);
#3251 = FACE_BOUND('',#3252,.T.);
#3252 = EDGE_LOOP('',(#3253));
#3253 = ORIENTED_EDGE('',*,*,#3229,.F.);
#3254 = PLANE('',#3255);
#3255 = AXIS2_PLACEMENT_3D('',#3256,#3257,#3258);
#3256 = CARTESIAN_POINT('',(-7.633315138261,-10.15,26.8));
#3257 = DIRECTION('',(1.,0.,0.));
#3258 = DIRECTION('',(0.,0.,1.));
#3259 = MANIFOLD_SOLID_BREP('',#3260);
#3260 = CLOSED_SHELL('',(#3261,#3294,#3303));
#3261 = ADVANCED_FACE('',(#3262),#3289,.T.);
#3262 = FACE_BOUND('',#3263,.T.);
#3263 = EDGE_LOOP('',(#3264,#3273,#3281,#3288));
#3264 = ORIENTED_EDGE('',*,*,#3265,.F.);
#3265 = EDGE_CURVE('',#3266,#3266,#3268,.T.);
#3266 = VERTEX_POINT('',#3267);
#3267 = CARTESIAN_POINT('',(-10.15,7.633315138261,27.005));
#3268 = CIRCLE('',#3269,6.5E-02);
#3269 = AXIS2_PLACEMENT_3D('',#3270,#3271,#3272);
#3270 = CARTESIAN_POINT('',(-10.15,7.633315138261,26.94));
#3271 = DIRECTION('',(0.,1.,0.));
#3272 = DIRECTION('',(0.,0.,1.));
#3273 = ORIENTED_EDGE('',*,*,#3274,.F.);
#3274 = EDGE_CURVE('',#3275,#3266,#3277,.T.);
#3275 = VERTEX_POINT('',#3276);
#3276 = CARTESIAN_POINT('',(-10.15,-7.633315138261,27.005));
#3277 = LINE('',#3278,#3279);
#3278 = CARTESIAN_POINT('',(-10.15,-7.633315138261,27.005));
#3279 = VECTOR('',#3280,1.);
#3280 = DIRECTION('',(0.,1.,0.));
#3281 = ORIENTED_EDGE('',*,*,#3282,.T.);
#3282 = EDGE_CURVE('',#3275,#3275,#3283,.T.);
#3283 = CIRCLE('',#3284,6.5E-02);
#3284 = AXIS2_PLACEMENT_3D('',#3285,#3286,#3287);
#3285 = CARTESIAN_POINT('',(-10.15,-7.633315138261,26.94));
#3286 = DIRECTION('',(0.,1.,0.));
#3287 = DIRECTION('',(0.,0.,1.));
#3288 = ORIENTED_EDGE('',*,*,#3274,.T.);
#3289 = CYLINDRICAL_SURFACE('',#3290,6.5E-02);
#3290 = AXIS2_PLACEMENT_3D('',#3291,#3292,#3293);
#3291 = CARTESIAN_POINT('',(-10.15,-7.633315138261,26.94));
#3292 = DIRECTION('',(0.,1.,0.));
#3293 = DIRECTION('',(0.,0.,1.));
#3294 = ADVANCED_FACE('',(#3295),#3298,.T.);
#3295 = FACE_BOUND('',#3296,.T.);
#3296 = EDGE_LOOP('',(#3297));
#3297 = ORIENTED_EDGE('',*,*,#3265,.T.);
#3298 = PLANE('',#3299);
#3299 = AXIS2_PLACEMENT_3D('',#3300,#3301,#3302);
#3300 = CARTESIAN_POINT('',(-10.15,7.633315138261,26.94));
#3301 = DIRECTION('',(0.,1.,0.));
#3302 = DIRECTION('',(0.,0.,1.));
#3303 = ADVANCED_FACE('',(#3304),#3307,.F.);
#3304 = FACE_BOUND('',#3305,.T.);
#3305 = EDGE_LOOP('',(#3306));
#3306 = ORIENTED_EDGE('',*,*,#3282,.F.);
#3307 = PLANE('',#3308);
#3308 = AXIS2_PLACEMENT_3D('',#3309,#3310,#3311);
#3309 = CARTESIAN_POINT('',(-10.15,-7.633315138261,26.94));
#3310 = DIRECTION('',(0.,1.,0.));
#3311 = DIRECTION('',(0.,0.,1.));
#3312 = MANIFOLD_SOLID_BREP('',#3313);
#3313 = CLOSED_SHELL('',(#3314,#3347,#3356));
#3314 = ADVANCED_FACE('',(#3315),#3342,.T.);
#3315 = FACE_BOUND('',#3316,.T.);
#3316 = EDGE_LOOP('',(#3317,#3326,#3334,#3341));
#3317 = ORIENTED_EDGE('',*,*,#3318,.F.);
#3318 = EDGE_CURVE('',#3319,#3319,#3321,.T.);
#3319 = VERTEX_POINT('',#3320);
#3320 = CARTESIAN_POINT('',(9.252026804976,-8.7,26.865));
#3321 = CIRCLE('',#3322,6.5E-02);
#3322 = AXIS2_PLACEMENT_3D('',#3323,#3324,#3325);
#3323 = CARTESIAN_POINT('',(9.252026804976,-8.7,26.8));
#3324 = DIRECTION('',(1.,0.,-0.));
#3325 = DIRECTION('',(0.,0.,1.));
#3326 = ORIENTED_EDGE('',*,*,#3327,.F.);
#3327 = EDGE_CURVE('',#3328,#3319,#3330,.T.);
#3328 = VERTEX_POINT('',#3329);
#3329 = CARTESIAN_POINT('',(-9.252026804976,-8.7,26.865));
#3330 = LINE('',#3331,#3332);
#3331 = CARTESIAN_POINT('',(-9.252026804976,-8.7,26.865));
#3332 = VECTOR('',#3333,1.);
#3333 = DIRECTION('',(1.,0.,0.));
#3334 = ORIENTED_EDGE('',*,*,#3335,.T.);
#3335 = EDGE_CURVE('',#3328,#3328,#3336,.T.);
#3336 = CIRCLE('',#3337,6.5E-02);
#3337 = AXIS2_PLACEMENT_3D('',#3338,#3339,#3340);
#3338 = CARTESIAN_POINT('',(-9.252026804976,-8.7,26.8));
#3339 = DIRECTION('',(1.,0.,-0.));
#3340 = DIRECTION('',(0.,0.,1.));
#3341 = ORIENTED_EDGE('',*,*,#3327,.T.);
#3342 = CYLINDRICAL_SURFACE('',#3343,6.5E-02);
#3343 = AXIS2_PLACEMENT_3D('',#3344,#3345,#3346);
#3344 = CARTESIAN_POINT('',(-9.252026804976,-8.7,26.8));
#3345 = DIRECTION('',(1.,0.,0.));
#3346 = DIRECTION('',(0.,0.,1.));
#3347 = ADVANCED_FACE('',(#3348),#3351,.T.);
#3348 = FACE_BOUND('',#3349,.T.);
#3349 = EDGE_LOOP('',(#3350));
#3350 = ORIENTED_EDGE('',*,*,#3318,.T.);
#3351 = PLANE('',#3352);
#3352 = AXIS2_PLACEMENT_3D('',#3353,#3354,#3355);
#3353 = CARTESIAN_POINT('',(9.252026804976,-8.7,26.8));
#3354 = DIRECTION('',(1.,0.,0.));
#3355 = DIRECTION('',(0.,0.,1.));
#3356 = ADVANCED_FACE('',(#3357),#3360,.F.);
#3357 = FACE_BOUND('',#3358,.T.);
#3358 = EDGE_LOOP('',(#3359));
#3359 = ORIENTED_EDGE('',*,*,#3335,.F.);
#3360 = PLANE('',#3361);
#3361 = AXIS2_PLACEMENT_3D('',#3362,#3363,#3364);
#3362 = CARTESIAN_POINT('',(-9.252026804976,-8.7,26.8));
#3363 = DIRECTION('',(1.,0.,0.));
#3364 = DIRECTION('',(0.,0.,1.));
#3365 = MANIFOLD_SOLID_BREP('',#3366);
#3366 = CLOSED_SHELL('',(#3367,#3400,#3409));
#3367 = ADVANCED_FACE('',(#3368),#3395,.T.);
#3368 = FACE_BOUND('',#3369,.T.);
#3369 = EDGE_LOOP('',(#3370,#3379,#3387,#3394));
#3370 = ORIENTED_EDGE('',*,*,#3371,.F.);
#3371 = EDGE_CURVE('',#3372,#3372,#3374,.T.);
#3372 = VERTEX_POINT('',#3373);
#3373 = CARTESIAN_POINT('',(-8.7,9.252026804976,27.005));
#3374 = CIRCLE('',#3375,6.5E-02);
#3375 = AXIS2_PLACEMENT_3D('',#3376,#3377,#3378);
#3376 = CARTESIAN_POINT('',(-8.7,9.252026804976,26.94));
#3377 = DIRECTION('',(0.,1.,0.));
#3378 = DIRECTION('',(0.,0.,1.));
#3379 = ORIENTED_EDGE('',*,*,#3380,.F.);
#3380 = EDGE_CURVE('',#3381,#3372,#3383,.T.);
#3381 = VERTEX_POINT('',#3382);
#3382 = CARTESIAN_POINT('',(-8.7,-9.252026804976,27.005));
#3383 = LINE('',#3384,#3385);
#3384 = CARTESIAN_POINT('',(-8.7,-9.252026804976,27.005));
#3385 = VECTOR('',#3386,1.);
#3386 = DIRECTION('',(0.,1.,0.));
#3387 = ORIENTED_EDGE('',*,*,#3388,.T.);
#3388 = EDGE_CURVE('',#3381,#3381,#3389,.T.);
#3389 = CIRCLE('',#3390,6.5E-02);
#3390 = AXIS2_PLACEMENT_3D('',#3391,#3392,#3393);
#3391 = CARTESIAN_POINT('',(-8.7,-9.252026804976,26.94));
#3392 = DIRECTION('',(0.,1.,0.));
#3393 = DIRECTION('',(0.,0.,1.));
#3394 = ORIENTED_EDGE('',*,*,#3380,.T.);
#3395 = CYLINDRICAL_SURFACE('',#3396,6.5E-02);
#3396 = AXIS2_PLACEMENT_3D('',#3397,#3398,#3399);
#3397 = CARTESIAN_POINT('',(-8.7,-9.252026804976,26.94));
#3398 = DIRECTION('',(0.,1.,0.));
#3399 = DIRECTION('',(0.,0.,1.));
#3400 = ADVANCED_FACE('',(#3401),#3404,.T.);
#3401 = FACE_BOUND('',#3402,.T.);
#3402 = EDGE_LOOP('',(#3403));
#3403 = ORIENTED_EDGE('',*,*,#3371,.T.);
#3404 = PLANE('',#3405);
#3405 = AXIS2_PLACEMENT_3D('',#3406,#3407,#3408);
#3406 = CARTESIAN_POINT('',(-8.7,9.252026804976,26.94));
#3407 = DIRECTION('',(0.,1.,0.));
#3408 = DIRECTION('',(0.,0.,1.));
#3409 = ADVANCED_FACE('',(#3410),#3413,.F.);
#3410 = FACE_BOUND('',#3411,.T.);
#3411 = EDGE_LOOP('',(#3412));
#3412 = ORIENTED_EDGE('',*,*,#3388,.F.);
#3413 = PLANE('',#3414);
#3414 = AXIS2_PLACEMENT_3D('',#3415,#3416,#3417);
#3415 = CARTESIAN_POINT('',(-8.7,-9.252026804976,26.94));
#3416 = DIRECTION('',(0.,1.,0.));
#3417 = DIRECTION('',(0.,0.,1.));
#3418 = MANIFOLD_SOLID_BREP('',#3419);
#3419 = CLOSED_SHELL('',(#3420,#3453,#3462));
#3420 = ADVANCED_FACE('',(#3421),#3448,.T.);
#3421 = FACE_BOUND('',#3422,.T.);
#3422 = EDGE_LOOP('',(#3423,#3432,#3440,#3447));
#3423 = ORIENTED_EDGE('',*,*,#3424,.F.);
#3424 = EDGE_CURVE('',#3425,#3425,#3427,.T.);
#3425 = VERTEX_POINT('',#3426);
#3426 = CARTESIAN_POINT('',(10.427247959073,-7.25,26.865));
#3427 = CIRCLE('',#3428,6.5E-02);
#3428 = AXIS2_PLACEMENT_3D('',#3429,#3430,#3431);
#3429 = CARTESIAN_POINT('',(10.427247959073,-7.25,26.8));
#3430 = DIRECTION('',(1.,0.,-0.));
#3431 = DIRECTION('',(0.,0.,1.));
#3432 = ORIENTED_EDGE('',*,*,#3433,.F.);
#3433 = EDGE_CURVE('',#3434,#3425,#3436,.T.);
#3434 = VERTEX_POINT('',#3435);
#3435 = CARTESIAN_POINT('',(-10.42724795907,-7.25,26.865));
#3436 = LINE('',#3437,#3438);
#3437 = CARTESIAN_POINT('',(-10.42724795907,-7.25,26.865));
#3438 = VECTOR('',#3439,1.);
#3439 = DIRECTION('',(1.,0.,0.));
#3440 = ORIENTED_EDGE('',*,*,#3441,.T.);
#3441 = EDGE_CURVE('',#3434,#3434,#3442,.T.);
#3442 = CIRCLE('',#3443,6.5E-02);
#3443 = AXIS2_PLACEMENT_3D('',#3444,#3445,#3446);
#3444 = CARTESIAN_POINT('',(-10.42724795907,-7.25,26.8));
#3445 = DIRECTION('',(1.,0.,-0.));
#3446 = DIRECTION('',(0.,0.,1.));
#3447 = ORIENTED_EDGE('',*,*,#3433,.T.);
#3448 = CYLINDRICAL_SURFACE('',#3449,6.5E-02);
#3449 = AXIS2_PLACEMENT_3D('',#3450,#3451,#3452);
#3450 = CARTESIAN_POINT('',(-10.42724795907,-7.25,26.8));
#3451 = DIRECTION('',(1.,0.,0.));
#3452 = DIRECTION('',(0.,0.,1.));
#3453 = ADVANCED_FACE('',(#3454),#3457,.T.);
#3454 = FACE_BOUND('',#3455,.T.);
#3455 = EDGE_LOOP('',(#3456));
#3456 = ORIENTED_EDGE('',*,*,#3424,.T.);
#3457 = PLANE('',#3458);
#3458 = AXIS2_PLACEMENT_3D('',#3459,#3460,#3461);
#3459 = CARTESIAN_POINT('',(10.427247959073,-7.25,26.8));
#3460 = DIRECTION('',(1.,0.,0.));
#3461 = DIRECTION('',(0.,0.,1.));
#3462 = ADVANCED_FACE('',(#3463),#3466,.F.);
#3463 = FACE_BOUND('',#3464,.T.);
#3464 = EDGE_LOOP('',(#3465));
#3465 = ORIENTED_EDGE('',*,*,#3441,.F.);
#3466 = PLANE('',#3467);
#3467 = AXIS2_PLACEMENT_3D('',#3468,#3469,#3470);
#3468 = CARTESIAN_POINT('',(-10.42724795907,-7.25,26.8));
#3469 = DIRECTION('',(1.,0.,0.));
#3470 = DIRECTION('',(0.,0.,1.));
#3471 = MANIFOLD_SOLID_BREP('',#3472);
#3472 = CLOSED_SHELL('',(#3473,#3506,#3515));
#3473 = ADVANCED_FACE('',(#3474),#3501,.T.);
#3474 = FACE_BOUND('',#3475,.T.);
#3475 = EDGE_LOOP('',(#3476,#3485,#3493,#3500));
#3476 = ORIENTED_EDGE('',*,*,#3477,.F.);
#3477 = EDGE_CURVE('',#3478,#3478,#3480,.T.);
#3478 = VERTEX_POINT('',#3479);
#3479 = CARTESIAN_POINT('',(-7.25,10.427247959073,27.005));
#3480 = CIRCLE('',#3481,6.5E-02);
#3481 = AXIS2_PLACEMENT_3D('',#3482,#3483,#3484);
#3482 = CARTESIAN_POINT('',(-7.25,10.427247959073,26.94));
#3483 = DIRECTION('',(0.,1.,0.));
#3484 = DIRECTION('',(0.,0.,1.));
#3485 = ORIENTED_EDGE('',*,*,#3486,.F.);
#3486 = EDGE_CURVE('',#3487,#3478,#3489,.T.);
#3487 = VERTEX_POINT('',#3488);
#3488 = CARTESIAN_POINT('',(-7.25,-10.42724795907,27.005));
#3489 = LINE('',#3490,#3491);
#3490 = CARTESIAN_POINT('',(-7.25,-10.42724795907,27.005));
#3491 = VECTOR('',#3492,1.);
#3492 = DIRECTION('',(0.,1.,0.));
#3493 = ORIENTED_EDGE('',*,*,#3494,.T.);
#3494 = EDGE_CURVE('',#3487,#3487,#3495,.T.);
#3495 = CIRCLE('',#3496,6.5E-02);
#3496 = AXIS2_PLACEMENT_3D('',#3497,#3498,#3499);
#3497 = CARTESIAN_POINT('',(-7.25,-10.42724795907,26.94));
#3498 = DIRECTION('',(0.,1.,0.));
#3499 = DIRECTION('',(0.,0.,1.));
#3500 = ORIENTED_EDGE('',*,*,#3486,.T.);
#3501 = CYLINDRICAL_SURFACE('',#3502,6.5E-02);
#3502 = AXIS2_PLACEMENT_3D('',#3503,#3504,#3505);
#3503 = CARTESIAN_POINT('',(-7.25,-10.42724795907,26.94));
#3504 = DIRECTION('',(0.,1.,0.));
#3505 = DIRECTION('',(0.,0.,1.));
#3506 = ADVANCED_FACE('',(#3507),#3510,.T.);
#3507 = FACE_BOUND('',#3508,.T.);
#3508 = EDGE_LOOP('',(#3509));
#3509 = ORIENTED_EDGE('',*,*,#3477,.T.);
#3510 = PLANE('',#3511);
#3511 = AXIS2_PLACEMENT_3D('',#3512,#3513,#3514);
#3512 = CARTESIAN_POINT('',(-7.25,10.427247959073,26.94));
#3513 = DIRECTION('',(0.,1.,0.));
#3514 = DIRECTION('',(0.,0.,1.));
#3515 = ADVANCED_FACE('',(#3516),#3519,.F.);
#3516 = FACE_BOUND('',#3517,.T.);
#3517 = EDGE_LOOP('',(#3518));
#3518 = ORIENTED_EDGE('',*,*,#3494,.F.);
#3519 = PLANE('',#3520);
#3520 = AXIS2_PLACEMENT_3D('',#3521,#3522,#3523);
#3521 = CARTESIAN_POINT('',(-7.25,-10.42724795907,26.94));
#3522 = DIRECTION('',(0.,1.,0.));
#3523 = DIRECTION('',(0.,0.,1.));
#3524 = MANIFOLD_SOLID_BREP('',#3525);
#3525 = CLOSED_SHELL('',(#3526,#3559,#3568));
#3526 = ADVANCED_FACE('',(#3527),#3554,.T.);
#3527 = FACE_BOUND('',#3528,.T.);
#3528 = EDGE_LOOP('',(#3529,#3538,#3546,#3553));
#3529 = ORIENTED_EDGE('',*,*,#3530,.F.);
#3530 = EDGE_CURVE('',#3531,#3531,#3533,.T.);
#3531 = VERTEX_POINT('',#3532);
#3532 = CARTESIAN_POINT('',(11.298229949864,-5.8,26.865));
#3533 = CIRCLE('',#3534,6.5E-02);
#3534 = AXIS2_PLACEMENT_3D('',#3535,#3536,#3537);
#3535 = CARTESIAN_POINT('',(11.298229949864,-5.8,26.8));
#3536 = DIRECTION('',(1.,0.,-0.));
#3537 = DIRECTION('',(0.,0.,1.));
#3538 = ORIENTED_EDGE('',*,*,#3539,.F.);
#3539 = EDGE_CURVE('',#3540,#3531,#3542,.T.);
#3540 = VERTEX_POINT('',#3541);
#3541 = CARTESIAN_POINT('',(-11.29822994986,-5.8,26.865));
#3542 = LINE('',#3543,#3544);
#3543 = CARTESIAN_POINT('',(-11.29822994986,-5.8,26.865));
#3544 = VECTOR('',#3545,1.);
#3545 = DIRECTION('',(1.,0.,0.));
#3546 = ORIENTED_EDGE('',*,*,#3547,.T.);
#3547 = EDGE_CURVE('',#3540,#3540,#3548,.T.);
#3548 = CIRCLE('',#3549,6.5E-02);
#3549 = AXIS2_PLACEMENT_3D('',#3550,#3551,#3552);
#3550 = CARTESIAN_POINT('',(-11.29822994986,-5.8,26.8));
#3551 = DIRECTION('',(1.,0.,-0.));
#3552 = DIRECTION('',(0.,0.,1.));
#3553 = ORIENTED_EDGE('',*,*,#3539,.T.);
#3554 = CYLINDRICAL_SURFACE('',#3555,6.5E-02);
#3555 = AXIS2_PLACEMENT_3D('',#3556,#3557,#3558);
#3556 = CARTESIAN_POINT('',(-11.29822994986,-5.8,26.8));
#3557 = DIRECTION('',(1.,0.,0.));
#3558 = DIRECTION('',(0.,0.,1.));
#3559 = ADVANCED_FACE('',(#3560),#3563,.T.);
#3560 = FACE_BOUND('',#3561,.T.);
#3561 = EDGE_LOOP('',(#3562));
#3562 = ORIENTED_EDGE('',*,*,#3530,.T.);
#3563 = PLANE('',#3564);
#3564 = AXIS2_PLACEMENT_3D('',#3565,#3566,#3567);
#3565 = CARTESIAN_POINT('',(11.298229949864,-5.8,26.8));
#3566 = DIRECTION('',(1.,0.,0.));
#3567 = DIRECTION('',(0.,0.,1.));
#3568 = ADVANCED_FACE('',(#3569),#3572,.F.);
#3569 = FACE_BOUND('',#3570,.T.);
#3570 = EDGE_LOOP('',(#3571));
#3571 = ORIENTED_EDGE('',*,*,#3547,.F.);
#3572 = PLANE('',#3573);
#3573 = AXIS2_PLACEMENT_3D('',#3574,#3575,#3576);
#3574 = CARTESIAN_POINT('',(-11.29822994986,-5.8,26.8));
#3575 = DIRECTION('',(1.,0.,0.));
#3576 = DIRECTION('',(0.,0.,1.));
#3577 = MANIFOLD_SOLID_BREP('',#3578);
#3578 = CLOSED_SHELL('',(#3579,#3612,#3621));
#3579 = ADVANCED_FACE('',(#3580),#3607,.T.);
#3580 = FACE_BOUND('',#3581,.T.);
#3581 = EDGE_LOOP('',(#3582,#3591,#3599,#3606));
#3582 = ORIENTED_EDGE('',*,*,#3583,.F.);
#3583 = EDGE_CURVE('',#3584,#3584,#3586,.T.);
#3584 = VERTEX_POINT('',#3585);
#3585 = CARTESIAN_POINT('',(-5.8,11.298229949864,27.005));
#3586 = CIRCLE('',#3587,6.5E-02);
#3587 = AXIS2_PLACEMENT_3D('',#3588,#3589,#3590);
#3588 = CARTESIAN_POINT('',(-5.8,11.298229949864,26.94));
#3589 = DIRECTION('',(0.,1.,0.));
#3590 = DIRECTION('',(0.,0.,1.));
#3591 = ORIENTED_EDGE('',*,*,#3592,.F.);
#3592 = EDGE_CURVE('',#3593,#3584,#3595,.T.);
#3593 = VERTEX_POINT('',#3594);
#3594 = CARTESIAN_POINT('',(-5.8,-11.29822994986,27.005));
#3595 = LINE('',#3596,#3597);
#3596 = CARTESIAN_POINT('',(-5.8,-11.29822994986,27.005));
#3597 = VECTOR('',#3598,1.);
#3598 = DIRECTION('',(0.,1.,0.));
#3599 = ORIENTED_EDGE('',*,*,#3600,.T.);
#3600 = EDGE_CURVE('',#3593,#3593,#3601,.T.);
#3601 = CIRCLE('',#3602,6.5E-02);
#3602 = AXIS2_PLACEMENT_3D('',#3603,#3604,#3605);
#3603 = CARTESIAN_POINT('',(-5.8,-11.29822994986,26.94));
#3604 = DIRECTION('',(0.,1.,0.));
#3605 = DIRECTION('',(0.,0.,1.));
#3606 = ORIENTED_EDGE('',*,*,#3592,.T.);
#3607 = CYLINDRICAL_SURFACE('',#3608,6.5E-02);
#3608 = AXIS2_PLACEMENT_3D('',#3609,#3610,#3611);
#3609 = CARTESIAN_POINT('',(-5.8,-11.29822994986,26.94));
#3610 = DIRECTION('',(0.,1.,0.));
#3611 = DIRECTION('',(0.,0.,1.));
#3612 = ADVANCED_FACE('',(#3613),#3616,.T.);
#3613 = FACE_BOUND('',#3614,.T.);
#3614 = EDGE_LOOP('',(#3615));
#3615 = ORIENTED_EDGE('',*,*,#3583,.T.);
#3616 = PLANE('',#3617);
#3617 = AXIS2_PLACEMENT_3D('',#3618,#3619,#3620);
#3618 = CARTESIAN_POINT('',(-5.8,11.298229949864,26.94));
#3619 = DIRECTION('',(0.,1.,0.));
#3620 = DIRECTION('',(0.,0.,1.));
#3621 = ADVANCED_FACE('',(#3622),#3625,.F.);
#3622 = FACE_BOUND('',#3623,.T.);
#3623 = EDGE_LOOP('',(#3624));
#3624 = ORIENTED_EDGE('',*,*,#3600,.F.);
#3625 = PLANE('',#3626);
#3626 = AXIS2_PLACEMENT_3D('',#3627,#3628,#3629);
#3627 = CARTESIAN_POINT('',(-5.8,-11.29822994986,26.94));
#3628 = DIRECTION('',(0.,1.,0.));
#3629 = DIRECTION('',(0.,0.,1.));
#3630 = MANIFOLD_SOLID_BREP('',#3631);
#3631 = CLOSED_SHELL('',(#3632,#3665,#3674));
#3632 = ADVANCED_FACE('',(#3633),#3660,.T.);
#3633 = FACE_BOUND('',#3634,.T.);
#3634 = EDGE_LOOP('',(#3635,#3644,#3652,#3659));
#3635 = ORIENTED_EDGE('',*,*,#3636,.F.);
#3636 = EDGE_CURVE('',#3637,#3637,#3639,.T.);
#3637 = VERTEX_POINT('',#3638);
#3638 = CARTESIAN_POINT('',(11.93178528134,-4.35,26.865));
#3639 = CIRCLE('',#3640,6.5E-02);
#3640 = AXIS2_PLACEMENT_3D('',#3641,#3642,#3643);
#3641 = CARTESIAN_POINT('',(11.93178528134,-4.35,26.8));
#3642 = DIRECTION('',(1.,0.,-0.));
#3643 = DIRECTION('',(0.,0.,1.));
#3644 = ORIENTED_EDGE('',*,*,#3645,.F.);
#3645 = EDGE_CURVE('',#3646,#3637,#3648,.T.);
#3646 = VERTEX_POINT('',#3647);
#3647 = CARTESIAN_POINT('',(-11.93178528134,-4.35,26.865));
#3648 = LINE('',#3649,#3650);
#3649 = CARTESIAN_POINT('',(-11.93178528134,-4.35,26.865));
#3650 = VECTOR('',#3651,1.);
#3651 = DIRECTION('',(1.,0.,0.));
#3652 = ORIENTED_EDGE('',*,*,#3653,.T.);
#3653 = EDGE_CURVE('',#3646,#3646,#3654,.T.);
#3654 = CIRCLE('',#3655,6.5E-02);
#3655 = AXIS2_PLACEMENT_3D('',#3656,#3657,#3658);
#3656 = CARTESIAN_POINT('',(-11.93178528134,-4.35,26.8));
#3657 = DIRECTION('',(1.,0.,-0.));
#3658 = DIRECTION('',(0.,0.,1.));
#3659 = ORIENTED_EDGE('',*,*,#3645,.T.);
#3660 = CYLINDRICAL_SURFACE('',#3661,6.5E-02);
#3661 = AXIS2_PLACEMENT_3D('',#3662,#3663,#3664);
#3662 = CARTESIAN_POINT('',(-11.93178528134,-4.35,26.8));
#3663 = DIRECTION('',(1.,0.,0.));
#3664 = DIRECTION('',(0.,0.,1.));
#3665 = ADVANCED_FACE('',(#3666),#3669,.T.);
#3666 = FACE_BOUND('',#3667,.T.);
#3667 = EDGE_LOOP('',(#3668));
#3668 = ORIENTED_EDGE('',*,*,#3636,.T.);
#3669 = PLANE('',#3670);
#3670 = AXIS2_PLACEMENT_3D('',#3671,#3672,#3673);
#3671 = CARTESIAN_POINT('',(11.93178528134,-4.35,26.8));
#3672 = DIRECTION('',(1.,0.,0.));
#3673 = DIRECTION('',(0.,0.,1.));
#3674 = ADVANCED_FACE('',(#3675),#3678,.F.);
#3675 = FACE_BOUND('',#3676,.T.);
#3676 = EDGE_LOOP('',(#3677));
#3677 = ORIENTED_EDGE('',*,*,#3653,.F.);
#3678 = PLANE('',#3679);
#3679 = AXIS2_PLACEMENT_3D('',#3680,#3681,#3682);
#3680 = CARTESIAN_POINT('',(-11.93178528134,-4.35,26.8));
#3681 = DIRECTION('',(1.,0.,0.));
#3682 = DIRECTION('',(0.,0.,1.));
#3683 = MANIFOLD_SOLID_BREP('',#3684);
#3684 = CLOSED_SHELL('',(#3685,#3718,#3727));
#3685 = ADVANCED_FACE('',(#3686),#3713,.T.);
#3686 = FACE_BOUND('',#3687,.T.);
#3687 = EDGE_LOOP('',(#3688,#3697,#3705,#3712));
#3688 = ORIENTED_EDGE('',*,*,#3689,.F.);
#3689 = EDGE_CURVE('',#3690,#3690,#3692,.T.);
#3690 = VERTEX_POINT('',#3691);
#3691 = CARTESIAN_POINT('',(-4.35,11.93178528134,27.005));
#3692 = CIRCLE('',#3693,6.5E-02);
#3693 = AXIS2_PLACEMENT_3D('',#3694,#3695,#3696);
#3694 = CARTESIAN_POINT('',(-4.35,11.93178528134,26.94));
#3695 = DIRECTION('',(0.,1.,0.));
#3696 = DIRECTION('',(0.,0.,1.));
#3697 = ORIENTED_EDGE('',*,*,#3698,.F.);
#3698 = EDGE_CURVE('',#3699,#3690,#3701,.T.);
#3699 = VERTEX_POINT('',#3700);
#3700 = CARTESIAN_POINT('',(-4.35,-11.93178528134,27.005));
#3701 = LINE('',#3702,#3703);
#3702 = CARTESIAN_POINT('',(-4.35,-11.93178528134,27.005));
#3703 = VECTOR('',#3704,1.);
#3704 = DIRECTION('',(0.,1.,0.));
#3705 = ORIENTED_EDGE('',*,*,#3706,.T.);
#3706 = EDGE_CURVE('',#3699,#3699,#3707,.T.);
#3707 = CIRCLE('',#3708,6.5E-02);
#3708 = AXIS2_PLACEMENT_3D('',#3709,#3710,#3711);
#3709 = CARTESIAN_POINT('',(-4.35,-11.93178528134,26.94));
#3710 = DIRECTION('',(0.,1.,0.));
#3711 = DIRECTION('',(0.,0.,1.));
#3712 = ORIENTED_EDGE('',*,*,#3698,.T.);
#3713 = CYLINDRICAL_SURFACE('',#3714,6.5E-02);
#3714 = AXIS2_PLACEMENT_3D('',#3715,#3716,#3717);
#3715 = CARTESIAN_POINT('',(-4.35,-11.93178528134,26.94));
#3716 = DIRECTION('',(0.,1.,0.));
#3717 = DIRECTION('',(0.,0.,1.));
#3718 = ADVANCED_FACE('',(#3719),#3722,.T.);
#3719 = FACE_BOUND('',#3720,.T.);
#3720 = EDGE_LOOP('',(#3721));
#3721 = ORIENTED_EDGE('',*,*,#3689,.T.);
#3722 = PLANE('',#3723);
#3723 = AXIS2_PLACEMENT_3D('',#3724,#3725,#3726);
#3724 = CARTESIAN_POINT('',(-4.35,11.93178528134,26.94));
#3725 = DIRECTION('',(0.,1.,0.));
#3726 = DIRECTION('',(0.,0.,1.));
#3727 = ADVANCED_FACE('',(#3728),#3731,.F.);
#3728 = FACE_BOUND('',#3729,.T.);
#3729 = EDGE_LOOP('',(#3730));
#3730 = ORIENTED_EDGE('',*,*,#3706,.F.);
#3731 = PLANE('',#3732);
#3732 = AXIS2_PLACEMENT_3D('',#3733,#3734,#3735);
#3733 = CARTESIAN_POINT('',(-4.35,-11.93178528134,26.94));
#3734 = DIRECTION('',(0.,1.,0.));
#3735 = DIRECTION('',(0.,0.,1.));
#3736 = MANIFOLD_SOLID_BREP('',#3737);
#3737 = CLOSED_SHELL('',(#3738,#3771,#3780));
#3738 = ADVANCED_FACE('',(#3739),#3766,.T.);
#3739 = FACE_BOUND('',#3740,.T.);
#3740 = EDGE_LOOP('',(#3741,#3750,#3758,#3765));
#3741 = ORIENTED_EDGE('',*,*,#3742,.F.);
#3742 = EDGE_CURVE('',#3743,#3743,#3745,.T.);
#3743 = VERTEX_POINT('',#3744);
#3744 = CARTESIAN_POINT('',(12.364465212859,-2.9,26.865));
#3745 = CIRCLE('',#3746,6.5E-02);
#3746 = AXIS2_PLACEMENT_3D('',#3747,#3748,#3749);
#3747 = CARTESIAN_POINT('',(12.364465212859,-2.9,26.8));
#3748 = DIRECTION('',(1.,0.,-0.));
#3749 = DIRECTION('',(0.,0.,1.));
#3750 = ORIENTED_EDGE('',*,*,#3751,.F.);
#3751 = EDGE_CURVE('',#3752,#3743,#3754,.T.);
#3752 = VERTEX_POINT('',#3753);
#3753 = CARTESIAN_POINT('',(-12.36446521285,-2.9,26.865));
#3754 = LINE('',#3755,#3756);
#3755 = CARTESIAN_POINT('',(-12.36446521285,-2.9,26.865));
#3756 = VECTOR('',#3757,1.);
#3757 = DIRECTION('',(1.,0.,0.));
#3758 = ORIENTED_EDGE('',*,*,#3759,.T.);
#3759 = EDGE_CURVE('',#3752,#3752,#3760,.T.);
#3760 = CIRCLE('',#3761,6.5E-02);
#3761 = AXIS2_PLACEMENT_3D('',#3762,#3763,#3764);
#3762 = CARTESIAN_POINT('',(-12.36446521285,-2.9,26.8));
#3763 = DIRECTION('',(1.,0.,-0.));
#3764 = DIRECTION('',(0.,0.,1.));
#3765 = ORIENTED_EDGE('',*,*,#3751,.T.);
#3766 = CYLINDRICAL_SURFACE('',#3767,6.5E-02);
#3767 = AXIS2_PLACEMENT_3D('',#3768,#3769,#3770);
#3768 = CARTESIAN_POINT('',(-12.36446521285,-2.9,26.8));
#3769 = DIRECTION('',(1.,0.,0.));
#3770 = DIRECTION('',(0.,0.,1.));
#3771 = ADVANCED_FACE('',(#3772),#3775,.T.);
#3772 = FACE_BOUND('',#3773,.T.);
#3773 = EDGE_LOOP('',(#3774));
#3774 = ORIENTED_EDGE('',*,*,#3742,.T.);
#3775 = PLANE('',#3776);
#3776 = AXIS2_PLACEMENT_3D('',#3777,#3778,#3779);
#3777 = CARTESIAN_POINT('',(12.364465212859,-2.9,26.8));
#3778 = DIRECTION('',(1.,0.,0.));
#3779 = DIRECTION('',(0.,0.,1.));
#3780 = ADVANCED_FACE('',(#3781),#3784,.F.);
#3781 = FACE_BOUND('',#3782,.T.);
#3782 = EDGE_LOOP('',(#3783));
#3783 = ORIENTED_EDGE('',*,*,#3759,.F.);
#3784 = PLANE('',#3785);
#3785 = AXIS2_PLACEMENT_3D('',#3786,#3787,#3788);
#3786 = CARTESIAN_POINT('',(-12.36446521285,-2.9,26.8));
#3787 = DIRECTION('',(1.,0.,0.));
#3788 = DIRECTION('',(0.,0.,1.));
#3789 = MANIFOLD_SOLID_BREP('',#3790);
#3790 = CLOSED_SHELL('',(#3791,#3824,#3833));
#3791 = ADVANCED_FACE('',(#3792),#3819,.T.);
#3792 = FACE_BOUND('',#3793,.T.);
#3793 = EDGE_LOOP('',(#3794,#3803,#3811,#3818));
#3794 = ORIENTED_EDGE('',*,*,#3795,.F.);
#3795 = EDGE_CURVE('',#3796,#3796,#3798,.T.);
#3796 = VERTEX_POINT('',#3797);
#3797 = CARTESIAN_POINT('',(-2.9,12.364465212859,27.005));
#3798 = CIRCLE('',#3799,6.5E-02);
#3799 = AXIS2_PLACEMENT_3D('',#3800,#3801,#3802);
#3800 = CARTESIAN_POINT('',(-2.9,12.364465212859,26.94));
#3801 = DIRECTION('',(0.,1.,0.));
#3802 = DIRECTION('',(0.,0.,1.));
#3803 = ORIENTED_EDGE('',*,*,#3804,.F.);
#3804 = EDGE_CURVE('',#3805,#3796,#3807,.T.);
#3805 = VERTEX_POINT('',#3806);
#3806 = CARTESIAN_POINT('',(-2.9,-12.36446521285,27.005));
#3807 = LINE('',#3808,#3809);
#3808 = CARTESIAN_POINT('',(-2.9,-12.36446521285,27.005));
#3809 = VECTOR('',#3810,1.);
#3810 = DIRECTION('',(0.,1.,0.));
#3811 = ORIENTED_EDGE('',*,*,#3812,.T.);
#3812 = EDGE_CURVE('',#3805,#3805,#3813,.T.);
#3813 = CIRCLE('',#3814,6.5E-02);
#3814 = AXIS2_PLACEMENT_3D('',#3815,#3816,#3817);
#3815 = CARTESIAN_POINT('',(-2.9,-12.36446521285,26.94));
#3816 = DIRECTION('',(0.,1.,0.));
#3817 = DIRECTION('',(0.,0.,1.));
#3818 = ORIENTED_EDGE('',*,*,#3804,.T.);
#3819 = CYLINDRICAL_SURFACE('',#3820,6.5E-02);
#3820 = AXIS2_PLACEMENT_3D('',#3821,#3822,#3823);
#3821 = CARTESIAN_POINT('',(-2.9,-12.36446521285,26.94));
#3822 = DIRECTION('',(0.,1.,0.));
#3823 = DIRECTION('',(0.,0.,1.));
#3824 = ADVANCED_FACE('',(#3825),#3828,.T.);
#3825 = FACE_BOUND('',#3826,.T.);
#3826 = EDGE_LOOP('',(#3827));
#3827 = ORIENTED_EDGE('',*,*,#3795,.T.);
#3828 = PLANE('',#3829);
#3829 = AXIS2_PLACEMENT_3D('',#3830,#3831,#3832);
#3830 = CARTESIAN_POINT('',(-2.9,12.364465212859,26.94));
#3831 = DIRECTION('',(0.,1.,0.));
#3832 = DIRECTION('',(0.,0.,1.));
#3833 = ADVANCED_FACE('',(#3834),#3837,.F.);
#3834 = FACE_BOUND('',#3835,.T.);
#3835 = EDGE_LOOP('',(#3836));
#3836 = ORIENTED_EDGE('',*,*,#3812,.F.);
#3837 = PLANE('',#3838);
#3838 = AXIS2_PLACEMENT_3D('',#3839,#3840,#3841);
#3839 = CARTESIAN_POINT('',(-2.9,-12.36446521285,26.94));
#3840 = DIRECTION('',(0.,1.,0.));
#3841 = DIRECTION('',(0.,0.,1.));
#3842 = MANIFOLD_SOLID_BREP('',#3843);
#3843 = CLOSED_SHELL('',(#3844,#3877,#3886));
#3844 = ADVANCED_FACE('',(#3845),#3872,.T.);
#3845 = FACE_BOUND('',#3846,.T.);
#3846 = EDGE_LOOP('',(#3847,#3856,#3864,#3871));
#3847 = ORIENTED_EDGE('',*,*,#3848,.F.);
#3848 = EDGE_CURVE('',#3849,#3849,#3851,.T.);
#3849 = VERTEX_POINT('',#3850);
#3850 = CARTESIAN_POINT('',(12.616952880946,-1.45,26.865));
#3851 = CIRCLE('',#3852,6.5E-02);
#3852 = AXIS2_PLACEMENT_3D('',#3853,#3854,#3855);
#3853 = CARTESIAN_POINT('',(12.616952880946,-1.45,26.8));
#3854 = DIRECTION('',(1.,0.,-0.));
#3855 = DIRECTION('',(0.,0.,1.));
#3856 = ORIENTED_EDGE('',*,*,#3857,.F.);
#3857 = EDGE_CURVE('',#3858,#3849,#3860,.T.);
#3858 = VERTEX_POINT('',#3859);
#3859 = CARTESIAN_POINT('',(-12.61695288094,-1.45,26.865));
#3860 = LINE('',#3861,#3862);
#3861 = CARTESIAN_POINT('',(-12.61695288094,-1.45,26.865));
#3862 = VECTOR('',#3863,1.);
#3863 = DIRECTION('',(1.,0.,0.));
#3864 = ORIENTED_EDGE('',*,*,#3865,.T.);
#3865 = EDGE_CURVE('',#3858,#3858,#3866,.T.);
#3866 = CIRCLE('',#3867,6.5E-02);
#3867 = AXIS2_PLACEMENT_3D('',#3868,#3869,#3870);
#3868 = CARTESIAN_POINT('',(-12.61695288094,-1.45,26.8));
#3869 = DIRECTION('',(1.,0.,-0.));
#3870 = DIRECTION('',(0.,0.,1.));
#3871 = ORIENTED_EDGE('',*,*,#3857,.T.);
#3872 = CYLINDRICAL_SURFACE('',#3873,6.5E-02);
#3873 = AXIS2_PLACEMENT_3D('',#3874,#3875,#3876);
#3874 = CARTESIAN_POINT('',(-12.61695288094,-1.45,26.8));
#3875 = DIRECTION('',(1.,0.,0.));
#3876 = DIRECTION('',(0.,0.,1.));
#3877 = ADVANCED_FACE('',(#3878),#3881,.T.);
#3878 = FACE_BOUND('',#3879,.T.);
#3879 = EDGE_LOOP('',(#3880));
#3880 = ORIENTED_EDGE('',*,*,#3848,.T.);
#3881 = PLANE('',#3882);
#3882 = AXIS2_PLACEMENT_3D('',#3883,#3884,#3885);
#3883 = CARTESIAN_POINT('',(12.616952880946,-1.45,26.8));
#3884 = DIRECTION('',(1.,0.,0.));
#3885 = DIRECTION('',(0.,0.,1.));
#3886 = ADVANCED_FACE('',(#3887),#3890,.F.);
#3887 = FACE_BOUND('',#3888,.T.);
#3888 = EDGE_LOOP('',(#3889));
#3889 = ORIENTED_EDGE('',*,*,#3865,.F.);
#3890 = PLANE('',#3891);
#3891 = AXIS2_PLACEMENT_3D('',#3892,#3893,#3894);
#3892 = CARTESIAN_POINT('',(-12.61695288094,-1.45,26.8));
#3893 = DIRECTION('',(1.,0.,0.));
#3894 = DIRECTION('',(0.,0.,1.));
#3895 = MANIFOLD_SOLID_BREP('',#3896);
#3896 = CLOSED_SHELL('',(#3897,#3930,#3939));
#3897 = ADVANCED_FACE('',(#3898),#3925,.T.);
#3898 = FACE_BOUND('',#3899,.T.);
#3899 = EDGE_LOOP('',(#3900,#3909,#3917,#3924));
#3900 = ORIENTED_EDGE('',*,*,#3901,.F.);
#3901 = EDGE_CURVE('',#3902,#3902,#3904,.T.);
#3902 = VERTEX_POINT('',#3903);
#3903 = CARTESIAN_POINT('',(-1.45,12.616952880946,27.005));
#3904 = CIRCLE('',#3905,6.5E-02);
#3905 = AXIS2_PLACEMENT_3D('',#3906,#3907,#3908);
#3906 = CARTESIAN_POINT('',(-1.45,12.616952880946,26.94));
#3907 = DIRECTION('',(0.,1.,0.));
#3908 = DIRECTION('',(0.,0.,1.));
#3909 = ORIENTED_EDGE('',*,*,#3910,.F.);
#3910 = EDGE_CURVE('',#3911,#3902,#3913,.T.);
#3911 = VERTEX_POINT('',#3912);
#3912 = CARTESIAN_POINT('',(-1.45,-12.61695288094,27.005));
#3913 = LINE('',#3914,#3915);
#3914 = CARTESIAN_POINT('',(-1.45,-12.61695288094,27.005));
#3915 = VECTOR('',#3916,1.);
#3916 = DIRECTION('',(0.,1.,0.));
#3917 = ORIENTED_EDGE('',*,*,#3918,.T.);
#3918 = EDGE_CURVE('',#3911,#3911,#3919,.T.);
#3919 = CIRCLE('',#3920,6.5E-02);
#3920 = AXIS2_PLACEMENT_3D('',#3921,#3922,#3923);
#3921 = CARTESIAN_POINT('',(-1.45,-12.61695288094,26.94));
#3922 = DIRECTION('',(0.,1.,0.));
#3923 = DIRECTION('',(0.,0.,1.));
#3924 = ORIENTED_EDGE('',*,*,#3910,.T.);
#3925 = CYLINDRICAL_SURFACE('',#3926,6.5E-02);
#3926 = AXIS2_PLACEMENT_3D('',#3927,#3928,#3929);
#3927 = CARTESIAN_POINT('',(-1.45,-12.61695288094,26.94));
#3928 = DIRECTION('',(0.,1.,0.));
#3929 = DIRECTION('',(0.,0.,1.));
#3930 = ADVANCED_FACE('',(#3931),#3934,.T.);
#3931 = FACE_BOUND('',#3932,.T.);
#3932 = EDGE_LOOP('',(#3933));
#3933 = ORIENTED_EDGE('',*,*,#3901,.T.);
#3934 = PLANE('',#3935);
#3935 = AXIS2_PLACEMENT_3D('',#3936,#3937,#3938);
#3936 = CARTESIAN_POINT('',(-1.45,12.616952880946,26.94));
#3937 = DIRECTION('',(0.,1.,0.));
#3938 = DIRECTION('',(0.,0.,1.));
#3939 = ADVANCED_FACE('',(#3940),#3943,.F.);
#3940 = FACE_BOUND('',#3941,.T.);
#3941 = EDGE_LOOP('',(#3942));
#3942 = ORIENTED_EDGE('',*,*,#3918,.F.);
#3943 = PLANE('',#3944);
#3944 = AXIS2_PLACEMENT_3D('',#3945,#3946,#3947);
#3945 = CARTESIAN_POINT('',(-1.45,-12.61695288094,26.94));
#3946 = DIRECTION('',(0.,1.,0.));
#3947 = DIRECTION('',(0.,0.,1.));
#3948 = MANIFOLD_SOLID_BREP('',#3949);
#3949 = CLOSED_SHELL('',(#3950,#3983,#3992));
#3950 = ADVANCED_FACE('',(#3951),#3978,.T.);
#3951 = FACE_BOUND('',#3952,.T.);
#3952 = EDGE_LOOP('',(#3953,#3962,#3970,#3977));
#3953 = ORIENTED_EDGE('',*,*,#3954,.F.);
#3954 = EDGE_CURVE('',#3955,#3955,#3957,.T.);
#3955 = VERTEX_POINT('',#3956);
#3956 = CARTESIAN_POINT('',(12.7,1.592040838892E-17,26.865));
#3957 = CIRCLE('',#3958,6.5E-02);
#3958 = AXIS2_PLACEMENT_3D('',#3959,#3960,#3961);
#3959 = CARTESIAN_POINT('',(12.7,0.,26.8));
#3960 = DIRECTION('',(1.,0.,-0.));
#3961 = DIRECTION('',(0.,0.,1.));
#3962 = ORIENTED_EDGE('',*,*,#3963,.F.);
#3963 = EDGE_CURVE('',#3964,#3955,#3966,.T.);
#3964 = VERTEX_POINT('',#3965);
#3965 = CARTESIAN_POINT('',(-12.7,1.592040838892E-17,26.865));
#3966 = LINE('',#3967,#3968);
#3967 = CARTESIAN_POINT('',(-12.7,1.592040838892E-17,26.865));
#3968 = VECTOR('',#3969,1.);
#3969 = DIRECTION('',(1.,0.,0.));
#3970 = ORIENTED_EDGE('',*,*,#3971,.T.);
#3971 = EDGE_CURVE('',#3964,#3964,#3972,.T.);
#3972 = CIRCLE('',#3973,6.5E-02);
#3973 = AXIS2_PLACEMENT_3D('',#3974,#3975,#3976);
#3974 = CARTESIAN_POINT('',(-12.7,0.,26.8));
#3975 = DIRECTION('',(1.,0.,-0.));
#3976 = DIRECTION('',(0.,0.,1.));
#3977 = ORIENTED_EDGE('',*,*,#3963,.T.);
#3978 = CYLINDRICAL_SURFACE('',#3979,6.5E-02);
#3979 = AXIS2_PLACEMENT_3D('',#3980,#3981,#3982);
#3980 = CARTESIAN_POINT('',(-12.7,0.,26.8));
#3981 = DIRECTION('',(1.,0.,0.));
#3982 = DIRECTION('',(0.,0.,1.));
#3983 = ADVANCED_FACE('',(#3984),#3987,.T.);
#3984 = FACE_BOUND('',#3985,.T.);
#3985 = EDGE_LOOP('',(#3986));
#3986 = ORIENTED_EDGE('',*,*,#3954,.T.);
#3987 = PLANE('',#3988);
#3988 = AXIS2_PLACEMENT_3D('',#3989,#3990,#3991);
#3989 = CARTESIAN_POINT('',(12.7,0.,26.8));
#3990 = DIRECTION('',(1.,0.,0.));
#3991 = DIRECTION('',(0.,0.,1.));
#3992 = ADVANCED_FACE('',(#3993),#3996,.F.);
#3993 = FACE_BOUND('',#3994,.T.);
#3994 = EDGE_LOOP('',(#3995));
#3995 = ORIENTED_EDGE('',*,*,#3971,.F.);
#3996 = PLANE('',#3997);
#3997 = AXIS2_PLACEMENT_3D('',#3998,#3999,#4000);
#3998 = CARTESIAN_POINT('',(-12.7,0.,26.8));
#3999 = DIRECTION('',(1.,0.,0.));
#4000 = DIRECTION('',(0.,0.,1.));
#4001 = MANIFOLD_SOLID_BREP('',#4002);
#4002 = CLOSED_SHELL('',(#4003,#4036,#4045));
#4003 = ADVANCED_FACE('',(#4004),#4031,.T.);
#4004 = FACE_BOUND('',#4005,.T.);
#4005 = EDGE_LOOP('',(#4006,#4015,#4023,#4030));
#4006 = ORIENTED_EDGE('',*,*,#4007,.F.);
#4007 = EDGE_CURVE('',#4008,#4008,#4010,.T.);
#4008 = VERTEX_POINT('',#4009);
#4009 = CARTESIAN_POINT('',(-1.592040838892E-17,12.7,27.005));
#4010 = CIRCLE('',#4011,6.5E-02);
#4011 = AXIS2_PLACEMENT_3D('',#4012,#4013,#4014);
#4012 = CARTESIAN_POINT('',(0.,12.7,26.94));
#4013 = DIRECTION('',(0.,1.,0.));
#4014 = DIRECTION('',(0.,0.,1.));
#4015 = ORIENTED_EDGE('',*,*,#4016,.F.);
#4016 = EDGE_CURVE('',#4017,#4008,#4019,.T.);
#4017 = VERTEX_POINT('',#4018);
#4018 = CARTESIAN_POINT('',(-1.592040838892E-17,-12.7,27.005));
#4019 = LINE('',#4020,#4021);
#4020 = CARTESIAN_POINT('',(-1.592040838892E-17,-12.7,27.005));
#4021 = VECTOR('',#4022,1.);
#4022 = DIRECTION('',(0.,1.,0.));
#4023 = ORIENTED_EDGE('',*,*,#4024,.T.);
#4024 = EDGE_CURVE('',#4017,#4017,#4025,.T.);
#4025 = CIRCLE('',#4026,6.5E-02);
#4026 = AXIS2_PLACEMENT_3D('',#4027,#4028,#4029);
#4027 = CARTESIAN_POINT('',(0.,-12.7,26.94));
#4028 = DIRECTION('',(0.,1.,0.));
#4029 = DIRECTION('',(0.,0.,1.));
#4030 = ORIENTED_EDGE('',*,*,#4016,.T.);
#4031 = CYLINDRICAL_SURFACE('',#4032,6.5E-02);
#4032 = AXIS2_PLACEMENT_3D('',#4033,#4034,#4035);
#4033 = CARTESIAN_POINT('',(0.,-12.7,26.94));
#4034 = DIRECTION('',(0.,1.,0.));
#4035 = DIRECTION('',(0.,0.,1.));
#4036 = ADVANCED_FACE('',(#4037),#4040,.T.);
#4037 = FACE_BOUND('',#4038,.T.);
#4038 = EDGE_LOOP('',(#4039));
#4039 = ORIENTED_EDGE('',*,*,#4007,.T.);
#4040 = PLANE('',#4041);
#4041 = AXIS2_PLACEMENT_3D('',#4042,#4043,#4044);
#4042 = CARTESIAN_POINT('',(0.,12.7,26.94));
#4043 = DIRECTION('',(0.,1.,0.));
#4044 = DIRECTION('',(0.,0.,1.));
#4045 = ADVANCED_FACE('',(#4046),#4049,.F.);
#4046 = FACE_BOUND('',#4047,.T.);
#4047 = EDGE_LOOP('',(#4048));
#4048 = ORIENTED_EDGE('',*,*,#4024,.F.);
#4049 = PLANE('',#4050);
#4050 = AXIS2_PLACEMENT_3D('',#4051,#4052,#4053);
#4051 = CARTESIAN_POINT('',(0.,-12.7,26.94));
#4052 = DIRECTION('',(0.,1.,0.));
#4053 = DIRECTION('',(0.,0.,1.));
#4054 = MANIFOLD_SOLID_BREP('',#4055);
#4055 = CLOSED_SHELL('',(#4056,#4089,#4098));
#4056 = ADVANCED_FACE('',(#4057),#4084,.T.);
#4057 = FACE_BOUND('',#4058,.T.);
#4058 = EDGE_LOOP('',(#4059,#4068,#4076,#4083));
#4059 = ORIENTED_EDGE('',*,*,#4060,.F.);
#4060 = EDGE_CURVE('',#4061,#4061,#4063,.T.);
#4061 = VERTEX_POINT('',#4062);
#4062 = CARTESIAN_POINT('',(12.616952880946,1.45,26.865));
#4063 = CIRCLE('',#4064,6.5E-02);
#4064 = AXIS2_PLACEMENT_3D('',#4065,#4066,#4067);
#4065 = CARTESIAN_POINT('',(12.616952880946,1.45,26.8));
#4066 = DIRECTION('',(1.,0.,-0.));
#4067 = DIRECTION('',(0.,0.,1.));
#4068 = ORIENTED_EDGE('',*,*,#4069,.F.);
#4069 = EDGE_CURVE('',#4070,#4061,#4072,.T.);
#4070 = VERTEX_POINT('',#4071);
#4071 = CARTESIAN_POINT('',(-12.61695288094,1.45,26.865));
#4072 = LINE('',#4073,#4074);
#4073 = CARTESIAN_POINT('',(-12.61695288094,1.45,26.865));
#4074 = VECTOR('',#4075,1.);
#4075 = DIRECTION('',(1.,0.,0.));
#4076 = ORIENTED_EDGE('',*,*,#4077,.T.);
#4077 = EDGE_CURVE('',#4070,#4070,#4078,.T.);
#4078 = CIRCLE('',#4079,6.5E-02);
#4079 = AXIS2_PLACEMENT_3D('',#4080,#4081,#4082);
#4080 = CARTESIAN_POINT('',(-12.61695288094,1.45,26.8));
#4081 = DIRECTION('',(1.,0.,-0.));
#4082 = DIRECTION('',(0.,0.,1.));
#4083 = ORIENTED_EDGE('',*,*,#4069,.T.);
#4084 = CYLINDRICAL_SURFACE('',#4085,6.5E-02);
#4085 = AXIS2_PLACEMENT_3D('',#4086,#4087,#4088);
#4086 = CARTESIAN_POINT('',(-12.61695288094,1.45,26.8));
#4087 = DIRECTION('',(1.,0.,0.));
#4088 = DIRECTION('',(0.,0.,1.));
#4089 = ADVANCED_FACE('',(#4090),#4093,.T.);
#4090 = FACE_BOUND('',#4091,.T.);
#4091 = EDGE_LOOP('',(#4092));
#4092 = ORIENTED_EDGE('',*,*,#4060,.T.);
#4093 = PLANE('',#4094);
#4094 = AXIS2_PLACEMENT_3D('',#4095,#4096,#4097);
#4095 = CARTESIAN_POINT('',(12.616952880946,1.45,26.8));
#4096 = DIRECTION('',(1.,0.,0.));
#4097 = DIRECTION('',(0.,0.,1.));
#4098 = ADVANCED_FACE('',(#4099),#4102,.F.);
#4099 = FACE_BOUND('',#4100,.T.);
#4100 = EDGE_LOOP('',(#4101));
#4101 = ORIENTED_EDGE('',*,*,#4077,.F.);
#4102 = PLANE('',#4103);
#4103 = AXIS2_PLACEMENT_3D('',#4104,#4105,#4106);
#4104 = CARTESIAN_POINT('',(-12.61695288094,1.45,26.8));
#4105 = DIRECTION('',(1.,0.,0.));
#4106 = DIRECTION('',(0.,0.,1.));
#4107 = MANIFOLD_SOLID_BREP('',#4108);
#4108 = CLOSED_SHELL('',(#4109,#4142,#4151));
#4109 = ADVANCED_FACE('',(#4110),#4137,.T.);
#4110 = FACE_BOUND('',#4111,.T.);
#4111 = EDGE_LOOP('',(#4112,#4121,#4129,#4136));
#4112 = ORIENTED_EDGE('',*,*,#4113,.F.);
#4113 = EDGE_CURVE('',#4114,#4114,#4116,.T.);
#4114 = VERTEX_POINT('',#4115);
#4115 = CARTESIAN_POINT('',(1.45,12.616952880946,27.005));
#4116 = CIRCLE('',#4117,6.5E-02);
#4117 = AXIS2_PLACEMENT_3D('',#4118,#4119,#4120);
#4118 = CARTESIAN_POINT('',(1.45,12.616952880946,26.94));
#4119 = DIRECTION('',(0.,1.,0.));
#4120 = DIRECTION('',(0.,0.,1.));
#4121 = ORIENTED_EDGE('',*,*,#4122,.F.);
#4122 = EDGE_CURVE('',#4123,#4114,#4125,.T.);
#4123 = VERTEX_POINT('',#4124);
#4124 = CARTESIAN_POINT('',(1.45,-12.61695288094,27.005));
#4125 = LINE('',#4126,#4127);
#4126 = CARTESIAN_POINT('',(1.45,-12.61695288094,27.005));
#4127 = VECTOR('',#4128,1.);
#4128 = DIRECTION('',(0.,1.,0.));
#4129 = ORIENTED_EDGE('',*,*,#4130,.T.);
#4130 = EDGE_CURVE('',#4123,#4123,#4131,.T.);
#4131 = CIRCLE('',#4132,6.5E-02);
#4132 = AXIS2_PLACEMENT_3D('',#4133,#4134,#4135);
#4133 = CARTESIAN_POINT('',(1.45,-12.61695288094,26.94));
#4134 = DIRECTION('',(0.,1.,0.));
#4135 = DIRECTION('',(0.,0.,1.));
#4136 = ORIENTED_EDGE('',*,*,#4122,.T.);
#4137 = CYLINDRICAL_SURFACE('',#4138,6.5E-02);
#4138 = AXIS2_PLACEMENT_3D('',#4139,#4140,#4141);
#4139 = CARTESIAN_POINT('',(1.45,-12.61695288094,26.94));
#4140 = DIRECTION('',(0.,1.,0.));
#4141 = DIRECTION('',(0.,0.,1.));
#4142 = ADVANCED_FACE('',(#4143),#4146,.T.);
#4143 = FACE_BOUND('',#4144,.T.);
#4144 = EDGE_LOOP('',(#4145));
#4145 = ORIENTED_EDGE('',*,*,#4113,.T.);
#4146 = PLANE('',#4147);
#4147 = AXIS2_PLACEMENT_3D('',#4148,#4149,#4150);
#4148 = CARTESIAN_POINT('',(1.45,12.616952880946,26.94));
#4149 = DIRECTION('',(0.,1.,0.));
#4150 = DIRECTION('',(0.,0.,1.));
#4151 = ADVANCED_FACE('',(#4152),#4155,.F.);
#4152 = FACE_BOUND('',#4153,.T.);
#4153 = EDGE_LOOP('',(#4154));
#4154 = ORIENTED_EDGE('',*,*,#4130,.F.);
#4155 = PLANE('',#4156);
#4156 = AXIS2_PLACEMENT_3D('',#4157,#4158,#4159);
#4157 = CARTESIAN_POINT('',(1.45,-12.61695288094,26.94));
#4158 = DIRECTION('',(0.,1.,0.));
#4159 = DIRECTION('',(0.,0.,1.));
#4160 = MANIFOLD_SOLID_BREP('',#4161);
#4161 = CLOSED_SHELL('',(#4162,#4195,#4204));
#4162 = ADVANCED_FACE('',(#4163),#4190,.T.);
#4163 = FACE_BOUND('',#4164,.T.);
#4164 = EDGE_LOOP('',(#4165,#4174,#4182,#4189));
#4165 = ORIENTED_EDGE('',*,*,#4166,.F.);
#4166 = EDGE_CURVE('',#4167,#4167,#4169,.T.);
#4167 = VERTEX_POINT('',#4168);
#4168 = CARTESIAN_POINT('',(12.364465212859,2.9,26.865));
#4169 = CIRCLE('',#4170,6.5E-02);
#4170 = AXIS2_PLACEMENT_3D('',#4171,#4172,#4173);
#4171 = CARTESIAN_POINT('',(12.364465212859,2.9,26.8));
#4172 = DIRECTION('',(1.,0.,-0.));
#4173 = DIRECTION('',(0.,0.,1.));
#4174 = ORIENTED_EDGE('',*,*,#4175,.F.);
#4175 = EDGE_CURVE('',#4176,#4167,#4178,.T.);
#4176 = VERTEX_POINT('',#4177);
#4177 = CARTESIAN_POINT('',(-12.36446521285,2.9,26.865));
#4178 = LINE('',#4179,#4180);
#4179 = CARTESIAN_POINT('',(-12.36446521285,2.9,26.865));
#4180 = VECTOR('',#4181,1.);
#4181 = DIRECTION('',(1.,0.,0.));
#4182 = ORIENTED_EDGE('',*,*,#4183,.T.);
#4183 = EDGE_CURVE('',#4176,#4176,#4184,.T.);
#4184 = CIRCLE('',#4185,6.5E-02);
#4185 = AXIS2_PLACEMENT_3D('',#4186,#4187,#4188);
#4186 = CARTESIAN_POINT('',(-12.36446521285,2.9,26.8));
#4187 = DIRECTION('',(1.,0.,-0.));
#4188 = DIRECTION('',(0.,0.,1.));
#4189 = ORIENTED_EDGE('',*,*,#4175,.T.);
#4190 = CYLINDRICAL_SURFACE('',#4191,6.5E-02);
#4191 = AXIS2_PLACEMENT_3D('',#4192,#4193,#4194);
#4192 = CARTESIAN_POINT('',(-12.36446521285,2.9,26.8));
#4193 = DIRECTION('',(1.,0.,0.));
#4194 = DIRECTION('',(0.,0.,1.));
#4195 = ADVANCED_FACE('',(#4196),#4199,.T.);
#4196 = FACE_BOUND('',#4197,.T.);
#4197 = EDGE_LOOP('',(#4198));
#4198 = ORIENTED_EDGE('',*,*,#4166,.T.);
#4199 = PLANE('',#4200);
#4200 = AXIS2_PLACEMENT_3D('',#4201,#4202,#4203);
#4201 = CARTESIAN_POINT('',(12.364465212859,2.9,26.8));
#4202 = DIRECTION('',(1.,0.,0.));
#4203 = DIRECTION('',(0.,0.,1.));
#4204 = ADVANCED_FACE('',(#4205),#4208,.F.);
#4205 = FACE_BOUND('',#4206,.T.);
#4206 = EDGE_LOOP('',(#4207));
#4207 = ORIENTED_EDGE('',*,*,#4183,.F.);
#4208 = PLANE('',#4209);
#4209 = AXIS2_PLACEMENT_3D('',#4210,#4211,#4212);
#4210 = CARTESIAN_POINT('',(-12.36446521285,2.9,26.8));
#4211 = DIRECTION('',(1.,0.,0.));
#4212 = DIRECTION('',(0.,0.,1.));
#4213 = MANIFOLD_SOLID_BREP('',#4214);
#4214 = CLOSED_SHELL('',(#4215,#4248,#4257));
#4215 = ADVANCED_FACE('',(#4216),#4243,.T.);
#4216 = FACE_BOUND('',#4217,.T.);
#4217 = EDGE_LOOP('',(#4218,#4227,#4235,#4242));
#4218 = ORIENTED_EDGE('',*,*,#4219,.F.);
#4219 = EDGE_CURVE('',#4220,#4220,#4222,.T.);
#4220 = VERTEX_POINT('',#4221);
#4221 = CARTESIAN_POINT('',(2.9,12.364465212859,27.005));
#4222 = CIRCLE('',#4223,6.5E-02);
#4223 = AXIS2_PLACEMENT_3D('',#4224,#4225,#4226);
#4224 = CARTESIAN_POINT('',(2.9,12.364465212859,26.94));
#4225 = DIRECTION('',(0.,1.,0.));
#4226 = DIRECTION('',(0.,0.,1.));
#4227 = ORIENTED_EDGE('',*,*,#4228,.F.);
#4228 = EDGE_CURVE('',#4229,#4220,#4231,.T.);
#4229 = VERTEX_POINT('',#4230);
#4230 = CARTESIAN_POINT('',(2.9,-12.36446521285,27.005));
#4231 = LINE('',#4232,#4233);
#4232 = CARTESIAN_POINT('',(2.9,-12.36446521285,27.005));
#4233 = VECTOR('',#4234,1.);
#4234 = DIRECTION('',(0.,1.,0.));
#4235 = ORIENTED_EDGE('',*,*,#4236,.T.);
#4236 = EDGE_CURVE('',#4229,#4229,#4237,.T.);
#4237 = CIRCLE('',#4238,6.5E-02);
#4238 = AXIS2_PLACEMENT_3D('',#4239,#4240,#4241);
#4239 = CARTESIAN_POINT('',(2.9,-12.36446521285,26.94));
#4240 = DIRECTION('',(0.,1.,0.));
#4241 = DIRECTION('',(0.,0.,1.));
#4242 = ORIENTED_EDGE('',*,*,#4228,.T.);
#4243 = CYLINDRICAL_SURFACE('',#4244,6.5E-02);
#4244 = AXIS2_PLACEMENT_3D('',#4245,#4246,#4247);
#4245 = CARTESIAN_POINT('',(2.9,-12.36446521285,26.94));
#4246 = DIRECTION('',(0.,1.,0.));
#4247 = DIRECTION('',(0.,0.,1.));
#4248 = ADVANCED_FACE('',(#4249),#4252,.T.);
#4249 = FACE_BOUND('',#4250,.T.);
#4250 = EDGE_LOOP('',(#4251));
#4251 = ORIENTED_EDGE('',*,*,#4219,.T.);
#4252 = PLANE('',#4253);
#4253 = AXIS2_PLACEMENT_3D('',#4254,#4255,#4256);
#4254 = CARTESIAN_POINT('',(2.9,12.364465212859,26.94));
#4255 = DIRECTION('',(0.,1.,0.));
#4256 = DIRECTION('',(0.,0.,1.));
#4257 = ADVANCED_FACE('',(#4258),#4261,.F.);
#4258 = FACE_BOUND('',#4259,.T.);
#4259 = EDGE_LOOP('',(#4260));
#4260 = ORIENTED_EDGE('',*,*,#4236,.F.);
#4261 = PLANE('',#4262);
#4262 = AXIS2_PLACEMENT_3D('',#4263,#4264,#4265);
#4263 = CARTESIAN_POINT('',(2.9,-12.36446521285,26.94));
#4264 = DIRECTION('',(0.,1.,0.));
#4265 = DIRECTION('',(0.,0.,1.));
#4266 = MANIFOLD_SOLID_BREP('',#4267);
#4267 = CLOSED_SHELL('',(#4268,#4301,#4310));
#4268 = ADVANCED_FACE('',(#4269),#4296,.T.);
#4269 = FACE_BOUND('',#4270,.T.);
#4270 = EDGE_LOOP('',(#4271,#4280,#4288,#4295));
#4271 = ORIENTED_EDGE('',*,*,#4272,.F.);
#4272 = EDGE_CURVE('',#4273,#4273,#4275,.T.);
#4273 = VERTEX_POINT('',#4274);
#4274 = CARTESIAN_POINT('',(11.93178528134,4.35,26.865));
#4275 = CIRCLE('',#4276,6.5E-02);
#4276 = AXIS2_PLACEMENT_3D('',#4277,#4278,#4279);
#4277 = CARTESIAN_POINT('',(11.93178528134,4.35,26.8));
#4278 = DIRECTION('',(1.,0.,-0.));
#4279 = DIRECTION('',(0.,0.,1.));
#4280 = ORIENTED_EDGE('',*,*,#4281,.F.);
#4281 = EDGE_CURVE('',#4282,#4273,#4284,.T.);
#4282 = VERTEX_POINT('',#4283);
#4283 = CARTESIAN_POINT('',(-11.93178528134,4.35,26.865));
#4284 = LINE('',#4285,#4286);
#4285 = CARTESIAN_POINT('',(-11.93178528134,4.35,26.865));
#4286 = VECTOR('',#4287,1.);
#4287 = DIRECTION('',(1.,0.,0.));
#4288 = ORIENTED_EDGE('',*,*,#4289,.T.);
#4289 = EDGE_CURVE('',#4282,#4282,#4290,.T.);
#4290 = CIRCLE('',#4291,6.5E-02);
#4291 = AXIS2_PLACEMENT_3D('',#4292,#4293,#4294);
#4292 = CARTESIAN_POINT('',(-11.93178528134,4.35,26.8));
#4293 = DIRECTION('',(1.,0.,-0.));
#4294 = DIRECTION('',(0.,0.,1.));
#4295 = ORIENTED_EDGE('',*,*,#4281,.T.);
#4296 = CYLINDRICAL_SURFACE('',#4297,6.5E-02);
#4297 = AXIS2_PLACEMENT_3D('',#4298,#4299,#4300);
#4298 = CARTESIAN_POINT('',(-11.93178528134,4.35,26.8));
#4299 = DIRECTION('',(1.,0.,0.));
#4300 = DIRECTION('',(0.,0.,1.));
#4301 = ADVANCED_FACE('',(#4302),#4305,.T.);
#4302 = FACE_BOUND('',#4303,.T.);
#4303 = EDGE_LOOP('',(#4304));
#4304 = ORIENTED_EDGE('',*,*,#4272,.T.);
#4305 = PLANE('',#4306);
#4306 = AXIS2_PLACEMENT_3D('',#4307,#4308,#4309);
#4307 = CARTESIAN_POINT('',(11.93178528134,4.35,26.8));
#4308 = DIRECTION('',(1.,0.,0.));
#4309 = DIRECTION('',(0.,0.,1.));
#4310 = ADVANCED_FACE('',(#4311),#4314,.F.);
#4311 = FACE_BOUND('',#4312,.T.);
#4312 = EDGE_LOOP('',(#4313));
#4313 = ORIENTED_EDGE('',*,*,#4289,.F.);
#4314 = PLANE('',#4315);
#4315 = AXIS2_PLACEMENT_3D('',#4316,#4317,#4318);
#4316 = CARTESIAN_POINT('',(-11.93178528134,4.35,26.8));
#4317 = DIRECTION('',(1.,0.,0.));
#4318 = DIRECTION('',(0.,0.,1.));
#4319 = MANIFOLD_SOLID_BREP('',#4320);
#4320 = CLOSED_SHELL('',(#4321,#4354,#4363));
#4321 = ADVANCED_FACE('',(#4322),#4349,.T.);
#4322 = FACE_BOUND('',#4323,.T.);
#4323 = EDGE_LOOP('',(#4324,#4333,#4341,#4348));
#4324 = ORIENTED_EDGE('',*,*,#4325,.F.);
#4325 = EDGE_CURVE('',#4326,#4326,#4328,.T.);
#4326 = VERTEX_POINT('',#4327);
#4327 = CARTESIAN_POINT('',(4.35,11.93178528134,27.005));
#4328 = CIRCLE('',#4329,6.5E-02);
#4329 = AXIS2_PLACEMENT_3D('',#4330,#4331,#4332);
#4330 = CARTESIAN_POINT('',(4.35,11.93178528134,26.94));
#4331 = DIRECTION('',(0.,1.,0.));
#4332 = DIRECTION('',(0.,0.,1.));
#4333 = ORIENTED_EDGE('',*,*,#4334,.F.);
#4334 = EDGE_CURVE('',#4335,#4326,#4337,.T.);
#4335 = VERTEX_POINT('',#4336);
#4336 = CARTESIAN_POINT('',(4.35,-11.93178528134,27.005));
#4337 = LINE('',#4338,#4339);
#4338 = CARTESIAN_POINT('',(4.35,-11.93178528134,27.005));
#4339 = VECTOR('',#4340,1.);
#4340 = DIRECTION('',(0.,1.,0.));
#4341 = ORIENTED_EDGE('',*,*,#4342,.T.);
#4342 = EDGE_CURVE('',#4335,#4335,#4343,.T.);
#4343 = CIRCLE('',#4344,6.5E-02);
#4344 = AXIS2_PLACEMENT_3D('',#4345,#4346,#4347);
#4345 = CARTESIAN_POINT('',(4.35,-11.93178528134,26.94));
#4346 = DIRECTION('',(0.,1.,0.));
#4347 = DIRECTION('',(0.,0.,1.));
#4348 = ORIENTED_EDGE('',*,*,#4334,.T.);
#4349 = CYLINDRICAL_SURFACE('',#4350,6.5E-02);
#4350 = AXIS2_PLACEMENT_3D('',#4351,#4352,#4353);
#4351 = CARTESIAN_POINT('',(4.35,-11.93178528134,26.94));
#4352 = DIRECTION('',(0.,1.,0.));
#4353 = DIRECTION('',(0.,0.,1.));
#4354 = ADVANCED_FACE('',(#4355),#4358,.T.);
#4355 = FACE_BOUND('',#4356,.T.);
#4356 = EDGE_LOOP('',(#4357));
#4357 = ORIENTED_EDGE('',*,*,#4325,.T.);
#4358 = PLANE('',#4359);
#4359 = AXIS2_PLACEMENT_3D('',#4360,#4361,#4362);
#4360 = CARTESIAN_POINT('',(4.35,11.93178528134,26.94));
#4361 = DIRECTION('',(0.,1.,0.));
#4362 = DIRECTION('',(0.,0.,1.));
#4363 = ADVANCED_FACE('',(#4364),#4367,.F.);
#4364 = FACE_BOUND('',#4365,.T.);
#4365 = EDGE_LOOP('',(#4366));
#4366 = ORIENTED_EDGE('',*,*,#4342,.F.);
#4367 = PLANE('',#4368);
#4368 = AXIS2_PLACEMENT_3D('',#4369,#4370,#4371);
#4369 = CARTESIAN_POINT('',(4.35,-11.93178528134,26.94));
#4370 = DIRECTION('',(0.,1.,0.));
#4371 = DIRECTION('',(0.,0.,1.));
#4372 = MANIFOLD_SOLID_BREP('',#4373);
#4373 = CLOSED_SHELL('',(#4374,#4407,#4416));
#4374 = ADVANCED_FACE('',(#4375),#4402,.T.);
#4375 = FACE_BOUND('',#4376,.T.);
#4376 = EDGE_LOOP('',(#4377,#4386,#4394,#4401));
#4377 = ORIENTED_EDGE('',*,*,#4378,.F.);
#4378 = EDGE_CURVE('',#4379,#4379,#4381,.T.);
#4379 = VERTEX_POINT('',#4380);
#4380 = CARTESIAN_POINT('',(11.298229949864,5.8,26.865));
#4381 = CIRCLE('',#4382,6.5E-02);
#4382 = AXIS2_PLACEMENT_3D('',#4383,#4384,#4385);
#4383 = CARTESIAN_POINT('',(11.298229949864,5.8,26.8));
#4384 = DIRECTION('',(1.,0.,-0.));
#4385 = DIRECTION('',(0.,0.,1.));
#4386 = ORIENTED_EDGE('',*,*,#4387,.F.);
#4387 = EDGE_CURVE('',#4388,#4379,#4390,.T.);
#4388 = VERTEX_POINT('',#4389);
#4389 = CARTESIAN_POINT('',(-11.29822994986,5.8,26.865));
#4390 = LINE('',#4391,#4392);
#4391 = CARTESIAN_POINT('',(-11.29822994986,5.8,26.865));
#4392 = VECTOR('',#4393,1.);
#4393 = DIRECTION('',(1.,0.,0.));
#4394 = ORIENTED_EDGE('',*,*,#4395,.T.);
#4395 = EDGE_CURVE('',#4388,#4388,#4396,.T.);
#4396 = CIRCLE('',#4397,6.5E-02);
#4397 = AXIS2_PLACEMENT_3D('',#4398,#4399,#4400);
#4398 = CARTESIAN_POINT('',(-11.29822994986,5.8,26.8));
#4399 = DIRECTION('',(1.,0.,-0.));
#4400 = DIRECTION('',(0.,0.,1.));
#4401 = ORIENTED_EDGE('',*,*,#4387,.T.);
#4402 = CYLINDRICAL_SURFACE('',#4403,6.5E-02);
#4403 = AXIS2_PLACEMENT_3D('',#4404,#4405,#4406);
#4404 = CARTESIAN_POINT('',(-11.29822994986,5.8,26.8));
#4405 = DIRECTION('',(1.,0.,0.));
#4406 = DIRECTION('',(0.,0.,1.));
#4407 = ADVANCED_FACE('',(#4408),#4411,.T.);
#4408 = FACE_BOUND('',#4409,.T.);
#4409 = EDGE_LOOP('',(#4410));
#4410 = ORIENTED_EDGE('',*,*,#4378,.T.);
#4411 = PLANE('',#4412);
#4412 = AXIS2_PLACEMENT_3D('',#4413,#4414,#4415);
#4413 = CARTESIAN_POINT('',(11.298229949864,5.8,26.8));
#4414 = DIRECTION('',(1.,0.,0.));
#4415 = DIRECTION('',(0.,0.,1.));
#4416 = ADVANCED_FACE('',(#4417),#4420,.F.);
#4417 = FACE_BOUND('',#4418,.T.);
#4418 = EDGE_LOOP('',(#4419));
#4419 = ORIENTED_EDGE('',*,*,#4395,.F.);
#4420 = PLANE('',#4421);
#4421 = AXIS2_PLACEMENT_3D('',#4422,#4423,#4424);
#4422 = CARTESIAN_POINT('',(-11.29822994986,5.8,26.8));
#4423 = DIRECTION('',(1.,0.,0.));
#4424 = DIRECTION('',(0.,0.,1.));
#4425 = MANIFOLD_SOLID_BREP('',#4426);
#4426 = CLOSED_SHELL('',(#4427,#4460,#4469));
#4427 = ADVANCED_FACE('',(#4428),#4455,.T.);
#4428 = FACE_BOUND('',#4429,.T.);
#4429 = EDGE_LOOP('',(#4430,#4439,#4447,#4454));
#4430 = ORIENTED_EDGE('',*,*,#4431,.F.);
#4431 = EDGE_CURVE('',#4432,#4432,#4434,.T.);
#4432 = VERTEX_POINT('',#4433);
#4433 = CARTESIAN_POINT('',(5.8,11.298229949864,27.005));
#4434 = CIRCLE('',#4435,6.5E-02);
#4435 = AXIS2_PLACEMENT_3D('',#4436,#4437,#4438);
#4436 = CARTESIAN_POINT('',(5.8,11.298229949864,26.94));
#4437 = DIRECTION('',(0.,1.,0.));
#4438 = DIRECTION('',(0.,0.,1.));
#4439 = ORIENTED_EDGE('',*,*,#4440,.F.);
#4440 = EDGE_CURVE('',#4441,#4432,#4443,.T.);
#4441 = VERTEX_POINT('',#4442);
#4442 = CARTESIAN_POINT('',(5.8,-11.29822994986,27.005));
#4443 = LINE('',#4444,#4445);
#4444 = CARTESIAN_POINT('',(5.8,-11.29822994986,27.005));
#4445 = VECTOR('',#4446,1.);
#4446 = DIRECTION('',(0.,1.,0.));
#4447 = ORIENTED_EDGE('',*,*,#4448,.T.);
#4448 = EDGE_CURVE('',#4441,#4441,#4449,.T.);
#4449 = CIRCLE('',#4450,6.5E-02);
#4450 = AXIS2_PLACEMENT_3D('',#4451,#4452,#4453);
#4451 = CARTESIAN_POINT('',(5.8,-11.29822994986,26.94));
#4452 = DIRECTION('',(0.,1.,0.));
#4453 = DIRECTION('',(0.,0.,1.));
#4454 = ORIENTED_EDGE('',*,*,#4440,.T.);
#4455 = CYLINDRICAL_SURFACE('',#4456,6.5E-02);
#4456 = AXIS2_PLACEMENT_3D('',#4457,#4458,#4459);
#4457 = CARTESIAN_POINT('',(5.8,-11.29822994986,26.94));
#4458 = DIRECTION('',(0.,1.,0.));
#4459 = DIRECTION('',(0.,0.,1.));
#4460 = ADVANCED_FACE('',(#4461),#4464,.T.);
#4461 = FACE_BOUND('',#4462,.T.);
#4462 = EDGE_LOOP('',(#4463));
#4463 = ORIENTED_EDGE('',*,*,#4431,.T.);
#4464 = PLANE('',#4465);
#4465 = AXIS2_PLACEMENT_3D('',#4466,#4467,#4468);
#4466 = CARTESIAN_POINT('',(5.8,11.298229949864,26.94));
#4467 = DIRECTION('',(0.,1.,0.));
#4468 = DIRECTION('',(0.,0.,1.));
#4469 = ADVANCED_FACE('',(#4470),#4473,.F.);
#4470 = FACE_BOUND('',#4471,.T.);
#4471 = EDGE_LOOP('',(#4472));
#4472 = ORIENTED_EDGE('',*,*,#4448,.F.);
#4473 = PLANE('',#4474);
#4474 = AXIS2_PLACEMENT_3D('',#4475,#4476,#4477);
#4475 = CARTESIAN_POINT('',(5.8,-11.29822994986,26.94));
#4476 = DIRECTION('',(0.,1.,0.));
#4477 = DIRECTION('',(0.,0.,1.));
#4478 = MANIFOLD_SOLID_BREP('',#4479);
#4479 = CLOSED_SHELL('',(#4480,#4513,#4522));
#4480 = ADVANCED_FACE('',(#4481),#4508,.T.);
#4481 = FACE_BOUND('',#4482,.T.);
#4482 = EDGE_LOOP('',(#4483,#4492,#4500,#4507));
#4483 = ORIENTED_EDGE('',*,*,#4484,.F.);
#4484 = EDGE_CURVE('',#4485,#4485,#4487,.T.);
#4485 = VERTEX_POINT('',#4486);
#4486 = CARTESIAN_POINT('',(10.427247959073,7.25,26.865));
#4487 = CIRCLE('',#4488,6.5E-02);
#4488 = AXIS2_PLACEMENT_3D('',#4489,#4490,#4491);
#4489 = CARTESIAN_POINT('',(10.427247959073,7.25,26.8));
#4490 = DIRECTION('',(1.,0.,-0.));
#4491 = DIRECTION('',(0.,0.,1.));
#4492 = ORIENTED_EDGE('',*,*,#4493,.F.);
#4493 = EDGE_CURVE('',#4494,#4485,#4496,.T.);
#4494 = VERTEX_POINT('',#4495);
#4495 = CARTESIAN_POINT('',(-10.42724795907,7.25,26.865));
#4496 = LINE('',#4497,#4498);
#4497 = CARTESIAN_POINT('',(-10.42724795907,7.25,26.865));
#4498 = VECTOR('',#4499,1.);
#4499 = DIRECTION('',(1.,0.,0.));
#4500 = ORIENTED_EDGE('',*,*,#4501,.T.);
#4501 = EDGE_CURVE('',#4494,#4494,#4502,.T.);
#4502 = CIRCLE('',#4503,6.5E-02);
#4503 = AXIS2_PLACEMENT_3D('',#4504,#4505,#4506);
#4504 = CARTESIAN_POINT('',(-10.42724795907,7.25,26.8));
#4505 = DIRECTION('',(1.,0.,-0.));
#4506 = DIRECTION('',(0.,0.,1.));
#4507 = ORIENTED_EDGE('',*,*,#4493,.T.);
#4508 = CYLINDRICAL_SURFACE('',#4509,6.5E-02);
#4509 = AXIS2_PLACEMENT_3D('',#4510,#4511,#4512);
#4510 = CARTESIAN_POINT('',(-10.42724795907,7.25,26.8));
#4511 = DIRECTION('',(1.,0.,0.));
#4512 = DIRECTION('',(0.,0.,1.));
#4513 = ADVANCED_FACE('',(#4514),#4517,.T.);
#4514 = FACE_BOUND('',#4515,.T.);
#4515 = EDGE_LOOP('',(#4516));
#4516 = ORIENTED_EDGE('',*,*,#4484,.T.);
#4517 = PLANE('',#4518);
#4518 = AXIS2_PLACEMENT_3D('',#4519,#4520,#4521);
#4519 = CARTESIAN_POINT('',(10.427247959073,7.25,26.8));
#4520 = DIRECTION('',(1.,0.,0.));
#4521 = DIRECTION('',(0.,0.,1.));
#4522 = ADVANCED_FACE('',(#4523),#4526,.F.);
#4523 = FACE_BOUND('',#4524,.T.);
#4524 = EDGE_LOOP('',(#4525));
#4525 = ORIENTED_EDGE('',*,*,#4501,.F.);
#4526 = PLANE('',#4527);
#4527 = AXIS2_PLACEMENT_3D('',#4528,#4529,#4530);
#4528 = CARTESIAN_POINT('',(-10.42724795907,7.25,26.8));
#4529 = DIRECTION('',(1.,0.,0.));
#4530 = DIRECTION('',(0.,0.,1.));
#4531 = MANIFOLD_SOLID_BREP('',#4532);
#4532 = CLOSED_SHELL('',(#4533,#4566,#4575));
#4533 = ADVANCED_FACE('',(#4534),#4561,.T.);
#4534 = FACE_BOUND('',#4535,.T.);
#4535 = EDGE_LOOP('',(#4536,#4545,#4553,#4560));
#4536 = ORIENTED_EDGE('',*,*,#4537,.F.);
#4537 = EDGE_CURVE('',#4538,#4538,#4540,.T.);
#4538 = VERTEX_POINT('',#4539);
#4539 = CARTESIAN_POINT('',(7.25,10.427247959073,27.005));
#4540 = CIRCLE('',#4541,6.5E-02);
#4541 = AXIS2_PLACEMENT_3D('',#4542,#4543,#4544);
#4542 = CARTESIAN_POINT('',(7.25,10.427247959073,26.94));
#4543 = DIRECTION('',(0.,1.,0.));
#4544 = DIRECTION('',(0.,0.,1.));
#4545 = ORIENTED_EDGE('',*,*,#4546,.F.);
#4546 = EDGE_CURVE('',#4547,#4538,#4549,.T.);
#4547 = VERTEX_POINT('',#4548);
#4548 = CARTESIAN_POINT('',(7.25,-10.42724795907,27.005));
#4549 = LINE('',#4550,#4551);
#4550 = CARTESIAN_POINT('',(7.25,-10.42724795907,27.005));
#4551 = VECTOR('',#4552,1.);
#4552 = DIRECTION('',(0.,1.,0.));
#4553 = ORIENTED_EDGE('',*,*,#4554,.T.);
#4554 = EDGE_CURVE('',#4547,#4547,#4555,.T.);
#4555 = CIRCLE('',#4556,6.5E-02);
#4556 = AXIS2_PLACEMENT_3D('',#4557,#4558,#4559);
#4557 = CARTESIAN_POINT('',(7.25,-10.42724795907,26.94));
#4558 = DIRECTION('',(0.,1.,0.));
#4559 = DIRECTION('',(0.,0.,1.));
#4560 = ORIENTED_EDGE('',*,*,#4546,.T.);
#4561 = CYLINDRICAL_SURFACE('',#4562,6.5E-02);
#4562 = AXIS2_PLACEMENT_3D('',#4563,#4564,#4565);
#4563 = CARTESIAN_POINT('',(7.25,-10.42724795907,26.94));
#4564 = DIRECTION('',(0.,1.,0.));
#4565 = DIRECTION('',(0.,0.,1.));
#4566 = ADVANCED_FACE('',(#4567),#4570,.T.);
#4567 = FACE_BOUND('',#4568,.T.);
#4568 = EDGE_LOOP('',(#4569));
#4569 = ORIENTED_EDGE('',*,*,#4537,.T.);
#4570 = PLANE('',#4571);
#4571 = AXIS2_PLACEMENT_3D('',#4572,#4573,#4574);
#4572 = CARTESIAN_POINT('',(7.25,10.427247959073,26.94));
#4573 = DIRECTION('',(0.,1.,0.));
#4574 = DIRECTION('',(0.,0.,1.));
#4575 = ADVANCED_FACE('',(#4576),#4579,.F.);
#4576 = FACE_BOUND('',#4577,.T.);
#4577 = EDGE_LOOP('',(#4578));
#4578 = ORIENTED_EDGE('',*,*,#4554,.F.);
#4579 = PLANE('',#4580);
#4580 = AXIS2_PLACEMENT_3D('',#4581,#4582,#4583);
#4581 = CARTESIAN_POINT('',(7.25,-10.42724795907,26.94));
#4582 = DIRECTION('',(0.,1.,0.));
#4583 = DIRECTION('',(0.,0.,1.));
#4584 = MANIFOLD_SOLID_BREP('',#4585);
#4585 = CLOSED_SHELL('',(#4586,#4619,#4628));
#4586 = ADVANCED_FACE('',(#4587),#4614,.T.);
#4587 = FACE_BOUND('',#4588,.T.);
#4588 = EDGE_LOOP('',(#4589,#4598,#4606,#4613));
#4589 = ORIENTED_EDGE('',*,*,#4590,.F.);
#4590 = EDGE_CURVE('',#4591,#4591,#4593,.T.);
#4591 = VERTEX_POINT('',#4592);
#4592 = CARTESIAN_POINT('',(9.252026804976,8.7,26.865));
#4593 = CIRCLE('',#4594,6.5E-02);
#4594 = AXIS2_PLACEMENT_3D('',#4595,#4596,#4597);
#4595 = CARTESIAN_POINT('',(9.252026804976,8.7,26.8));
#4596 = DIRECTION('',(1.,0.,-0.));
#4597 = DIRECTION('',(0.,0.,1.));
#4598 = ORIENTED_EDGE('',*,*,#4599,.F.);
#4599 = EDGE_CURVE('',#4600,#4591,#4602,.T.);
#4600 = VERTEX_POINT('',#4601);
#4601 = CARTESIAN_POINT('',(-9.252026804976,8.7,26.865));
#4602 = LINE('',#4603,#4604);
#4603 = CARTESIAN_POINT('',(-9.252026804976,8.7,26.865));
#4604 = VECTOR('',#4605,1.);
#4605 = DIRECTION('',(1.,0.,0.));
#4606 = ORIENTED_EDGE('',*,*,#4607,.T.);
#4607 = EDGE_CURVE('',#4600,#4600,#4608,.T.);
#4608 = CIRCLE('',#4609,6.5E-02);
#4609 = AXIS2_PLACEMENT_3D('',#4610,#4611,#4612);
#4610 = CARTESIAN_POINT('',(-9.252026804976,8.7,26.8));
#4611 = DIRECTION('',(1.,0.,-0.));
#4612 = DIRECTION('',(0.,0.,1.));
#4613 = ORIENTED_EDGE('',*,*,#4599,.T.);
#4614 = CYLINDRICAL_SURFACE('',#4615,6.5E-02);
#4615 = AXIS2_PLACEMENT_3D('',#4616,#4617,#4618);
#4616 = CARTESIAN_POINT('',(-9.252026804976,8.7,26.8));
#4617 = DIRECTION('',(1.,0.,0.));
#4618 = DIRECTION('',(0.,0.,1.));
#4619 = ADVANCED_FACE('',(#4620),#4623,.T.);
#4620 = FACE_BOUND('',#4621,.T.);
#4621 = EDGE_LOOP('',(#4622));
#4622 = ORIENTED_EDGE('',*,*,#4590,.T.);
#4623 = PLANE('',#4624);
#4624 = AXIS2_PLACEMENT_3D('',#4625,#4626,#4627);
#4625 = CARTESIAN_POINT('',(9.252026804976,8.7,26.8));
#4626 = DIRECTION('',(1.,0.,0.));
#4627 = DIRECTION('',(0.,0.,1.));
#4628 = ADVANCED_FACE('',(#4629),#4632,.F.);
#4629 = FACE_BOUND('',#4630,.T.);
#4630 = EDGE_LOOP('',(#4631));
#4631 = ORIENTED_EDGE('',*,*,#4607,.F.);
#4632 = PLANE('',#4633);
#4633 = AXIS2_PLACEMENT_3D('',#4634,#4635,#4636);
#4634 = CARTESIAN_POINT('',(-9.252026804976,8.7,26.8));
#4635 = DIRECTION('',(1.,0.,0.));
#4636 = DIRECTION('',(0.,0.,1.));
#4637 = MANIFOLD_SOLID_BREP('',#4638);
#4638 = CLOSED_SHELL('',(#4639,#4672,#4681));
#4639 = ADVANCED_FACE('',(#4640),#4667,.T.);
#4640 = FACE_BOUND('',#4641,.T.);
#4641 = EDGE_LOOP('',(#4642,#4651,#4659,#4666));
#4642 = ORIENTED_EDGE('',*,*,#4643,.F.);
#4643 = EDGE_CURVE('',#4644,#4644,#4646,.T.);
#4644 = VERTEX_POINT('',#4645);
#4645 = CARTESIAN_POINT('',(8.7,9.252026804976,27.005));
#4646 = CIRCLE('',#4647,6.5E-02);
#4647 = AXIS2_PLACEMENT_3D('',#4648,#4649,#4650);
#4648 = CARTESIAN_POINT('',(8.7,9.252026804976,26.94));
#4649 = DIRECTION('',(0.,1.,0.));
#4650 = DIRECTION('',(0.,0.,1.));
#4651 = ORIENTED_EDGE('',*,*,#4652,.F.);
#4652 = EDGE_CURVE('',#4653,#4644,#4655,.T.);
#4653 = VERTEX_POINT('',#4654);
#4654 = CARTESIAN_POINT('',(8.7,-9.252026804976,27.005));
#4655 = LINE('',#4656,#4657);
#4656 = CARTESIAN_POINT('',(8.7,-9.252026804976,27.005));
#4657 = VECTOR('',#4658,1.);
#4658 = DIRECTION('',(0.,1.,0.));
#4659 = ORIENTED_EDGE('',*,*,#4660,.T.);
#4660 = EDGE_CURVE('',#4653,#4653,#4661,.T.);
#4661 = CIRCLE('',#4662,6.5E-02);
#4662 = AXIS2_PLACEMENT_3D('',#4663,#4664,#4665);
#4663 = CARTESIAN_POINT('',(8.7,-9.252026804976,26.94));
#4664 = DIRECTION('',(0.,1.,0.));
#4665 = DIRECTION('',(0.,0.,1.));
#4666 = ORIENTED_EDGE('',*,*,#4652,.T.);
#4667 = CYLINDRICAL_SURFACE('',#4668,6.5E-02);
#4668 = AXIS2_PLACEMENT_3D('',#4669,#4670,#4671);
#4669 = CARTESIAN_POINT('',(8.7,-9.252026804976,26.94));
#4670 = DIRECTION('',(0.,1.,0.));
#4671 = DIRECTION('',(0.,0.,1.));
#4672 = ADVANCED_FACE('',(#4673),#4676,.T.);
#4673 = FACE_BOUND('',#4674,.T.);
#4674 = EDGE_LOOP('',(#4675));
#4675 = ORIENTED_EDGE('',*,*,#4643,.T.);
#4676 = PLANE('',#4677);
#4677 = AXIS2_PLACEMENT_3D('',#4678,#4679,#4680);
#4678 = CARTESIAN_POINT('',(8.7,9.252026804976,26.94));
#4679 = DIRECTION('',(0.,1.,0.));
#4680 = DIRECTION('',(0.,0.,1.));
#4681 = ADVANCED_FACE('',(#4682),#4685,.F.);
#4682 = FACE_BOUND('',#4683,.T.);
#4683 = EDGE_LOOP('',(#4684));
#4684 = ORIENTED_EDGE('',*,*,#4660,.F.);
#4685 = PLANE('',#4686);
#4686 = AXIS2_PLACEMENT_3D('',#4687,#4688,#4689);
#4687 = CARTESIAN_POINT('',(8.7,-9.252026804976,26.94));
#4688 = DIRECTION('',(0.,1.,0.));
#4689 = DIRECTION('',(0.,0.,1.));
#4690 = MANIFOLD_SOLID_BREP('',#4691);
#4691 = CLOSED_SHELL('',(#4692,#4725,#4734));
#4692 = ADVANCED_FACE('',(#4693),#4720,.T.);
#4693 = FACE_BOUND('',#4694,.T.);
#4694 = EDGE_LOOP('',(#4695,#4704,#4712,#4719));
#4695 = ORIENTED_EDGE('',*,*,#4696,.F.);
#4696 = EDGE_CURVE('',#4697,#4697,#4699,.T.);
#4697 = VERTEX_POINT('',#4698);
#4698 = CARTESIAN_POINT('',(7.633315138261,10.15,26.865));
#4699 = CIRCLE('',#4700,6.5E-02);
#4700 = AXIS2_PLACEMENT_3D('',#4701,#4702,#4703);
#4701 = CARTESIAN_POINT('',(7.633315138261,10.15,26.8));
#4702 = DIRECTION('',(1.,0.,-0.));
#4703 = DIRECTION('',(0.,0.,1.));
#4704 = ORIENTED_EDGE('',*,*,#4705,.F.);
#4705 = EDGE_CURVE('',#4706,#4697,#4708,.T.);
#4706 = VERTEX_POINT('',#4707);
#4707 = CARTESIAN_POINT('',(-7.633315138261,10.15,26.865));
#4708 = LINE('',#4709,#4710);
#4709 = CARTESIAN_POINT('',(-7.633315138261,10.15,26.865));
#4710 = VECTOR('',#4711,1.);
#4711 = DIRECTION('',(1.,0.,0.));
#4712 = ORIENTED_EDGE('',*,*,#4713,.T.);
#4713 = EDGE_CURVE('',#4706,#4706,#4714,.T.);
#4714 = CIRCLE('',#4715,6.5E-02);
#4715 = AXIS2_PLACEMENT_3D('',#4716,#4717,#4718);
#4716 = CARTESIAN_POINT('',(-7.633315138261,10.15,26.8));
#4717 = DIRECTION('',(1.,0.,-0.));
#4718 = DIRECTION('',(0.,0.,1.));
#4719 = ORIENTED_EDGE('',*,*,#4705,.T.);
#4720 = CYLINDRICAL_SURFACE('',#4721,6.5E-02);
#4721 = AXIS2_PLACEMENT_3D('',#4722,#4723,#4724);
#4722 = CARTESIAN_POINT('',(-7.633315138261,10.15,26.8));
#4723 = DIRECTION('',(1.,0.,0.));
#4724 = DIRECTION('',(0.,0.,1.));
#4725 = ADVANCED_FACE('',(#4726),#4729,.T.);
#4726 = FACE_BOUND('',#4727,.T.);
#4727 = EDGE_LOOP('',(#4728));
#4728 = ORIENTED_EDGE('',*,*,#4696,.T.);
#4729 = PLANE('',#4730);
#4730 = AXIS2_PLACEMENT_3D('',#4731,#4732,#4733);
#4731 = CARTESIAN_POINT('',(7.633315138261,10.15,26.8));
#4732 = DIRECTION('',(1.,0.,0.));
#4733 = DIRECTION('',(0.,0.,1.));
#4734 = ADVANCED_FACE('',(#4735),#4738,.F.);
#4735 = FACE_BOUND('',#4736,.T.);
#4736 = EDGE_LOOP('',(#4737));
#4737 = ORIENTED_EDGE('',*,*,#4713,.F.);
#4738 = PLANE('',#4739);
#4739 = AXIS2_PLACEMENT_3D('',#4740,#4741,#4742);
#4740 = CARTESIAN_POINT('',(-7.633315138261,10.15,26.8));
#4741 = DIRECTION('',(1.,0.,0.));
#4742 = DIRECTION('',(0.,0.,1.));
#4743 = MANIFOLD_SOLID_BREP('',#4744);
#4744 = CLOSED_SHELL('',(#4745,#4778,#4787));
#4745 = ADVANCED_FACE('',(#4746),#4773,.T.);
#4746 = FACE_BOUND('',#4747,.T.);
#4747 = EDGE_LOOP('',(#4748,#4757,#4765,#4772));
#4748 = ORIENTED_EDGE('',*,*,#4749,.F.);
#4749 = EDGE_CURVE('',#4750,#4750,#4752,.T.);
#4750 = VERTEX_POINT('',#4751);
#4751 = CARTESIAN_POINT('',(10.15,7.633315138261,27.005));
#4752 = CIRCLE('',#4753,6.5E-02);
#4753 = AXIS2_PLACEMENT_3D('',#4754,#4755,#4756);
#4754 = CARTESIAN_POINT('',(10.15,7.633315138261,26.94));
#4755 = DIRECTION('',(0.,1.,0.));
#4756 = DIRECTION('',(0.,0.,1.));
#4757 = ORIENTED_EDGE('',*,*,#4758,.F.);
#4758 = EDGE_CURVE('',#4759,#4750,#4761,.T.);
#4759 = VERTEX_POINT('',#4760);
#4760 = CARTESIAN_POINT('',(10.15,-7.633315138261,27.005));
#4761 = LINE('',#4762,#4763);
#4762 = CARTESIAN_POINT('',(10.15,-7.633315138261,27.005));
#4763 = VECTOR('',#4764,1.);
#4764 = DIRECTION('',(0.,1.,0.));
#4765 = ORIENTED_EDGE('',*,*,#4766,.T.);
#4766 = EDGE_CURVE('',#4759,#4759,#4767,.T.);
#4767 = CIRCLE('',#4768,6.5E-02);
#4768 = AXIS2_PLACEMENT_3D('',#4769,#4770,#4771);
#4769 = CARTESIAN_POINT('',(10.15,-7.633315138261,26.94));
#4770 = DIRECTION('',(0.,1.,0.));
#4771 = DIRECTION('',(0.,0.,1.));
#4772 = ORIENTED_EDGE('',*,*,#4758,.T.);
#4773 = CYLINDRICAL_SURFACE('',#4774,6.5E-02);
#4774 = AXIS2_PLACEMENT_3D('',#4775,#4776,#4777);
#4775 = CARTESIAN_POINT('',(10.15,-7.633315138261,26.94));
#4776 = DIRECTION('',(0.,1.,0.));
#4777 = DIRECTION('',(0.,0.,1.));
#4778 = ADVANCED_FACE('',(#4779),#4782,.T.);
#4779 = FACE_BOUND('',#4780,.T.);
#4780 = EDGE_LOOP('',(#4781));
#4781 = ORIENTED_EDGE('',*,*,#4749,.T.);
#4782 = PLANE('',#4783);
#4783 = AXIS2_PLACEMENT_3D('',#4784,#4785,#4786);
#4784 = CARTESIAN_POINT('',(10.15,7.633315138261,26.94));
#4785 = DIRECTION('',(0.,1.,0.));
#4786 = DIRECTION('',(0.,0.,1.));
#4787 = ADVANCED_FACE('',(#4788),#4791,.F.);
#4788 = FACE_BOUND('',#4789,.T.);
#4789 = EDGE_LOOP('',(#4790));
#4790 = ORIENTED_EDGE('',*,*,#4766,.F.);
#4791 = PLANE('',#4792);
#4792 = AXIS2_PLACEMENT_3D('',#4793,#4794,#4795);
#4793 = CARTESIAN_POINT('',(10.15,-7.633315138261,26.94));
#4794 = DIRECTION('',(0.,1.,0.));
#4795 = DIRECTION('',(0.,0.,1.));
#4796 = MANIFOLD_SOLID_BREP('',#4797);
#4797 = CLOSED_SHELL('',(#4798,#4831,#4840));
#4798 = ADVANCED_FACE('',(#4799),#4826,.T.);
#4799 = FACE_BOUND('',#4800,.T.);
#4800 = EDGE_LOOP('',(#4801,#4810,#4818,#4825));
#4801 = ORIENTED_EDGE('',*,*,#4802,.F.);
#4802 = EDGE_CURVE('',#4803,#4803,#4805,.T.);
#4803 = VERTEX_POINT('',#4804);
#4804 = CARTESIAN_POINT('',(5.170106381884,11.6,26.865));
#4805 = CIRCLE('',#4806,6.5E-02);
#4806 = AXIS2_PLACEMENT_3D('',#4807,#4808,#4809);
#4807 = CARTESIAN_POINT('',(5.170106381884,11.6,26.8));
#4808 = DIRECTION('',(1.,0.,-0.));
#4809 = DIRECTION('',(0.,0.,1.));
#4810 = ORIENTED_EDGE('',*,*,#4811,.F.);
#4811 = EDGE_CURVE('',#4812,#4803,#4814,.T.);
#4812 = VERTEX_POINT('',#4813);
#4813 = CARTESIAN_POINT('',(-5.170106381884,11.6,26.865));
#4814 = LINE('',#4815,#4816);
#4815 = CARTESIAN_POINT('',(-5.170106381884,11.6,26.865));
#4816 = VECTOR('',#4817,1.);
#4817 = DIRECTION('',(1.,0.,0.));
#4818 = ORIENTED_EDGE('',*,*,#4819,.T.);
#4819 = EDGE_CURVE('',#4812,#4812,#4820,.T.);
#4820 = CIRCLE('',#4821,6.5E-02);
#4821 = AXIS2_PLACEMENT_3D('',#4822,#4823,#4824);
#4822 = CARTESIAN_POINT('',(-5.170106381884,11.6,26.8));
#4823 = DIRECTION('',(1.,0.,-0.));
#4824 = DIRECTION('',(0.,0.,1.));
#4825 = ORIENTED_EDGE('',*,*,#4811,.T.);
#4826 = CYLINDRICAL_SURFACE('',#4827,6.5E-02);
#4827 = AXIS2_PLACEMENT_3D('',#4828,#4829,#4830);
#4828 = CARTESIAN_POINT('',(-5.170106381884,11.6,26.8));
#4829 = DIRECTION('',(1.,0.,0.));
#4830 = DIRECTION('',(0.,0.,1.));
#4831 = ADVANCED_FACE('',(#4832),#4835,.T.);
#4832 = FACE_BOUND('',#4833,.T.);
#4833 = EDGE_LOOP('',(#4834));
#4834 = ORIENTED_EDGE('',*,*,#4802,.T.);
#4835 = PLANE('',#4836);
#4836 = AXIS2_PLACEMENT_3D('',#4837,#4838,#4839);
#4837 = CARTESIAN_POINT('',(5.170106381884,11.6,26.8));
#4838 = DIRECTION('',(1.,0.,0.));
#4839 = DIRECTION('',(0.,0.,1.));
#4840 = ADVANCED_FACE('',(#4841),#4844,.F.);
#4841 = FACE_BOUND('',#4842,.T.);
#4842 = EDGE_LOOP('',(#4843));
#4843 = ORIENTED_EDGE('',*,*,#4819,.F.);
#4844 = PLANE('',#4845);
#4845 = AXIS2_PLACEMENT_3D('',#4846,#4847,#4848);
#4846 = CARTESIAN_POINT('',(-5.170106381884,11.6,26.8));
#4847 = DIRECTION('',(1.,0.,0.));
#4848 = DIRECTION('',(0.,0.,1.));
#4849 = MANIFOLD_SOLID_BREP('',#4850);
#4850 = CLOSED_SHELL('',(#4851,#4884,#4893));
#4851 = ADVANCED_FACE('',(#4852),#4879,.T.);
#4852 = FACE_BOUND('',#4853,.T.);
#4853 = EDGE_LOOP('',(#4854,#4863,#4871,#4878));
#4854 = ORIENTED_EDGE('',*,*,#4855,.F.);
#4855 = EDGE_CURVE('',#4856,#4856,#4858,.T.);
#4856 = VERTEX_POINT('',#4857);
#4857 = CARTESIAN_POINT('',(11.6,5.170106381884,27.005));
#4858 = CIRCLE('',#4859,6.5E-02);
#4859 = AXIS2_PLACEMENT_3D('',#4860,#4861,#4862);
#4860 = CARTESIAN_POINT('',(11.6,5.170106381884,26.94));
#4861 = DIRECTION('',(0.,1.,0.));
#4862 = DIRECTION('',(0.,0.,1.));
#4863 = ORIENTED_EDGE('',*,*,#4864,.F.);
#4864 = EDGE_CURVE('',#4865,#4856,#4867,.T.);
#4865 = VERTEX_POINT('',#4866);
#4866 = CARTESIAN_POINT('',(11.6,-5.170106381884,27.005));
#4867 = LINE('',#4868,#4869);
#4868 = CARTESIAN_POINT('',(11.6,-5.170106381884,27.005));
#4869 = VECTOR('',#4870,1.);
#4870 = DIRECTION('',(0.,1.,0.));
#4871 = ORIENTED_EDGE('',*,*,#4872,.T.);
#4872 = EDGE_CURVE('',#4865,#4865,#4873,.T.);
#4873 = CIRCLE('',#4874,6.5E-02);
#4874 = AXIS2_PLACEMENT_3D('',#4875,#4876,#4877);
#4875 = CARTESIAN_POINT('',(11.6,-5.170106381884,26.94));
#4876 = DIRECTION('',(0.,1.,0.));
#4877 = DIRECTION('',(0.,0.,1.));
#4878 = ORIENTED_EDGE('',*,*,#4864,.T.);
#4879 = CYLINDRICAL_SURFACE('',#4880,6.5E-02);
#4880 = AXIS2_PLACEMENT_3D('',#4881,#4882,#4883);
#4881 = CARTESIAN_POINT('',(11.6,-5.170106381884,26.94));
#4882 = DIRECTION('',(0.,1.,0.));
#4883 = DIRECTION('',(0.,0.,1.));
#4884 = ADVANCED_FACE('',(#4885),#4888,.T.);
#4885 = FACE_BOUND('',#4886,.T.);
#4886 = EDGE_LOOP('',(#4887));
#4887 = ORIENTED_EDGE('',*,*,#4855,.T.);
#4888 = PLANE('',#4889);
#4889 = AXIS2_PLACEMENT_3D('',#4890,#4891,#4892);
#4890 = CARTESIAN_POINT('',(11.6,5.170106381884,26.94));
#4891 = DIRECTION('',(0.,1.,0.));
#4892 = DIRECTION('',(0.,0.,1.));
#4893 = ADVANCED_FACE('',(#4894),#4897,.F.);
#4894 = FACE_BOUND('',#4895,.T.);
#4895 = EDGE_LOOP('',(#4896));
#4896 = ORIENTED_EDGE('',*,*,#4872,.F.);
#4897 = PLANE('',#4898);
#4898 = AXIS2_PLACEMENT_3D('',#4899,#4900,#4901);
#4899 = CARTESIAN_POINT('',(11.6,-5.170106381884,26.94));
#4900 = DIRECTION('',(0.,1.,0.));
#4901 = DIRECTION('',(0.,0.,1.));
#4902 = MANIFOLD_SOLID_BREP('',#4903);
#4903 = CLOSED_SHELL('',(#4904,#4939,#4984,#5026,#5036));
#4904 = ADVANCED_FACE('',(#4905),#4934,.T.);
#4905 = FACE_BOUND('',#4906,.T.);
#4906 = EDGE_LOOP('',(#4907,#4918,#4927));
#4907 = ORIENTED_EDGE('',*,*,#4908,.F.);
#4908 = EDGE_CURVE('',#4909,#4911,#4913,.T.);
#4909 = VERTEX_POINT('',#4910);
#4910 = CARTESIAN_POINT('',(-2.8,5.2,10.13));
#4911 = VERTEX_POINT('',#4912);
#4912 = CARTESIAN_POINT('',(-2.700873812402,5.115892931735,10.));
#4913 = CIRCLE('',#4914,0.13);
#4914 = AXIS2_PLACEMENT_3D('',#4915,#4916,#4917);
#4915 = CARTESIAN_POINT('',(-2.8,5.2,10.));
#4916 = DIRECTION('',(0.646977448195,0.762509135373,0.));
#4917 = DIRECTION('',(0.762509135373,-0.646977448195,0.));
#4918 = ORIENTED_EDGE('',*,*,#4919,.F.);
#4919 = EDGE_CURVE('',#4920,#4909,#4922,.T.);
#4920 = VERTEX_POINT('',#4921);
#4921 = CARTESIAN_POINT('',(-2.8,5.2,9.87));
#4922 = CIRCLE('',#4923,0.13);
#4923 = AXIS2_PLACEMENT_3D('',#4924,#4925,#4926);
#4924 = CARTESIAN_POINT('',(-2.8,5.2,10.));
#4925 = DIRECTION('',(0.646977448195,0.762509135373,0.));
#4926 = DIRECTION('',(0.762509135373,-0.646977448195,0.));
#4927 = ORIENTED_EDGE('',*,*,#4928,.F.);
#4928 = EDGE_CURVE('',#4911,#4920,#4929,.T.);
#4929 = CIRCLE('',#4930,0.13);
#4930 = AXIS2_PLACEMENT_3D('',#4931,#4932,#4933);
#4931 = CARTESIAN_POINT('',(-2.8,5.2,10.));
#4932 = DIRECTION('',(0.646977448195,0.762509135373,0.));
#4933 = DIRECTION('',(0.762509135373,-0.646977448195,0.));
#4934 = SPHERICAL_SURFACE('',#4935,0.13);
#4935 = AXIS2_PLACEMENT_3D('',#4936,#4937,#4938);
#4936 = CARTESIAN_POINT('',(-2.8,5.2,10.));
#4937 = DIRECTION('',(0.,0.,1.));
#4938 = DIRECTION('',(1.,0.,0.));
#4939 = ADVANCED_FACE('',(#4940),#4979,.T.);
#4940 = FACE_BOUND('',#4941,.T.);
#4941 = EDGE_LOOP('',(#4942,#4943,#4944,#4952,#4961,#4970,#4977,#4978));
#4942 = ORIENTED_EDGE('',*,*,#4919,.T.);
#4943 = ORIENTED_EDGE('',*,*,#4908,.T.);
#4944 = ORIENTED_EDGE('',*,*,#4945,.T.);
#4945 = EDGE_CURVE('',#4911,#4946,#4948,.T.);
#4946 = VERTEX_POINT('',#4947);
#4947 = CARTESIAN_POINT('',(-0.13,8.145851353494,10.));
#4948 = LINE('',#4949,#4950);
#4949 = CARTESIAN_POINT('',(-2.700873812402,5.115892931735,10.));
#4950 = VECTOR('',#4951,1.);
#4951 = DIRECTION('',(0.646977448195,0.762509135373,-1.082301352262E-32)
  );
#4952 = ORIENTED_EDGE('',*,*,#4953,.F.);
#4953 = EDGE_CURVE('',#4954,#4946,#4956,.T.);
#4954 = VERTEX_POINT('',#4955);
#4955 = CARTESIAN_POINT('',(7.960204194458E-18,8.5,10.13));
#4956 = ELLIPSE('',#4957,0.377254905631,0.13);
#4957 = AXIS2_PLACEMENT_3D('',#4958,#4959,#4960);
#4958 = CARTESIAN_POINT('',(-6.657512845222E-17,8.5,10.));
#4959 = DIRECTION('',(0.938751600631,-0.344594591243,0.));
#4960 = DIRECTION('',(0.344594591243,0.938751600631,0.));
#4961 = ORIENTED_EDGE('',*,*,#4962,.F.);
#4962 = EDGE_CURVE('',#4963,#4954,#4965,.T.);
#4963 = VERTEX_POINT('',#4964);
#4964 = CARTESIAN_POINT('',(-5.306802796305E-18,8.5,9.87));
#4965 = CIRCLE('',#4966,0.13);
#4966 = AXIS2_PLACEMENT_3D('',#4967,#4968,#4969);
#4967 = CARTESIAN_POINT('',(0.,8.5,10.));
#4968 = DIRECTION('',(0.646977448195,0.762509135373,0.));
#4969 = DIRECTION('',(0.762509135373,-0.646977448195,0.));
#4970 = ORIENTED_EDGE('',*,*,#4971,.F.);
#4971 = EDGE_CURVE('',#4946,#4963,#4972,.T.);
#4972 = ELLIPSE('',#4973,0.377254905631,0.13);
#4973 = AXIS2_PLACEMENT_3D('',#4974,#4975,#4976);
#4974 = CARTESIAN_POINT('',(-6.657512845222E-17,8.5,10.));
#4975 = DIRECTION('',(0.938751600631,-0.344594591243,0.));
#4976 = DIRECTION('',(0.344594591243,0.938751600631,0.));
#4977 = ORIENTED_EDGE('',*,*,#4945,.F.);
#4978 = ORIENTED_EDGE('',*,*,#4928,.T.);
#4979 = CYLINDRICAL_SURFACE('',#4980,0.13);
#4980 = AXIS2_PLACEMENT_3D('',#4981,#4982,#4983);
#4981 = CARTESIAN_POINT('',(-2.8,5.2,10.));
#4982 = DIRECTION('',(0.646977448195,0.762509135373,0.));
#4983 = DIRECTION('',(0.762509135373,-0.646977448195,0.));
#4984 = ADVANCED_FACE('',(#4985),#5021,.T.);
#4985 = FACE_BOUND('',#4986,.T.);
#4986 = EDGE_LOOP('',(#4987,#4988,#4996,#5005,#5012,#5013,#5020));
#4987 = ORIENTED_EDGE('',*,*,#4971,.T.);
#4988 = ORIENTED_EDGE('',*,*,#4989,.T.);
#4989 = EDGE_CURVE('',#4963,#4990,#4992,.T.);
#4990 = VERTEX_POINT('',#4991);
#4991 = CARTESIAN_POINT('',(-1.857380978707E-17,-8.5,9.87));
#4992 = LINE('',#4993,#4994);
#4993 = CARTESIAN_POINT('',(-3.184081677783E-17,8.5,9.87));
#4994 = VECTOR('',#4995,1.);
#4995 = DIRECTION('',(0.,-1.,0.));
#4996 = ORIENTED_EDGE('',*,*,#4997,.F.);
#4997 = EDGE_CURVE('',#4998,#4990,#5000,.T.);
#4998 = VERTEX_POINT('',#4999);
#4999 = CARTESIAN_POINT('',(7.960204194458E-18,-8.5,10.13));
#5000 = CIRCLE('',#5001,0.13);
#5001 = AXIS2_PLACEMENT_3D('',#5002,#5003,#5004);
#5002 = CARTESIAN_POINT('',(0.,-8.5,10.));
#5003 = DIRECTION('',(0.,-1.,0.));
#5004 = DIRECTION('',(0.,0.,-1.));
#5005 = ORIENTED_EDGE('',*,*,#5006,.F.);
#5006 = EDGE_CURVE('',#4990,#4998,#5007,.T.);
#5007 = CIRCLE('',#5008,0.13);
#5008 = AXIS2_PLACEMENT_3D('',#5009,#5010,#5011);
#5009 = CARTESIAN_POINT('',(0.,-8.5,10.));
#5010 = DIRECTION('',(0.,-1.,0.));
#5011 = DIRECTION('',(0.,0.,-1.));
#5012 = ORIENTED_EDGE('',*,*,#4989,.F.);
#5013 = ORIENTED_EDGE('',*,*,#5014,.T.);
#5014 = EDGE_CURVE('',#4963,#4954,#5015,.T.);
#5015 = CIRCLE('',#5016,0.13);
#5016 = AXIS2_PLACEMENT_3D('',#5017,#5018,#5019);
#5017 = CARTESIAN_POINT('',(0.,8.5,10.));
#5018 = DIRECTION('',(-2.449293598295E-16,-1.,0.));
#5019 = DIRECTION('',(1.,-2.449293598295E-16,0.));
#5020 = ORIENTED_EDGE('',*,*,#4953,.T.);
#5021 = CYLINDRICAL_SURFACE('',#5022,0.13);
#5022 = AXIS2_PLACEMENT_3D('',#5023,#5024,#5025);
#5023 = CARTESIAN_POINT('',(0.,8.5,10.));
#5024 = DIRECTION('',(0.,-1.,0.));
#5025 = DIRECTION('',(0.,0.,-1.));
#5026 = ADVANCED_FACE('',(#5027),#5031,.T.);
#5027 = FACE_BOUND('',#5028,.T.);
#5028 = EDGE_LOOP('',(#5029,#5030));
#5029 = ORIENTED_EDGE('',*,*,#4962,.T.);
#5030 = ORIENTED_EDGE('',*,*,#5014,.F.);
#5031 = SPHERICAL_SURFACE('',#5032,0.13);
#5032 = AXIS2_PLACEMENT_3D('',#5033,#5034,#5035);
#5033 = CARTESIAN_POINT('',(0.,8.5,10.));
#5034 = DIRECTION('',(0.,0.,1.));
#5035 = DIRECTION('',(1.,0.,0.));
#5036 = ADVANCED_FACE('',(#5037),#5041,.T.);
#5037 = FACE_BOUND('',#5038,.T.);
#5038 = EDGE_LOOP('',(#5039,#5040));
#5039 = ORIENTED_EDGE('',*,*,#5006,.T.);
#5040 = ORIENTED_EDGE('',*,*,#4997,.T.);
#5041 = SPHERICAL_SURFACE('',#5042,0.13);
#5042 = AXIS2_PLACEMENT_3D('',#5043,#5044,#5045);
#5043 = CARTESIAN_POINT('',(0.,-8.5,10.));
#5044 = DIRECTION('',(0.,0.,1.));
#5045 = DIRECTION('',(1.,0.,0.));
#5046 = MANIFOLD_SOLID_BREP('',#5047);
#5047 = CLOSED_SHELL('',(#5048,#5081,#5090));
#5048 = ADVANCED_FACE('',(#5049),#5076,.T.);
#5049 = FACE_BOUND('',#5050,.T.);
#5050 = EDGE_LOOP('',(#5051,#5060,#5068,#5075));
#5051 = ORIENTED_EDGE('',*,*,#5052,.F.);
#5052 = EDGE_CURVE('',#5053,#5053,#5055,.T.);
#5053 = VERTEX_POINT('',#5054);
#5054 = CARTESIAN_POINT('',(-1.230284700166,8.901142770257,5.));
#5055 = CIRCLE('',#5056,0.1);
#5056 = AXIS2_PLACEMENT_3D('',#5057,#5058,#5059);
#5057 = CARTESIAN_POINT('',(-1.330284700166,8.901142770257,5.));
#5058 = DIRECTION('',(0.,0.,1.));
#5059 = DIRECTION('',(1.,0.,0.));
#5060 = ORIENTED_EDGE('',*,*,#5061,.F.);
#5061 = EDGE_CURVE('',#5062,#5053,#5064,.T.);
#5062 = VERTEX_POINT('',#5063);
#5063 = CARTESIAN_POINT('',(-1.230284700166,8.901142770257,2.8));
#5064 = LINE('',#5065,#5066);
#5065 = CARTESIAN_POINT('',(-1.230284700166,8.901142770257,2.8));
#5066 = VECTOR('',#5067,1.);
#5067 = DIRECTION('',(0.,0.,1.));
#5068 = ORIENTED_EDGE('',*,*,#5069,.T.);
#5069 = EDGE_CURVE('',#5062,#5062,#5070,.T.);
#5070 = CIRCLE('',#5071,0.1);
#5071 = AXIS2_PLACEMENT_3D('',#5072,#5073,#5074);
#5072 = CARTESIAN_POINT('',(-1.330284700166,8.901142770257,2.8));
#5073 = DIRECTION('',(0.,0.,1.));
#5074 = DIRECTION('',(1.,0.,0.));
#5075 = ORIENTED_EDGE('',*,*,#5061,.T.);
#5076 = CYLINDRICAL_SURFACE('',#5077,0.1);
#5077 = AXIS2_PLACEMENT_3D('',#5078,#5079,#5080);
#5078 = CARTESIAN_POINT('',(-1.330284700166,8.901142770257,2.8));
#5079 = DIRECTION('',(0.,0.,1.));
#5080 = DIRECTION('',(1.,0.,0.));
#5081 = ADVANCED_FACE('',(#5082),#5085,.T.);
#5082 = FACE_BOUND('',#5083,.T.);
#5083 = EDGE_LOOP('',(#5084));
#5084 = ORIENTED_EDGE('',*,*,#5052,.T.);
#5085 = PLANE('',#5086);
#5086 = AXIS2_PLACEMENT_3D('',#5087,#5088,#5089);
#5087 = CARTESIAN_POINT('',(-1.330284700166,8.901142770257,5.));
#5088 = DIRECTION('',(0.,0.,1.));
#5089 = DIRECTION('',(1.,0.,0.));
#5090 = ADVANCED_FACE('',(#5091),#5094,.F.);
#5091 = FACE_BOUND('',#5092,.T.);
#5092 = EDGE_LOOP('',(#5093));
#5093 = ORIENTED_EDGE('',*,*,#5069,.F.);
#5094 = PLANE('',#5095);
#5095 = AXIS2_PLACEMENT_3D('',#5096,#5097,#5098);
#5096 = CARTESIAN_POINT('',(-1.330284700166,8.901142770257,2.8));
#5097 = DIRECTION('',(0.,0.,1.));
#5098 = DIRECTION('',(1.,0.,0.));
#5099 = MANIFOLD_SOLID_BREP('',#5100);
#5100 = CLOSED_SHELL('',(#5101,#5134,#5143));
#5101 = ADVANCED_FACE('',(#5102),#5129,.T.);
#5102 = FACE_BOUND('',#5103,.T.);
#5103 = EDGE_LOOP('',(#5104,#5113,#5121,#5128));
#5104 = ORIENTED_EDGE('',*,*,#5105,.F.);
#5105 = EDGE_CURVE('',#5106,#5106,#5108,.T.);
#5106 = VERTEX_POINT('',#5107);
#5107 = CARTESIAN_POINT('',(-1.330284700166,10.,5.1));
#5108 = CIRCLE('',#5109,0.1);
#5109 = AXIS2_PLACEMENT_3D('',#5110,#5111,#5112);
#5110 = CARTESIAN_POINT('',(-1.330284700166,10.,5.));
#5111 = DIRECTION('',(0.,1.,0.));
#5112 = DIRECTION('',(0.,0.,1.));
#5113 = ORIENTED_EDGE('',*,*,#5114,.F.);
#5114 = EDGE_CURVE('',#5115,#5106,#5117,.T.);
#5115 = VERTEX_POINT('',#5116);
#5116 = CARTESIAN_POINT('',(-1.330284700166,8.901142770257,5.1));
#5117 = LINE('',#5118,#5119);
#5118 = CARTESIAN_POINT('',(-1.330284700166,8.901142770257,5.1));
#5119 = VECTOR('',#5120,1.);
#5120 = DIRECTION('',(0.,1.,0.));
#5121 = ORIENTED_EDGE('',*,*,#5122,.T.);
#5122 = EDGE_CURVE('',#5115,#5115,#5123,.T.);
#5123 = CIRCLE('',#5124,0.1);
#5124 = AXIS2_PLACEMENT_3D('',#5125,#5126,#5127);
#5125 = CARTESIAN_POINT('',(-1.330284700166,8.901142770257,5.));
#5126 = DIRECTION('',(0.,1.,0.));
#5127 = DIRECTION('',(0.,0.,1.));
#5128 = ORIENTED_EDGE('',*,*,#5114,.T.);
#5129 = CYLINDRICAL_SURFACE('',#5130,0.1);
#5130 = AXIS2_PLACEMENT_3D('',#5131,#5132,#5133);
#5131 = CARTESIAN_POINT('',(-1.330284700166,8.901142770257,5.));
#5132 = DIRECTION('',(0.,1.,0.));
#5133 = DIRECTION('',(0.,0.,1.));
#5134 = ADVANCED_FACE('',(#5135),#5138,.T.);
#5135 = FACE_BOUND('',#5136,.T.);
#5136 = EDGE_LOOP('',(#5137));
#5137 = ORIENTED_EDGE('',*,*,#5105,.T.);
#5138 = PLANE('',#5139);
#5139 = AXIS2_PLACEMENT_3D('',#5140,#5141,#5142);
#5140 = CARTESIAN_POINT('',(-1.330284700166,10.,5.));
#5141 = DIRECTION('',(0.,1.,0.));
#5142 = DIRECTION('',(0.,0.,1.));
#5143 = ADVANCED_FACE('',(#5144),#5147,.F.);
#5144 = FACE_BOUND('',#5145,.T.);
#5145 = EDGE_LOOP('',(#5146));
#5146 = ORIENTED_EDGE('',*,*,#5122,.F.);
#5147 = PLANE('',#5148);
#5148 = AXIS2_PLACEMENT_3D('',#5149,#5150,#5151);
#5149 = CARTESIAN_POINT('',(-1.330284700166,8.901142770257,5.));
#5150 = DIRECTION('',(0.,1.,0.));
#5151 = DIRECTION('',(0.,0.,1.));
#5152 = MANIFOLD_SOLID_BREP('',#5153);
#5153 = CLOSED_SHELL('',(#5154,#5187,#5196));
#5154 = ADVANCED_FACE('',(#5155),#5182,.T.);
#5155 = FACE_BOUND('',#5156,.T.);
#5156 = EDGE_LOOP('',(#5157,#5166,#5174,#5181));
#5157 = ORIENTED_EDGE('',*,*,#5158,.F.);
#5158 = EDGE_CURVE('',#5159,#5159,#5161,.T.);
#5159 = VERTEX_POINT('',#5160);
#5160 = CARTESIAN_POINT('',(-2.8,10.,4.9));
#5161 = CIRCLE('',#5162,0.1);
#5162 = AXIS2_PLACEMENT_3D('',#5163,#5164,#5165);
#5163 = CARTESIAN_POINT('',(-2.8,10.,5.));
#5164 = DIRECTION('',(-1.,0.,0.));
#5165 = DIRECTION('',(0.,0.,-1.));
#5166 = ORIENTED_EDGE('',*,*,#5167,.F.);
#5167 = EDGE_CURVE('',#5168,#5159,#5170,.T.);
#5168 = VERTEX_POINT('',#5169);
#5169 = CARTESIAN_POINT('',(-1.330284700166,10.,4.9));
#5170 = LINE('',#5171,#5172);
#5171 = CARTESIAN_POINT('',(-1.330284700166,10.,4.9));
#5172 = VECTOR('',#5173,1.);
#5173 = DIRECTION('',(-1.,0.,0.));
#5174 = ORIENTED_EDGE('',*,*,#5175,.T.);
#5175 = EDGE_CURVE('',#5168,#5168,#5176,.T.);
#5176 = CIRCLE('',#5177,0.1);
#5177 = AXIS2_PLACEMENT_3D('',#5178,#5179,#5180);
#5178 = CARTESIAN_POINT('',(-1.330284700166,10.,5.));
#5179 = DIRECTION('',(-1.,0.,0.));
#5180 = DIRECTION('',(0.,0.,-1.));
#5181 = ORIENTED_EDGE('',*,*,#5167,.T.);
#5182 = CYLINDRICAL_SURFACE('',#5183,0.1);
#5183 = AXIS2_PLACEMENT_3D('',#5184,#5185,#5186);
#5184 = CARTESIAN_POINT('',(-1.330284700166,10.,5.));
#5185 = DIRECTION('',(-1.,0.,0.));
#5186 = DIRECTION('',(0.,0.,-1.));
#5187 = ADVANCED_FACE('',(#5188),#5191,.T.);
#5188 = FACE_BOUND('',#5189,.T.);
#5189 = EDGE_LOOP('',(#5190));
#5190 = ORIENTED_EDGE('',*,*,#5158,.T.);
#5191 = PLANE('',#5192);
#5192 = AXIS2_PLACEMENT_3D('',#5193,#5194,#5195);
#5193 = CARTESIAN_POINT('',(-2.8,10.,5.));
#5194 = DIRECTION('',(-1.,0.,0.));
#5195 = DIRECTION('',(0.,0.,-1.));
#5196 = ADVANCED_FACE('',(#5197),#5200,.F.);
#5197 = FACE_BOUND('',#5198,.T.);
#5198 = EDGE_LOOP('',(#5199));
#5199 = ORIENTED_EDGE('',*,*,#5175,.F.);
#5200 = PLANE('',#5201);
#5201 = AXIS2_PLACEMENT_3D('',#5202,#5203,#5204);
#5202 = CARTESIAN_POINT('',(-1.330284700166,10.,5.));
#5203 = DIRECTION('',(-1.,0.,0.));
#5204 = DIRECTION('',(0.,0.,-1.));
#5205 = MANIFOLD_SOLID_BREP('',#5206);
#5206 = CLOSED_SHELL('',(#5207,#5240,#5249));
#5207 = ADVANCED_FACE('',(#5208),#5235,.T.);
#5208 = FACE_BOUND('',#5209,.T.);
#5209 = EDGE_LOOP('',(#5210,#5219,#5227,#5234));
#5210 = ORIENTED_EDGE('',*,*,#5211,.F.);
#5211 = EDGE_CURVE('',#5212,#5212,#5214,.T.);
#5212 = VERTEX_POINT('',#5213);
#5213 = CARTESIAN_POINT('',(-2.7,10.,10.));
#5214 = CIRCLE('',#5215,0.1);
#5215 = AXIS2_PLACEMENT_3D('',#5216,#5217,#5218);
#5216 = CARTESIAN_POINT('',(-2.8,10.,10.));
#5217 = DIRECTION('',(0.,0.,1.));
#5218 = DIRECTION('',(1.,0.,0.));
#5219 = ORIENTED_EDGE('',*,*,#5220,.F.);
#5220 = EDGE_CURVE('',#5221,#5212,#5223,.T.);
#5221 = VERTEX_POINT('',#5222);
#5222 = CARTESIAN_POINT('',(-2.7,10.,5.));
#5223 = LINE('',#5224,#5225);
#5224 = CARTESIAN_POINT('',(-2.7,10.,5.));
#5225 = VECTOR('',#5226,1.);
#5226 = DIRECTION('',(0.,0.,1.));
#5227 = ORIENTED_EDGE('',*,*,#5228,.T.);
#5228 = EDGE_CURVE('',#5221,#5221,#5229,.T.);
#5229 = CIRCLE('',#5230,0.1);
#5230 = AXIS2_PLACEMENT_3D('',#5231,#5232,#5233);
#5231 = CARTESIAN_POINT('',(-2.8,10.,5.));
#5232 = DIRECTION('',(0.,0.,1.));
#5233 = DIRECTION('',(1.,0.,0.));
#5234 = ORIENTED_EDGE('',*,*,#5220,.T.);
#5235 = CYLINDRICAL_SURFACE('',#5236,0.1);
#5236 = AXIS2_PLACEMENT_3D('',#5237,#5238,#5239);
#5237 = CARTESIAN_POINT('',(-2.8,10.,5.));
#5238 = DIRECTION('',(0.,0.,1.));
#5239 = DIRECTION('',(1.,0.,0.));
#5240 = ADVANCED_FACE('',(#5241),#5244,.T.);
#5241 = FACE_BOUND('',#5242,.T.);
#5242 = EDGE_LOOP('',(#5243));
#5243 = ORIENTED_EDGE('',*,*,#5211,.T.);
#5244 = PLANE('',#5245);
#5245 = AXIS2_PLACEMENT_3D('',#5246,#5247,#5248);
#5246 = CARTESIAN_POINT('',(-2.8,10.,10.));
#5247 = DIRECTION('',(0.,0.,1.));
#5248 = DIRECTION('',(1.,0.,0.));
#5249 = ADVANCED_FACE('',(#5250),#5253,.F.);
#5250 = FACE_BOUND('',#5251,.T.);
#5251 = EDGE_LOOP('',(#5252));
#5252 = ORIENTED_EDGE('',*,*,#5228,.F.);
#5253 = PLANE('',#5254);
#5254 = AXIS2_PLACEMENT_3D('',#5255,#5256,#5257);
#5255 = CARTESIAN_POINT('',(-2.8,10.,5.));
#5256 = DIRECTION('',(0.,0.,1.));
#5257 = DIRECTION('',(1.,0.,0.));
#5258 = MANIFOLD_SOLID_BREP('',#5259);
#5259 = CLOSED_SHELL('',(#5260,#5293,#5302));
#5260 = ADVANCED_FACE('',(#5261),#5288,.T.);
#5261 = FACE_BOUND('',#5262,.T.);
#5262 = EDGE_LOOP('',(#5263,#5272,#5280,#5287));
#5263 = ORIENTED_EDGE('',*,*,#5264,.F.);
#5264 = EDGE_CURVE('',#5265,#5265,#5267,.T.);
#5265 = VERTEX_POINT('',#5266);
#5266 = CARTESIAN_POINT('',(-2.8,5.2,9.9));
#5267 = CIRCLE('',#5268,0.1);
#5268 = AXIS2_PLACEMENT_3D('',#5269,#5270,#5271);
#5269 = CARTESIAN_POINT('',(-2.8,5.2,10.));
#5270 = DIRECTION('',(0.,-1.,0.));
#5271 = DIRECTION('',(0.,0.,-1.));
#5272 = ORIENTED_EDGE('',*,*,#5273,.F.);
#5273 = EDGE_CURVE('',#5274,#5265,#5276,.T.);
#5274 = VERTEX_POINT('',#5275);
#5275 = CARTESIAN_POINT('',(-2.8,10.,9.9));
#5276 = LINE('',#5277,#5278);
#5277 = CARTESIAN_POINT('',(-2.8,10.,9.9));
#5278 = VECTOR('',#5279,1.);
#5279 = DIRECTION('',(0.,-1.,0.));
#5280 = ORIENTED_EDGE('',*,*,#5281,.T.);
#5281 = EDGE_CURVE('',#5274,#5274,#5282,.T.);
#5282 = CIRCLE('',#5283,0.1);
#5283 = AXIS2_PLACEMENT_3D('',#5284,#5285,#5286);
#5284 = CARTESIAN_POINT('',(-2.8,10.,10.));
#5285 = DIRECTION('',(0.,-1.,0.));
#5286 = DIRECTION('',(0.,0.,-1.));
#5287 = ORIENTED_EDGE('',*,*,#5273,.T.);
#5288 = CYLINDRICAL_SURFACE('',#5289,0.1);
#5289 = AXIS2_PLACEMENT_3D('',#5290,#5291,#5292);
#5290 = CARTESIAN_POINT('',(-2.8,10.,10.));
#5291 = DIRECTION('',(0.,-1.,0.));
#5292 = DIRECTION('',(0.,0.,-1.));
#5293 = ADVANCED_FACE('',(#5294),#5297,.T.);
#5294 = FACE_BOUND('',#5295,.T.);
#5295 = EDGE_LOOP('',(#5296));
#5296 = ORIENTED_EDGE('',*,*,#5264,.T.);
#5297 = PLANE('',#5298);
#5298 = AXIS2_PLACEMENT_3D('',#5299,#5300,#5301);
#5299 = CARTESIAN_POINT('',(-2.8,5.2,10.));
#5300 = DIRECTION('',(0.,-1.,0.));
#5301 = DIRECTION('',(0.,0.,-1.));
#5302 = ADVANCED_FACE('',(#5303),#5306,.F.);
#5303 = FACE_BOUND('',#5304,.T.);
#5304 = EDGE_LOOP('',(#5305));
#5305 = ORIENTED_EDGE('',*,*,#5281,.F.);
#5306 = PLANE('',#5307);
#5307 = AXIS2_PLACEMENT_3D('',#5308,#5309,#5310);
#5308 = CARTESIAN_POINT('',(-2.8,10.,10.));
#5309 = DIRECTION('',(0.,-1.,0.));
#5310 = DIRECTION('',(0.,0.,-1.));
#5311 = MANIFOLD_SOLID_BREP('',#5312);
#5312 = CLOSED_SHELL('',(#5313,#5339,#5383,#5434,#5450,#5460));
#5313 = ADVANCED_FACE('',(#5314),#5334,.T.);
#5314 = FACE_BOUND('',#5315,.T.);
#5315 = EDGE_LOOP('',(#5316,#5327));
#5316 = ORIENTED_EDGE('',*,*,#5317,.F.);
#5317 = EDGE_CURVE('',#5318,#5320,#5322,.T.);
#5318 = VERTEX_POINT('',#5319);
#5319 = CARTESIAN_POINT('',(-4.2,8.5,11.78));
#5320 = VERTEX_POINT('',#5321);
#5321 = CARTESIAN_POINT('',(-4.2,8.5,11.52));
#5322 = CIRCLE('',#5323,0.13);
#5323 = AXIS2_PLACEMENT_3D('',#5324,#5325,#5326);
#5324 = CARTESIAN_POINT('',(-4.2,8.5,11.65));
#5325 = DIRECTION('',(1.,0.,-0.));
#5326 = DIRECTION('',(0.,0.,1.));
#5327 = ORIENTED_EDGE('',*,*,#5328,.F.);
#5328 = EDGE_CURVE('',#5320,#5318,#5329,.T.);
#5329 = CIRCLE('',#5330,0.13);
#5330 = AXIS2_PLACEMENT_3D('',#5331,#5332,#5333);
#5331 = CARTESIAN_POINT('',(-4.2,8.5,11.65));
#5332 = DIRECTION('',(1.,0.,-0.));
#5333 = DIRECTION('',(0.,0.,1.));
#5334 = SPHERICAL_SURFACE('',#5335,0.13);
#5335 = AXIS2_PLACEMENT_3D('',#5336,#5337,#5338);
#5336 = CARTESIAN_POINT('',(-4.2,8.5,11.65));
#5337 = DIRECTION('',(0.,0.,1.));
#5338 = DIRECTION('',(1.,0.,0.));
#5339 = ADVANCED_FACE('',(#5340),#5378,.T.);
#5340 = FACE_BOUND('',#5341,.T.);
#5341 = EDGE_LOOP('',(#5342,#5343,#5344,#5352,#5361,#5370,#5377));
#5342 = ORIENTED_EDGE('',*,*,#5317,.T.);
#5343 = ORIENTED_EDGE('',*,*,#5328,.T.);
#5344 = ORIENTED_EDGE('',*,*,#5345,.T.);
#5345 = EDGE_CURVE('',#5318,#5346,#5348,.T.);
#5346 = VERTEX_POINT('',#5347);
#5347 = CARTESIAN_POINT('',(4.2,8.5,11.78));
#5348 = LINE('',#5349,#5350);
#5349 = CARTESIAN_POINT('',(-4.2,8.5,11.78));
#5350 = VECTOR('',#5351,1.);
#5351 = DIRECTION('',(1.,0.,0.));
#5352 = ORIENTED_EDGE('',*,*,#5353,.F.);
#5353 = EDGE_CURVE('',#5354,#5346,#5356,.T.);
#5354 = VERTEX_POINT('',#5355);
#5355 = CARTESIAN_POINT('',(4.2,8.5,11.52));
#5356 = CIRCLE('',#5357,0.13);
#5357 = AXIS2_PLACEMENT_3D('',#5358,#5359,#5360);
#5358 = CARTESIAN_POINT('',(4.2,8.5,11.65));
#5359 = DIRECTION('',(1.,0.,-0.));
#5360 = DIRECTION('',(0.,0.,1.));
#5361 = ORIENTED_EDGE('',*,*,#5362,.F.);
#5362 = EDGE_CURVE('',#5363,#5354,#5365,.T.);
#5363 = VERTEX_POINT('',#5364);
#5364 = CARTESIAN_POINT('',(4.007985715015,8.37,11.65));
#5365 = ELLIPSE('',#5366,0.231882482388,0.13);
#5366 = AXIS2_PLACEMENT_3D('',#5367,#5368,#5369);
#5367 = CARTESIAN_POINT('',(4.2,8.5,11.65));
#5368 = DIRECTION('',(0.560628809305,-0.828067230469,0.));
#5369 = DIRECTION('',(0.828067230469,0.560628809305,0.));
#5370 = ORIENTED_EDGE('',*,*,#5371,.F.);
#5371 = EDGE_CURVE('',#5346,#5363,#5372,.T.);
#5372 = ELLIPSE('',#5373,0.231882482388,0.13);
#5373 = AXIS2_PLACEMENT_3D('',#5374,#5375,#5376);
#5374 = CARTESIAN_POINT('',(4.2,8.5,11.65));
#5375 = DIRECTION('',(0.560628809305,-0.828067230469,0.));
#5376 = DIRECTION('',(0.828067230469,0.560628809305,0.));
#5377 = ORIENTED_EDGE('',*,*,#5345,.F.);
#5378 = CYLINDRICAL_SURFACE('',#5379,0.13);
#5379 = AXIS2_PLACEMENT_3D('',#5380,#5381,#5382);
#5380 = CARTESIAN_POINT('',(-4.2,8.5,11.65));
#5381 = DIRECTION('',(1.,0.,0.));
#5382 = DIRECTION('',(0.,0.,1.));
#5383 = ADVANCED_FACE('',(#5384),#5429,.T.);
#5384 = FACE_BOUND('',#5385,.T.);
#5385 = EDGE_LOOP('',(#5386,#5387,#5395,#5404,#5413,#5420,#5421,#5422));
#5386 = ORIENTED_EDGE('',*,*,#5371,.T.);
#5387 = ORIENTED_EDGE('',*,*,#5388,.T.);
#5388 = EDGE_CURVE('',#5363,#5389,#5391,.T.);
#5389 = VERTEX_POINT('',#5390);
#5390 = CARTESIAN_POINT('',(-2.720701969815,-8.451719212074,11.65));
#5391 = LINE('',#5392,#5393);
#5392 = CARTESIAN_POINT('',(4.079298030185,8.548280787926,11.65));
#5393 = VECTOR('',#5394,1.);
#5394 = DIRECTION('',(-0.371390676354,-0.928476690885,1.45071886463E-33)
  );
#5395 = ORIENTED_EDGE('',*,*,#5396,.F.);
#5396 = EDGE_CURVE('',#5397,#5389,#5399,.T.);
#5397 = VERTEX_POINT('',#5398);
#5398 = CARTESIAN_POINT('',(-2.6,-8.5,11.78));
#5399 = CIRCLE('',#5400,0.13);
#5400 = AXIS2_PLACEMENT_3D('',#5401,#5402,#5403);
#5401 = CARTESIAN_POINT('',(-2.6,-8.5,11.65));
#5402 = DIRECTION('',(-0.371390676354,-0.928476690885,-0.));
#5403 = DIRECTION('',(-0.928476690885,0.371390676354,0.));
#5404 = ORIENTED_EDGE('',*,*,#5405,.F.);
#5405 = EDGE_CURVE('',#5406,#5397,#5408,.T.);
#5406 = VERTEX_POINT('',#5407);
#5407 = CARTESIAN_POINT('',(-2.6,-8.5,11.52));
#5408 = CIRCLE('',#5409,0.13);
#5409 = AXIS2_PLACEMENT_3D('',#5410,#5411,#5412);
#5410 = CARTESIAN_POINT('',(-2.6,-8.5,11.65));
#5411 = DIRECTION('',(-0.371390676354,-0.928476690885,-0.));
#5412 = DIRECTION('',(-0.928476690885,0.371390676354,0.));
#5413 = ORIENTED_EDGE('',*,*,#5414,.F.);
#5414 = EDGE_CURVE('',#5389,#5406,#5415,.T.);
#5415 = CIRCLE('',#5416,0.13);
#5416 = AXIS2_PLACEMENT_3D('',#5417,#5418,#5419);
#5417 = CARTESIAN_POINT('',(-2.6,-8.5,11.65));
#5418 = DIRECTION('',(-0.371390676354,-0.928476690885,-0.));
#5419 = DIRECTION('',(-0.928476690885,0.371390676354,0.));
#5420 = ORIENTED_EDGE('',*,*,#5388,.F.);
#5421 = ORIENTED_EDGE('',*,*,#5362,.T.);
#5422 = ORIENTED_EDGE('',*,*,#5423,.T.);
#5423 = EDGE_CURVE('',#5354,#5346,#5424,.T.);
#5424 = CIRCLE('',#5425,0.13);
#5425 = AXIS2_PLACEMENT_3D('',#5426,#5427,#5428);
#5426 = CARTESIAN_POINT('',(4.2,8.5,11.65));
#5427 = DIRECTION('',(-0.371390676354,-0.928476690885,-0.));
#5428 = DIRECTION('',(-0.928476690885,0.371390676354,0.));
#5429 = CYLINDRICAL_SURFACE('',#5430,0.13);
#5430 = AXIS2_PLACEMENT_3D('',#5431,#5432,#5433);
#5431 = CARTESIAN_POINT('',(4.2,8.5,11.65));
#5432 = DIRECTION('',(-0.371390676354,-0.928476690885,0.));
#5433 = DIRECTION('',(-0.928476690885,0.371390676354,0.));
#5434 = ADVANCED_FACE('',(#5435),#5445,.T.);
#5435 = FACE_BOUND('',#5436,.T.);
#5436 = EDGE_LOOP('',(#5437,#5438));
#5437 = ORIENTED_EDGE('',*,*,#5353,.T.);
#5438 = ORIENTED_EDGE('',*,*,#5439,.F.);
#5439 = EDGE_CURVE('',#5354,#5346,#5440,.T.);
#5440 = CIRCLE('',#5441,0.13);
#5441 = AXIS2_PLACEMENT_3D('',#5442,#5443,#5444);
#5442 = CARTESIAN_POINT('',(4.2,8.5,11.65));
#5443 = DIRECTION('',(-2.449293598295E-16,-1.,0.));
#5444 = DIRECTION('',(1.,-2.449293598295E-16,0.));
#5445 = SPHERICAL_SURFACE('',#5446,0.13);
#5446 = AXIS2_PLACEMENT_3D('',#5447,#5448,#5449);
#5447 = CARTESIAN_POINT('',(4.2,8.5,11.65));
#5448 = DIRECTION('',(0.,0.,1.));
#5449 = DIRECTION('',(1.,0.,0.));
#5450 = ADVANCED_FACE('',(#5451),#5455,.T.);
#5451 = FACE_BOUND('',#5452,.T.);
#5452 = EDGE_LOOP('',(#5453,#5454));
#5453 = ORIENTED_EDGE('',*,*,#5439,.T.);
#5454 = ORIENTED_EDGE('',*,*,#5423,.F.);
#5455 = SPHERICAL_SURFACE('',#5456,0.13);
#5456 = AXIS2_PLACEMENT_3D('',#5457,#5458,#5459);
#5457 = CARTESIAN_POINT('',(4.2,8.5,11.65));
#5458 = DIRECTION('',(0.,0.,1.));
#5459 = DIRECTION('',(1.,0.,0.));
#5460 = ADVANCED_FACE('',(#5461),#5466,.T.);
#5461 = FACE_BOUND('',#5462,.T.);
#5462 = EDGE_LOOP('',(#5463,#5464,#5465));
#5463 = ORIENTED_EDGE('',*,*,#5405,.T.);
#5464 = ORIENTED_EDGE('',*,*,#5396,.T.);
#5465 = ORIENTED_EDGE('',*,*,#5414,.T.);
#5466 = SPHERICAL_SURFACE('',#5467,0.13);
#5467 = AXIS2_PLACEMENT_3D('',#5468,#5469,#5470);
#5468 = CARTESIAN_POINT('',(-2.6,-8.5,11.65));
#5469 = DIRECTION('',(0.,0.,1.));
#5470 = DIRECTION('',(1.,0.,0.));
#5471 = MANIFOLD_SOLID_BREP('',#5472);
#5472 = CLOSED_SHELL('',(#5473,#5506,#5515));
#5473 = ADVANCED_FACE('',(#5474),#5501,.T.);
#5474 = FACE_BOUND('',#5475,.T.);
#5475 = EDGE_LOOP('',(#5476,#5485,#5493,#5500));
#5476 = ORIENTED_EDGE('',*,*,#5477,.F.);
#5477 = EDGE_CURVE('',#5478,#5478,#5480,.T.);
#5478 = VERTEX_POINT('',#5479);
#5479 = CARTESIAN_POINT('',(3.832239183906,-8.189651437889,5.));
#5480 = CIRCLE('',#5481,0.1);
#5481 = AXIS2_PLACEMENT_3D('',#5482,#5483,#5484);
#5482 = CARTESIAN_POINT('',(3.732239183906,-8.189651437889,5.));
#5483 = DIRECTION('',(0.,0.,1.));
#5484 = DIRECTION('',(1.,0.,0.));
#5485 = ORIENTED_EDGE('',*,*,#5486,.F.);
#5486 = EDGE_CURVE('',#5487,#5478,#5489,.T.);
#5487 = VERTEX_POINT('',#5488);
#5488 = CARTESIAN_POINT('',(3.832239183906,-8.189651437889,2.8));
#5489 = LINE('',#5490,#5491);
#5490 = CARTESIAN_POINT('',(3.832239183906,-8.189651437889,2.8));
#5491 = VECTOR('',#5492,1.);
#5492 = DIRECTION('',(0.,0.,1.));
#5493 = ORIENTED_EDGE('',*,*,#5494,.T.);
#5494 = EDGE_CURVE('',#5487,#5487,#5495,.T.);
#5495 = CIRCLE('',#5496,0.1);
#5496 = AXIS2_PLACEMENT_3D('',#5497,#5498,#5499);
#5497 = CARTESIAN_POINT('',(3.732239183906,-8.189651437889,2.8));
#5498 = DIRECTION('',(0.,0.,1.));
#5499 = DIRECTION('',(1.,0.,0.));
#5500 = ORIENTED_EDGE('',*,*,#5486,.T.);
#5501 = CYLINDRICAL_SURFACE('',#5502,0.1);
#5502 = AXIS2_PLACEMENT_3D('',#5503,#5504,#5505);
#5503 = CARTESIAN_POINT('',(3.732239183906,-8.189651437889,2.8));
#5504 = DIRECTION('',(0.,0.,1.));
#5505 = DIRECTION('',(1.,0.,0.));
#5506 = ADVANCED_FACE('',(#5507),#5510,.T.);
#5507 = FACE_BOUND('',#5508,.T.);
#5508 = EDGE_LOOP('',(#5509));
#5509 = ORIENTED_EDGE('',*,*,#5477,.T.);
#5510 = PLANE('',#5511);
#5511 = AXIS2_PLACEMENT_3D('',#5512,#5513,#5514);
#5512 = CARTESIAN_POINT('',(3.732239183906,-8.189651437889,5.));
#5513 = DIRECTION('',(0.,0.,1.));
#5514 = DIRECTION('',(1.,0.,0.));
#5515 = ADVANCED_FACE('',(#5516),#5519,.F.);
#5516 = FACE_BOUND('',#5517,.T.);
#5517 = EDGE_LOOP('',(#5518));
#5518 = ORIENTED_EDGE('',*,*,#5494,.F.);
#5519 = PLANE('',#5520);
#5520 = AXIS2_PLACEMENT_3D('',#5521,#5522,#5523);
#5521 = CARTESIAN_POINT('',(3.732239183906,-8.189651437889,2.8));
#5522 = DIRECTION('',(0.,0.,1.));
#5523 = DIRECTION('',(1.,0.,0.));
#5524 = MANIFOLD_SOLID_BREP('',#5525);
#5525 = CLOSED_SHELL('',(#5526,#5559,#5568));
#5526 = ADVANCED_FACE('',(#5527),#5554,.T.);
#5527 = FACE_BOUND('',#5528,.T.);
#5528 = EDGE_LOOP('',(#5529,#5538,#5546,#5553));
#5529 = ORIENTED_EDGE('',*,*,#5530,.F.);
#5530 = EDGE_CURVE('',#5531,#5531,#5533,.T.);
#5531 = VERTEX_POINT('',#5532);
#5532 = CARTESIAN_POINT('',(3.732239183906,10.,5.1));
#5533 = CIRCLE('',#5534,0.1);
#5534 = AXIS2_PLACEMENT_3D('',#5535,#5536,#5537);
#5535 = CARTESIAN_POINT('',(3.732239183906,10.,5.));
#5536 = DIRECTION('',(0.,1.,0.));
#5537 = DIRECTION('',(0.,0.,1.));
#5538 = ORIENTED_EDGE('',*,*,#5539,.F.);
#5539 = EDGE_CURVE('',#5540,#5531,#5542,.T.);
#5540 = VERTEX_POINT('',#5541);
#5541 = CARTESIAN_POINT('',(3.732239183906,-8.189651437889,5.1));
#5542 = LINE('',#5543,#5544);
#5543 = CARTESIAN_POINT('',(3.732239183906,-8.189651437889,5.1));
#5544 = VECTOR('',#5545,1.);
#5545 = DIRECTION('',(0.,1.,0.));
#5546 = ORIENTED_EDGE('',*,*,#5547,.T.);
#5547 = EDGE_CURVE('',#5540,#5540,#5548,.T.);
#5548 = CIRCLE('',#5549,0.1);
#5549 = AXIS2_PLACEMENT_3D('',#5550,#5551,#5552);
#5550 = CARTESIAN_POINT('',(3.732239183906,-8.189651437889,5.));
#5551 = DIRECTION('',(0.,1.,0.));
#5552 = DIRECTION('',(0.,0.,1.));
#5553 = ORIENTED_EDGE('',*,*,#5539,.T.);
#5554 = CYLINDRICAL_SURFACE('',#5555,0.1);
#5555 = AXIS2_PLACEMENT_3D('',#5556,#5557,#5558);
#5556 = CARTESIAN_POINT('',(3.732239183906,-8.189651437889,5.));
#5557 = DIRECTION('',(0.,1.,0.));
#5558 = DIRECTION('',(0.,0.,1.));
#5559 = ADVANCED_FACE('',(#5560),#5563,.T.);
#5560 = FACE_BOUND('',#5561,.T.);
#5561 = EDGE_LOOP('',(#5562));
#5562 = ORIENTED_EDGE('',*,*,#5530,.T.);
#5563 = PLANE('',#5564);
#5564 = AXIS2_PLACEMENT_3D('',#5565,#5566,#5567);
#5565 = CARTESIAN_POINT('',(3.732239183906,10.,5.));
#5566 = DIRECTION('',(0.,1.,0.));
#5567 = DIRECTION('',(0.,0.,1.));
#5568 = ADVANCED_FACE('',(#5569),#5572,.F.);
#5569 = FACE_BOUND('',#5570,.T.);
#5570 = EDGE_LOOP('',(#5571));
#5571 = ORIENTED_EDGE('',*,*,#5547,.F.);
#5572 = PLANE('',#5573);
#5573 = AXIS2_PLACEMENT_3D('',#5574,#5575,#5576);
#5574 = CARTESIAN_POINT('',(3.732239183906,-8.189651437889,5.));
#5575 = DIRECTION('',(0.,1.,0.));
#5576 = DIRECTION('',(0.,0.,1.));
#5577 = MANIFOLD_SOLID_BREP('',#5578);
#5578 = CLOSED_SHELL('',(#5579,#5612,#5621));
#5579 = ADVANCED_FACE('',(#5580),#5607,.T.);
#5580 = FACE_BOUND('',#5581,.T.);
#5581 = EDGE_LOOP('',(#5582,#5591,#5599,#5606));
#5582 = ORIENTED_EDGE('',*,*,#5583,.F.);
#5583 = EDGE_CURVE('',#5584,#5584,#5586,.T.);
#5584 = VERTEX_POINT('',#5585);
#5585 = CARTESIAN_POINT('',(-4.2,10.,4.9));
#5586 = CIRCLE('',#5587,0.1);
#5587 = AXIS2_PLACEMENT_3D('',#5588,#5589,#5590);
#5588 = CARTESIAN_POINT('',(-4.2,10.,5.));
#5589 = DIRECTION('',(-1.,0.,0.));
#5590 = DIRECTION('',(0.,0.,-1.));
#5591 = ORIENTED_EDGE('',*,*,#5592,.F.);
#5592 = EDGE_CURVE('',#5593,#5584,#5595,.T.);
#5593 = VERTEX_POINT('',#5594);
#5594 = CARTESIAN_POINT('',(3.732239183906,10.,4.9));
#5595 = LINE('',#5596,#5597);
#5596 = CARTESIAN_POINT('',(3.732239183906,10.,4.9));
#5597 = VECTOR('',#5598,1.);
#5598 = DIRECTION('',(-1.,0.,0.));
#5599 = ORIENTED_EDGE('',*,*,#5600,.T.);
#5600 = EDGE_CURVE('',#5593,#5593,#5601,.T.);
#5601 = CIRCLE('',#5602,0.1);
#5602 = AXIS2_PLACEMENT_3D('',#5603,#5604,#5605);
#5603 = CARTESIAN_POINT('',(3.732239183906,10.,5.));
#5604 = DIRECTION('',(-1.,0.,0.));
#5605 = DIRECTION('',(0.,0.,-1.));
#5606 = ORIENTED_EDGE('',*,*,#5592,.T.);
#5607 = CYLINDRICAL_SURFACE('',#5608,0.1);
#5608 = AXIS2_PLACEMENT_3D('',#5609,#5610,#5611);
#5609 = CARTESIAN_POINT('',(3.732239183906,10.,5.));
#5610 = DIRECTION('',(-1.,0.,0.));
#5611 = DIRECTION('',(0.,0.,-1.));
#5612 = ADVANCED_FACE('',(#5613),#5616,.T.);
#5613 = FACE_BOUND('',#5614,.T.);
#5614 = EDGE_LOOP('',(#5615));
#5615 = ORIENTED_EDGE('',*,*,#5583,.T.);
#5616 = PLANE('',#5617);
#5617 = AXIS2_PLACEMENT_3D('',#5618,#5619,#5620);
#5618 = CARTESIAN_POINT('',(-4.2,10.,5.));
#5619 = DIRECTION('',(-1.,0.,0.));
#5620 = DIRECTION('',(0.,0.,-1.));
#5621 = ADVANCED_FACE('',(#5622),#5625,.F.);
#5622 = FACE_BOUND('',#5623,.T.);
#5623 = EDGE_LOOP('',(#5624));
#5624 = ORIENTED_EDGE('',*,*,#5600,.F.);
#5625 = PLANE('',#5626);
#5626 = AXIS2_PLACEMENT_3D('',#5627,#5628,#5629);
#5627 = CARTESIAN_POINT('',(3.732239183906,10.,5.));
#5628 = DIRECTION('',(-1.,0.,0.));
#5629 = DIRECTION('',(0.,0.,-1.));
#5630 = MANIFOLD_SOLID_BREP('',#5631);
#5631 = CLOSED_SHELL('',(#5632,#5665,#5674));
#5632 = ADVANCED_FACE('',(#5633),#5660,.T.);
#5633 = FACE_BOUND('',#5634,.T.);
#5634 = EDGE_LOOP('',(#5635,#5644,#5652,#5659));
#5635 = ORIENTED_EDGE('',*,*,#5636,.F.);
#5636 = EDGE_CURVE('',#5637,#5637,#5639,.T.);
#5637 = VERTEX_POINT('',#5638);
#5638 = CARTESIAN_POINT('',(-4.1,10.,11.65));
#5639 = CIRCLE('',#5640,0.1);
#5640 = AXIS2_PLACEMENT_3D('',#5641,#5642,#5643);
#5641 = CARTESIAN_POINT('',(-4.2,10.,11.65));
#5642 = DIRECTION('',(0.,0.,1.));
#5643 = DIRECTION('',(1.,0.,0.));
#5644 = ORIENTED_EDGE('',*,*,#5645,.F.);
#5645 = EDGE_CURVE('',#5646,#5637,#5648,.T.);
#5646 = VERTEX_POINT('',#5647);
#5647 = CARTESIAN_POINT('',(-4.1,10.,5.));
#5648 = LINE('',#5649,#5650);
#5649 = CARTESIAN_POINT('',(-4.1,10.,5.));
#5650 = VECTOR('',#5651,1.);
#5651 = DIRECTION('',(0.,0.,1.));
#5652 = ORIENTED_EDGE('',*,*,#5653,.T.);
#5653 = EDGE_CURVE('',#5646,#5646,#5654,.T.);
#5654 = CIRCLE('',#5655,0.1);
#5655 = AXIS2_PLACEMENT_3D('',#5656,#5657,#5658);
#5656 = CARTESIAN_POINT('',(-4.2,10.,5.));
#5657 = DIRECTION('',(0.,0.,1.));
#5658 = DIRECTION('',(1.,0.,0.));
#5659 = ORIENTED_EDGE('',*,*,#5645,.T.);
#5660 = CYLINDRICAL_SURFACE('',#5661,0.1);
#5661 = AXIS2_PLACEMENT_3D('',#5662,#5663,#5664);
#5662 = CARTESIAN_POINT('',(-4.2,10.,5.));
#5663 = DIRECTION('',(0.,0.,1.));
#5664 = DIRECTION('',(1.,0.,0.));
#5665 = ADVANCED_FACE('',(#5666),#5669,.T.);
#5666 = FACE_BOUND('',#5667,.T.);
#5667 = EDGE_LOOP('',(#5668));
#5668 = ORIENTED_EDGE('',*,*,#5636,.T.);
#5669 = PLANE('',#5670);
#5670 = AXIS2_PLACEMENT_3D('',#5671,#5672,#5673);
#5671 = CARTESIAN_POINT('',(-4.2,10.,11.65));
#5672 = DIRECTION('',(0.,0.,1.));
#5673 = DIRECTION('',(1.,0.,0.));
#5674 = ADVANCED_FACE('',(#5675),#5678,.F.);
#5675 = FACE_BOUND('',#5676,.T.);
#5676 = EDGE_LOOP('',(#5677));
#5677 = ORIENTED_EDGE('',*,*,#5653,.F.);
#5678 = PLANE('',#5679);
#5679 = AXIS2_PLACEMENT_3D('',#5680,#5681,#5682);
#5680 = CARTESIAN_POINT('',(-4.2,10.,5.));
#5681 = DIRECTION('',(0.,0.,1.));
#5682 = DIRECTION('',(1.,0.,0.));
#5683 = MANIFOLD_SOLID_BREP('',#5684);
#5684 = CLOSED_SHELL('',(#5685,#5718,#5727));
#5685 = ADVANCED_FACE('',(#5686),#5713,.T.);
#5686 = FACE_BOUND('',#5687,.T.);
#5687 = EDGE_LOOP('',(#5688,#5697,#5705,#5712));
#5688 = ORIENTED_EDGE('',*,*,#5689,.F.);
#5689 = EDGE_CURVE('',#5690,#5690,#5692,.T.);
#5690 = VERTEX_POINT('',#5691);
#5691 = CARTESIAN_POINT('',(-4.2,8.5,11.55));
#5692 = CIRCLE('',#5693,0.1);
#5693 = AXIS2_PLACEMENT_3D('',#5694,#5695,#5696);
#5694 = CARTESIAN_POINT('',(-4.2,8.5,11.65));
#5695 = DIRECTION('',(0.,-1.,0.));
#5696 = DIRECTION('',(0.,0.,-1.));
#5697 = ORIENTED_EDGE('',*,*,#5698,.F.);
#5698 = EDGE_CURVE('',#5699,#5690,#5701,.T.);
#5699 = VERTEX_POINT('',#5700);
#5700 = CARTESIAN_POINT('',(-4.2,10.,11.55));
#5701 = LINE('',#5702,#5703);
#5702 = CARTESIAN_POINT('',(-4.2,10.,11.55));
#5703 = VECTOR('',#5704,1.);
#5704 = DIRECTION('',(0.,-1.,0.));
#5705 = ORIENTED_EDGE('',*,*,#5706,.T.);
#5706 = EDGE_CURVE('',#5699,#5699,#5707,.T.);
#5707 = CIRCLE('',#5708,0.1);
#5708 = AXIS2_PLACEMENT_3D('',#5709,#5710,#5711);
#5709 = CARTESIAN_POINT('',(-4.2,10.,11.65));
#5710 = DIRECTION('',(0.,-1.,0.));
#5711 = DIRECTION('',(0.,0.,-1.));
#5712 = ORIENTED_EDGE('',*,*,#5698,.T.);
#5713 = CYLINDRICAL_SURFACE('',#5714,0.1);
#5714 = AXIS2_PLACEMENT_3D('',#5715,#5716,#5717);
#5715 = CARTESIAN_POINT('',(-4.2,10.,11.65));
#5716 = DIRECTION('',(0.,-1.,0.));
#5717 = DIRECTION('',(0.,0.,-1.));
#5718 = ADVANCED_FACE('',(#5719),#5722,.T.);
#5719 = FACE_BOUND('',#5720,.T.);
#5720 = EDGE_LOOP('',(#5721));
#5721 = ORIENTED_EDGE('',*,*,#5689,.T.);
#5722 = PLANE('',#5723);
#5723 = AXIS2_PLACEMENT_3D('',#5724,#5725,#5726);
#5724 = CARTESIAN_POINT('',(-4.2,8.5,11.65));
#5725 = DIRECTION('',(0.,-1.,0.));
#5726 = DIRECTION('',(0.,0.,-1.));
#5727 = ADVANCED_FACE('',(#5728),#5731,.F.);
#5728 = FACE_BOUND('',#5729,.T.);
#5729 = EDGE_LOOP('',(#5730));
#5730 = ORIENTED_EDGE('',*,*,#5706,.F.);
#5731 = PLANE('',#5732);
#5732 = AXIS2_PLACEMENT_3D('',#5733,#5734,#5735);
#5733 = CARTESIAN_POINT('',(-4.2,10.,11.65));
#5734 = DIRECTION('',(0.,-1.,0.));
#5735 = DIRECTION('',(0.,0.,-1.));
#5736 = MANIFOLD_SOLID_BREP('',#5737);
#5737 = CLOSED_SHELL('',(#5738,#5764,#5805,#5815,#5868,#5878,#6037,#6048
    ,#6175,#6207,#6326));
#5738 = ADVANCED_FACE('',(#5739),#5759,.T.);
#5739 = FACE_BOUND('',#5740,.T.);
#5740 = EDGE_LOOP('',(#5741,#5752));
#5741 = ORIENTED_EDGE('',*,*,#5742,.F.);
#5742 = EDGE_CURVE('',#5743,#5745,#5747,.T.);
#5743 = VERTEX_POINT('',#5744);
#5744 = CARTESIAN_POINT('',(4.1,8.5,13.43));
#5745 = VERTEX_POINT('',#5746);
#5746 = CARTESIAN_POINT('',(4.1,8.5,13.17));
#5747 = CIRCLE('',#5748,0.13);
#5748 = AXIS2_PLACEMENT_3D('',#5749,#5750,#5751);
#5749 = CARTESIAN_POINT('',(4.1,8.5,13.3));
#5750 = DIRECTION('',(-1.,0.,0.));
#5751 = DIRECTION('',(0.,0.,-1.));
#5752 = ORIENTED_EDGE('',*,*,#5753,.F.);
#5753 = EDGE_CURVE('',#5745,#5743,#5754,.T.);
#5754 = CIRCLE('',#5755,0.13);
#5755 = AXIS2_PLACEMENT_3D('',#5756,#5757,#5758);
#5756 = CARTESIAN_POINT('',(4.1,8.5,13.3));
#5757 = DIRECTION('',(-2.449293598295E-16,-1.,0.));
#5758 = DIRECTION('',(1.,-2.449293598295E-16,0.));
#5759 = SPHERICAL_SURFACE('',#5760,0.13);
#5760 = AXIS2_PLACEMENT_3D('',#5761,#5762,#5763);
#5761 = CARTESIAN_POINT('',(4.1,8.5,13.3));
#5762 = DIRECTION('',(0.,0.,1.));
#5763 = DIRECTION('',(1.,0.,0.));
#5764 = ADVANCED_FACE('',(#5765),#5800,.T.);
#5765 = FACE_BOUND('',#5766,.T.);
#5766 = EDGE_LOOP('',(#5767,#5774,#5775,#5783,#5792,#5799));
#5767 = ORIENTED_EDGE('',*,*,#5768,.T.);
#5768 = EDGE_CURVE('',#5745,#5743,#5769,.T.);
#5769 = CIRCLE('',#5770,0.13);
#5770 = AXIS2_PLACEMENT_3D('',#5771,#5772,#5773);
#5771 = CARTESIAN_POINT('',(4.1,8.5,13.3));
#5772 = DIRECTION('',(-1.,0.,0.));
#5773 = DIRECTION('',(0.,0.,-1.));
#5774 = ORIENTED_EDGE('',*,*,#5742,.T.);
#5775 = ORIENTED_EDGE('',*,*,#5776,.T.);
#5776 = EDGE_CURVE('',#5745,#5777,#5779,.T.);
#5777 = VERTEX_POINT('',#5778);
#5778 = CARTESIAN_POINT('',(-3.8,8.5,13.17));
#5779 = LINE('',#5780,#5781);
#5780 = CARTESIAN_POINT('',(4.1,8.5,13.17));
#5781 = VECTOR('',#5782,1.);
#5782 = DIRECTION('',(-1.,0.,0.));
#5783 = ORIENTED_EDGE('',*,*,#5784,.F.);
#5784 = EDGE_CURVE('',#5785,#5777,#5787,.T.);
#5785 = VERTEX_POINT('',#5786);
#5786 = CARTESIAN_POINT('',(-3.8,8.5,13.43));
#5787 = CIRCLE('',#5788,0.13);
#5788 = AXIS2_PLACEMENT_3D('',#5789,#5790,#5791);
#5789 = CARTESIAN_POINT('',(-3.8,8.5,13.3));
#5790 = DIRECTION('',(-1.,0.,0.));
#5791 = DIRECTION('',(0.,0.,-1.));
#5792 = ORIENTED_EDGE('',*,*,#5793,.F.);
#5793 = EDGE_CURVE('',#5777,#5785,#5794,.T.);
#5794 = ELLIPSE('',#5795,0.183847763109,0.13);
#5795 = AXIS2_PLACEMENT_3D('',#5796,#5797,#5798);
#5796 = CARTESIAN_POINT('',(-3.8,8.5,13.3));
#5797 = DIRECTION('',(-0.707106781187,-0.707106781187,-0.));
#5798 = DIRECTION('',(-0.707106781187,0.707106781187,0.));
#5799 = ORIENTED_EDGE('',*,*,#5776,.F.);
#5800 = CYLINDRICAL_SURFACE('',#5801,0.13);
#5801 = AXIS2_PLACEMENT_3D('',#5802,#5803,#5804);
#5802 = CARTESIAN_POINT('',(4.1,8.5,13.3));
#5803 = DIRECTION('',(-1.,0.,0.));
#5804 = DIRECTION('',(0.,0.,-1.));
#5805 = ADVANCED_FACE('',(#5806),#5810,.T.);
#5806 = FACE_BOUND('',#5807,.T.);
#5807 = EDGE_LOOP('',(#5808,#5809));
#5808 = ORIENTED_EDGE('',*,*,#5753,.T.);
#5809 = ORIENTED_EDGE('',*,*,#5768,.F.);
#5810 = SPHERICAL_SURFACE('',#5811,0.13);
#5811 = AXIS2_PLACEMENT_3D('',#5812,#5813,#5814);
#5812 = CARTESIAN_POINT('',(4.1,8.5,13.3));
#5813 = DIRECTION('',(0.,0.,1.));
#5814 = DIRECTION('',(1.,0.,0.));
#5815 = ADVANCED_FACE('',(#5816),#5863,.T.);
#5816 = FACE_BOUND('',#5817,.T.);
#5817 = EDGE_LOOP('',(#5818,#5819,#5826,#5834,#5843,#5862));
#5818 = ORIENTED_EDGE('',*,*,#5793,.T.);
#5819 = ORIENTED_EDGE('',*,*,#5820,.T.);
#5820 = EDGE_CURVE('',#5785,#5777,#5821,.T.);
#5821 = CIRCLE('',#5822,0.13);
#5822 = AXIS2_PLACEMENT_3D('',#5823,#5824,#5825);
#5823 = CARTESIAN_POINT('',(-3.8,8.5,13.3));
#5824 = DIRECTION('',(0.,-1.,0.));
#5825 = DIRECTION('',(0.,0.,-1.));
#5826 = ORIENTED_EDGE('',*,*,#5827,.T.);
#5827 = EDGE_CURVE('',#5777,#5828,#5830,.T.);
#5828 = VERTEX_POINT('',#5829);
#5829 = CARTESIAN_POINT('',(-3.8,1.,13.17));
#5830 = LINE('',#5831,#5832);
#5831 = CARTESIAN_POINT('',(-3.8,8.5,13.17));
#5832 = VECTOR('',#5833,1.);
#5833 = DIRECTION('',(0.,-1.,0.));
#5834 = ORIENTED_EDGE('',*,*,#5835,.F.);
#5835 = EDGE_CURVE('',#5836,#5828,#5838,.T.);
#5836 = VERTEX_POINT('',#5837);
#5837 = CARTESIAN_POINT('',(-3.8,1.,13.43));
#5838 = CIRCLE('',#5839,0.13);
#5839 = AXIS2_PLACEMENT_3D('',#5840,#5841,#5842);
#5840 = CARTESIAN_POINT('',(-3.8,1.,13.3));
#5841 = DIRECTION('',(0.,-1.,0.));
#5842 = DIRECTION('',(0.,0.,-1.));
#5843 = ORIENTED_EDGE('',*,*,#5844,.T.);
#5844 = EDGE_CURVE('',#5836,#5828,#5845,.T.);
#5845 = B_SPLINE_CURVE_WITH_KNOTS('',8,(#5846,#5847,#5848,#5849,#5850,
    #5851,#5852,#5853,#5854,#5855,#5856,#5857,#5858,#5859,#5860,#5861),
  .UNSPECIFIED.,.F.,.F.,(9,7,9),(0.,0.500431970187,1.),.UNSPECIFIED.);
#5846 = CARTESIAN_POINT('',(-3.799999999597,0.999999999268,13.43));
#5847 = CARTESIAN_POINT('',(-3.774749041269,1.042706225744,
    13.429999957228));
#5848 = CARTESIAN_POINT('',(-3.749488628551,1.0849269987,13.424394881682
    ));
#5849 = CARTESIAN_POINT('',(-3.725600768517,1.124356969482,
    13.413175745387));
#5850 = CARTESIAN_POINT('',(-3.704493142273,1.158796696301,
    13.396704737827));
#5851 = CARTESIAN_POINT('',(-3.687508292366,1.186272531581,
    13.375735284336));
#5852 = CARTESIAN_POINT('',(-3.675794965793,1.205149058968,
    13.351510084578));
#5853 = CARTESIAN_POINT('',(-3.669964614899,1.214545052834,
    13.325652359594));
#5854 = CARTESIAN_POINT('',(-3.670035569446,1.214430704686,
    13.274034833688));
#5855 = CARTESIAN_POINT('',(-3.675916688877,1.204952894325,
    13.248238779324));
#5856 = CARTESIAN_POINT('',(-3.687655244676,1.186034796105,
    13.224083495127));
#5857 = CARTESIAN_POINT('',(-3.704639247937,1.158558313101,
    13.203181382538));
#5858 = CARTESIAN_POINT('',(-3.725724751023,1.124152301228,
    13.186766096009));
#5859 = CARTESIAN_POINT('',(-3.749575975877,1.084781009963,
    13.175585781935));
#5860 = CARTESIAN_POINT('',(-3.774792639748,1.04263248476,
    13.170000042084));
#5861 = CARTESIAN_POINT('',(-3.799999999902,0.999999999822,13.17));
#5862 = ORIENTED_EDGE('',*,*,#5827,.F.);
#5863 = CYLINDRICAL_SURFACE('',#5864,0.13);
#5864 = AXIS2_PLACEMENT_3D('',#5865,#5866,#5867);
#5865 = CARTESIAN_POINT('',(-3.8,8.5,13.3));
#5866 = DIRECTION('',(0.,-1.,0.));
#5867 = DIRECTION('',(0.,0.,-1.));
#5868 = ADVANCED_FACE('',(#5869),#5873,.T.);
#5869 = FACE_BOUND('',#5870,.T.);
#5870 = EDGE_LOOP('',(#5871,#5872));
#5871 = ORIENTED_EDGE('',*,*,#5784,.T.);
#5872 = ORIENTED_EDGE('',*,*,#5820,.F.);
#5873 = SPHERICAL_SURFACE('',#5874,0.13);
#5874 = AXIS2_PLACEMENT_3D('',#5875,#5876,#5877);
#5875 = CARTESIAN_POINT('',(-3.8,8.5,13.3));
#5876 = DIRECTION('',(0.,0.,1.));
#5877 = DIRECTION('',(1.,0.,0.));
#5878 = ADVANCED_FACE('',(#5879),#5966,.T.);
#5879 = FACE_BOUND('',#5880,.T.);
#5880 = EDGE_LOOP('',(#5881,#5882,#5894,#5909,#5921,#5933,#5945,#5955,
    #5956));
#5881 = ORIENTED_EDGE('',*,*,#5844,.F.);
#5882 = ORIENTED_EDGE('',*,*,#5883,.T.);
#5883 = EDGE_CURVE('',#5836,#5884,#5886,.T.);
#5884 = VERTEX_POINT('',#5885);
#5885 = CARTESIAN_POINT('',(-3.73735056253,0.886091931872,13.3));
#5886 = ( BOUNDED_CURVE() B_SPLINE_CURVE(6,(#5887,#5888,#5889,#5890,
#5891,#5892,#5893),.UNSPECIFIED.,.T.,.F.) B_SPLINE_CURVE_WITH_KNOTS((1,6
    ,6,1),(-6.28318530718,0.,6.28318530718,12.566370614359),
.UNSPECIFIED.) CURVE() GEOMETRIC_REPRESENTATION_ITEM() 
RATIONAL_B_SPLINE_CURVE((1.669078461068,1.03672962321,1.038346699848,
    0.853534330196,1.038346699848,1.03672962321,1.669078461068)) 
REPRESENTATION_ITEM('') );
#5887 = CARTESIAN_POINT('',(-3.73735056253,0.886091931872,13.3));
#5888 = CARTESIAN_POINT('',(-3.73735056253,0.886091931872,
    13.083999400176));
#5889 = CARTESIAN_POINT('',(-3.866066850923,1.120121547133,
    13.052985390178));
#5890 = CARTESIAN_POINT('',(-3.972230628641,1.31314659753,13.3));
#5891 = CARTESIAN_POINT('',(-3.866066850923,1.120121547133,
    13.547014609822));
#5892 = CARTESIAN_POINT('',(-3.73735056253,0.886091931872,
    13.516000599824));
#5893 = CARTESIAN_POINT('',(-3.73735056253,0.886091931872,13.3));
#5894 = ORIENTED_EDGE('',*,*,#5895,.T.);
#5895 = EDGE_CURVE('',#5884,#5896,#5898,.T.);
#5896 = VERTEX_POINT('',#5897);
#5897 = CARTESIAN_POINT('',(3.298487054772,0.118789643818,13.3));
#5898 = ( BOUNDED_CURVE() B_SPLINE_CURVE(9,(#5899,#5900,#5901,#5902,
    #5903,#5904,#5905,#5906,#5907,#5908),.UNSPECIFIED.,.F.,.F.) 
B_SPLINE_CURVE_WITH_KNOTS((10,10),(0.,1.),.PIECEWISE_BEZIER_KNOTS.) 
CURVE() GEOMETRIC_REPRESENTATION_ITEM() RATIONAL_B_SPLINE_CURVE((
    1.669078461068,1.669078461068,1.669078461068,1.669078461068,
    1.669078461068,1.669078461068,1.669078461068,1.669078461068,
1.669078461068,1.669078461068)) REPRESENTATION_ITEM('') );
#5899 = CARTESIAN_POINT('',(-3.73735056253,0.886091931872,13.3));
#5900 = CARTESIAN_POINT('',(-3.088951941764,1.242711173293,13.3));
#5901 = CARTESIAN_POINT('',(-2.304282231936,1.521905837819,13.3));
#5902 = CARTESIAN_POINT('',(-1.427536957725,1.706261287941,13.3));
#5903 = CARTESIAN_POINT('',(-0.503044122931,1.781848526812,13.3));
#5904 = CARTESIAN_POINT('',(0.422774725025,1.738081162456,13.3));
#5905 = CARTESIAN_POINT('',(1.31240055609,1.558303317064,13.3));
#5906 = CARTESIAN_POINT('',(2.111209961511,1.234105616906,13.3));
#5907 = CARTESIAN_POINT('',(2.785401289918,0.760146849886,13.3));
#5908 = CARTESIAN_POINT('',(3.298487054772,0.118789643818,13.3));
#5909 = ORIENTED_EDGE('',*,*,#5910,.F.);
#5910 = EDGE_CURVE('',#5911,#5896,#5913,.T.);
#5911 = VERTEX_POINT('',#5912);
#5912 = CARTESIAN_POINT('',(3.4,0.2,13.43));
#5913 = ( BOUNDED_CURVE() B_SPLINE_CURVE(6,(#5914,#5915,#5916,#5917,
#5918,#5919,#5920),.UNSPECIFIED.,.T.,.F.) B_SPLINE_CURVE_WITH_KNOTS((1,6
    ,6,1),(-6.28318530718,0.,6.28318530718,12.566370614359),
.UNSPECIFIED.) CURVE() GEOMETRIC_REPRESENTATION_ITEM() 
RATIONAL_B_SPLINE_CURVE((1.669078461068,1.03672962321,1.038346699848,
    0.853534330196,1.038346699848,1.03672962321,1.669078461068)) 
REPRESENTATION_ITEM('') );
#5914 = CARTESIAN_POINT('',(3.298487054772,0.118789643818,13.3));
#5915 = CARTESIAN_POINT('',(3.298487054772,0.118789643818,
    13.083999400176));
#5916 = CARTESIAN_POINT('',(3.507050292707,0.285640234166,
    13.052985390178));
#5917 = CARTESIAN_POINT('',(3.679070955427,0.423256764341,13.3));
#5918 = CARTESIAN_POINT('',(3.507050292707,0.285640234166,
    13.547014609822));
#5919 = CARTESIAN_POINT('',(3.298487054772,0.118789643818,
    13.516000599824));
#5920 = CARTESIAN_POINT('',(3.298487054772,0.118789643818,13.3));
#5921 = ORIENTED_EDGE('',*,*,#5922,.F.);
#5922 = EDGE_CURVE('',#5923,#5911,#5925,.T.);
#5923 = VERTEX_POINT('',#5924);
#5924 = CARTESIAN_POINT('',(3.501512945228,0.281210356182,13.3));
#5925 = ( BOUNDED_CURVE() B_SPLINE_CURVE(6,(#5926,#5927,#5928,#5929,
#5930,#5931,#5932),.UNSPECIFIED.,.T.,.F.) B_SPLINE_CURVE_WITH_KNOTS((1,6
    ,6,1),(-6.28318530718,0.,6.28318530718,12.566370614359),
.UNSPECIFIED.) CURVE() GEOMETRIC_REPRESENTATION_ITEM() 
RATIONAL_B_SPLINE_CURVE((1.669078461068,1.03672962321,1.038346699848,
    0.853534330196,1.038346699848,1.03672962321,1.669078461068)) 
REPRESENTATION_ITEM('') );
#5926 = CARTESIAN_POINT('',(3.298487054772,0.118789643818,13.3));
#5927 = CARTESIAN_POINT('',(3.298487054772,0.118789643818,
    13.083999400176));
#5928 = CARTESIAN_POINT('',(3.507050292707,0.285640234166,
    13.052985390178));
#5929 = CARTESIAN_POINT('',(3.679070955427,0.423256764341,13.3));
#5930 = CARTESIAN_POINT('',(3.507050292707,0.285640234166,
    13.547014609822));
#5931 = CARTESIAN_POINT('',(3.298487054772,0.118789643818,
    13.516000599824));
#5932 = CARTESIAN_POINT('',(3.298487054772,0.118789643818,13.3));
#5933 = ORIENTED_EDGE('',*,*,#5934,.F.);
#5934 = EDGE_CURVE('',#5935,#5923,#5937,.T.);
#5935 = VERTEX_POINT('',#5936);
#5936 = CARTESIAN_POINT('',(3.4,0.2,13.17));
#5937 = ( BOUNDED_CURVE() B_SPLINE_CURVE(6,(#5938,#5939,#5940,#5941,
#5942,#5943,#5944),.UNSPECIFIED.,.T.,.F.) B_SPLINE_CURVE_WITH_KNOTS((1,6
    ,6,1),(-6.28318530718,0.,6.28318530718,12.566370614359),
.UNSPECIFIED.) CURVE() GEOMETRIC_REPRESENTATION_ITEM() 
RATIONAL_B_SPLINE_CURVE((1.669078461068,1.03672962321,1.038346699848,
    0.853534330196,1.038346699848,1.03672962321,1.669078461068)) 
REPRESENTATION_ITEM('') );
#5938 = CARTESIAN_POINT('',(3.298487054772,0.118789643818,13.3));
#5939 = CARTESIAN_POINT('',(3.298487054772,0.118789643818,
    13.083999400176));
#5940 = CARTESIAN_POINT('',(3.507050292707,0.285640234166,
    13.052985390178));
#5941 = CARTESIAN_POINT('',(3.679070955427,0.423256764341,13.3));
#5942 = CARTESIAN_POINT('',(3.507050292707,0.285640234166,
    13.547014609822));
#5943 = CARTESIAN_POINT('',(3.298487054772,0.118789643818,
    13.516000599824));
#5944 = CARTESIAN_POINT('',(3.298487054772,0.118789643818,13.3));
#5945 = ORIENTED_EDGE('',*,*,#5946,.F.);
#5946 = EDGE_CURVE('',#5896,#5935,#5947,.T.);
#5947 = ( BOUNDED_CURVE() B_SPLINE_CURVE(6,(#5948,#5949,#5950,#5951,
#5952,#5953,#5954),.UNSPECIFIED.,.T.,.F.) B_SPLINE_CURVE_WITH_KNOTS((1,6
    ,6,1),(-6.28318530718,0.,6.28318530718,12.566370614359),
.UNSPECIFIED.) CURVE() GEOMETRIC_REPRESENTATION_ITEM() 
RATIONAL_B_SPLINE_CURVE((1.669078461068,1.03672962321,1.038346699848,
    0.853534330196,1.038346699848,1.03672962321,1.669078461068)) 
REPRESENTATION_ITEM('') );
#5948 = CARTESIAN_POINT('',(3.298487054772,0.118789643818,13.3));
#5949 = CARTESIAN_POINT('',(3.298487054772,0.118789643818,
    13.083999400176));
#5950 = CARTESIAN_POINT('',(3.507050292707,0.285640234166,
    13.052985390178));
#5951 = CARTESIAN_POINT('',(3.679070955427,0.423256764341,13.3));
#5952 = CARTESIAN_POINT('',(3.507050292707,0.285640234166,
    13.547014609822));
#5953 = CARTESIAN_POINT('',(3.298487054772,0.118789643818,
    13.516000599824));
#5954 = CARTESIAN_POINT('',(3.298487054772,0.118789643818,13.3));
#5955 = ORIENTED_EDGE('',*,*,#5895,.F.);
#5956 = ORIENTED_EDGE('',*,*,#5957,.T.);
#5957 = EDGE_CURVE('',#5884,#5828,#5958,.T.);
#5958 = ( BOUNDED_CURVE() B_SPLINE_CURVE(6,(#5959,#5960,#5961,#5962,
#5963,#5964,#5965),.UNSPECIFIED.,.T.,.F.) B_SPLINE_CURVE_WITH_KNOTS((1,6
    ,6,1),(-6.28318530718,0.,6.28318530718,12.566370614359),
.UNSPECIFIED.) CURVE() GEOMETRIC_REPRESENTATION_ITEM() 
RATIONAL_B_SPLINE_CURVE((1.669078461068,1.03672962321,1.038346699848,
    0.853534330196,1.038346699848,1.03672962321,1.669078461068)) 
REPRESENTATION_ITEM('') );
#5959 = CARTESIAN_POINT('',(-3.73735056253,0.886091931872,13.3));
#5960 = CARTESIAN_POINT('',(-3.73735056253,0.886091931872,
    13.083999400176));
#5961 = CARTESIAN_POINT('',(-3.866066850923,1.120121547133,
    13.052985390178));
#5962 = CARTESIAN_POINT('',(-3.972230628641,1.31314659753,13.3));
#5963 = CARTESIAN_POINT('',(-3.866066850923,1.120121547133,
    13.547014609822));
#5964 = CARTESIAN_POINT('',(-3.73735056253,0.886091931872,
    13.516000599824));
#5965 = CARTESIAN_POINT('',(-3.73735056253,0.886091931872,13.3));
#5966 = ( BOUNDED_SURFACE() B_SPLINE_SURFACE(6,9,(
    (#5967,#5968,#5969,#5970,#5971,#5972,#5973,#5974,#5975,#5976)
    ,(#5977,#5978,#5979,#5980,#5981,#5982,#5983,#5984,#5985,#5986)
    ,(#5987,#5988,#5989,#5990,#5991,#5992,#5993,#5994,#5995,#5996)
    ,(#5997,#5998,#5999,#6000,#6001,#6002,#6003,#6004,#6005,#6006)
    ,(#6007,#6008,#6009,#6010,#6011,#6012,#6013,#6014,#6015,#6016)
    ,(#6017,#6018,#6019,#6020,#6021,#6022,#6023,#6024,#6025,#6026)
    ,(#6027,#6028,#6029,#6030,#6031,#6032,#6033,#6034,#6035,#6036
)),.UNSPECIFIED.,.T.,.F.,.F.) B_SPLINE_SURFACE_WITH_KNOTS((1,6,6,1),(10,
    10),(-6.28318530718,0.,6.28318530718,12.566370614359),(0.,1.),
.UNSPECIFIED.) GEOMETRIC_REPRESENTATION_ITEM() RATIONAL_B_SPLINE_SURFACE
((
    (1.669078461068,1.669078461068,1.669078461068,1.669078461068
      ,1.669078461068,1.669078461068,1.669078461068,1.669078461068
      ,1.669078461068,1.669078461068)
    ,(1.03672962321,1.03672962321,1.03672962321,1.03672962321
      ,1.03672962321,1.03672962321,1.03672962321,1.03672962321
      ,1.03672962321,1.03672962321)
    ,(1.038346699848,1.038346699847,1.038346699848,1.038346699847
      ,1.038346699848,1.038346699847,1.038346699848,1.038346699847
      ,1.038346699848,1.038346699848)
    ,(0.853534330196,0.853534330196,0.853534330196,0.853534330196
      ,0.853534330196,0.853534330196,0.853534330196,0.853534330196
      ,0.853534330196,0.853534330196)
    ,(1.038346699848,1.038346699847,1.038346699848,1.038346699847
      ,1.038346699848,1.038346699847,1.038346699848,1.038346699847
      ,1.038346699848,1.038346699848)
    ,(1.03672962321,1.03672962321,1.03672962321,1.03672962321
      ,1.03672962321,1.03672962321,1.03672962321,1.03672962321
      ,1.03672962321,1.03672962321)
    ,(1.669078461068,1.669078461068,1.669078461068,1.669078461068
      ,1.669078461068,1.669078461068,1.669078461068,1.669078461068
,1.669078461068,1.669078461068))) REPRESENTATION_ITEM('') SURFACE() );
#5967 = CARTESIAN_POINT('',(-3.73735056253,0.886091931872,13.3));
#5968 = CARTESIAN_POINT('',(-3.088951941764,1.242711173293,13.3));
#5969 = CARTESIAN_POINT('',(-2.304282231936,1.521905837819,13.3));
#5970 = CARTESIAN_POINT('',(-1.427536957725,1.706261287941,13.3));
#5971 = CARTESIAN_POINT('',(-0.503044122931,1.781848526812,13.3));
#5972 = CARTESIAN_POINT('',(0.422774725025,1.738081162456,13.3));
#5973 = CARTESIAN_POINT('',(1.31240055609,1.558303317064,13.3));
#5974 = CARTESIAN_POINT('',(2.111209961511,1.234105616906,13.3));
#5975 = CARTESIAN_POINT('',(2.785401289918,0.760146849886,13.3));
#5976 = CARTESIAN_POINT('',(3.298487054772,0.118789643818,13.3));
#5977 = CARTESIAN_POINT('',(-3.73735056253,0.886091931872,
    13.083999400176));
#5978 = CARTESIAN_POINT('',(-3.088951941764,1.242711173293,
    13.083999400176));
#5979 = CARTESIAN_POINT('',(-2.304282231936,1.521905837819,
    13.083999400176));
#5980 = CARTESIAN_POINT('',(-1.427536957725,1.706261287941,
    13.083999400176));
#5981 = CARTESIAN_POINT('',(-0.503044122931,1.781848526812,
    13.083999400176));
#5982 = CARTESIAN_POINT('',(0.422774725025,1.738081162456,
    13.083999400176));
#5983 = CARTESIAN_POINT('',(1.31240055609,1.558303317064,13.083999400176
    ));
#5984 = CARTESIAN_POINT('',(2.111209961511,1.234105616906,
    13.083999400176));
#5985 = CARTESIAN_POINT('',(2.785401289918,0.760146849886,
    13.083999400176));
#5986 = CARTESIAN_POINT('',(3.298487054772,0.118789643818,
    13.083999400176));
#5987 = CARTESIAN_POINT('',(-3.866066850923,1.120121547133,
    13.052985390178));
#5988 = CARTESIAN_POINT('',(-3.180135649506,1.497383707913,
    13.052985390178));
#5989 = CARTESIAN_POINT('',(-2.363969119745,1.785081466948,
    13.052985390178));
#5990 = CARTESIAN_POINT('',(-1.459013016367,1.97467460098,
    13.052985390178));
#5991 = CARTESIAN_POINT('',(-0.506573388483,2.053947110698,
    13.052985390178));
#5992 = CARTESIAN_POINT('',(0.454251457432,2.007158058869,
    13.052985390178));
#5993 = CARTESIAN_POINT('',(1.374975081323,1.824967073566,
    13.052985390178));
#5994 = CARTESIAN_POINT('',(2.225148434743,1.489337446908,
    13.052985390178));
#5995 = CARTESIAN_POINT('',(2.952364922671,0.97899694671,13.052985390178
    ));
#5996 = CARTESIAN_POINT('',(3.507050292707,0.285640234166,
    13.052985390178));
#5997 = CARTESIAN_POINT('',(-3.972230628641,1.31314659753,13.3));
#5998 = CARTESIAN_POINT('',(-3.255342967873,1.707434810953,13.3));
#5999 = CARTESIAN_POINT('',(-2.413198207758,2.002145828735,13.3));
#6000 = CARTESIAN_POINT('',(-1.484974123037,2.196058946797,13.3));
#6001 = CARTESIAN_POINT('',(-0.509484287859,2.278371027341,13.3));
#6002 = CARTESIAN_POINT('',(0.480213119815,2.229089720948,13.3));
#6003 = CARTESIAN_POINT('',(1.426585860896,2.044908404412,13.3));
#6004 = CARTESIAN_POINT('',(2.319123633195,1.699849850622,13.3));
#6005 = CARTESIAN_POINT('',(3.090074688978,1.159502097402,13.3));
#6006 = CARTESIAN_POINT('',(3.679070955427,0.423256764341,13.3));
#6007 = CARTESIAN_POINT('',(-3.866066850923,1.120121547133,
    13.547014609822));
#6008 = CARTESIAN_POINT('',(-3.180135649506,1.497383707913,
    13.547014609822));
#6009 = CARTESIAN_POINT('',(-2.363969119745,1.785081466948,
    13.547014609822));
#6010 = CARTESIAN_POINT('',(-1.459013016367,1.97467460098,
    13.547014609822));
#6011 = CARTESIAN_POINT('',(-0.506573388483,2.053947110698,
    13.547014609822));
#6012 = CARTESIAN_POINT('',(0.454251457432,2.007158058869,
    13.547014609822));
#6013 = CARTESIAN_POINT('',(1.374975081323,1.824967073566,
    13.547014609822));
#6014 = CARTESIAN_POINT('',(2.225148434743,1.489337446908,
    13.547014609822));
#6015 = CARTESIAN_POINT('',(2.952364922671,0.97899694671,13.547014609822
    ));
#6016 = CARTESIAN_POINT('',(3.507050292707,0.285640234166,
    13.547014609822));
#6017 = CARTESIAN_POINT('',(-3.73735056253,0.886091931872,
    13.516000599824));
#6018 = CARTESIAN_POINT('',(-3.088951941764,1.242711173293,
    13.516000599824));
#6019 = CARTESIAN_POINT('',(-2.304282231936,1.521905837819,
    13.516000599824));
#6020 = CARTESIAN_POINT('',(-1.427536957725,1.706261287941,
    13.516000599824));
#6021 = CARTESIAN_POINT('',(-0.503044122931,1.781848526812,
    13.516000599824));
#6022 = CARTESIAN_POINT('',(0.422774725025,1.738081162456,
    13.516000599824));
#6023 = CARTESIAN_POINT('',(1.31240055609,1.558303317064,13.516000599824
    ));
#6024 = CARTESIAN_POINT('',(2.111209961511,1.234105616906,
    13.516000599824));
#6025 = CARTESIAN_POINT('',(2.785401289918,0.760146849886,
    13.516000599824));
#6026 = CARTESIAN_POINT('',(3.298487054772,0.118789643818,
    13.516000599824));
#6027 = CARTESIAN_POINT('',(-3.73735056253,0.886091931872,13.3));
#6028 = CARTESIAN_POINT('',(-3.088951941764,1.242711173293,13.3));
#6029 = CARTESIAN_POINT('',(-2.304282231936,1.521905837819,13.3));
#6030 = CARTESIAN_POINT('',(-1.427536957725,1.706261287941,13.3));
#6031 = CARTESIAN_POINT('',(-0.503044122931,1.781848526812,13.3));
#6032 = CARTESIAN_POINT('',(0.422774725025,1.738081162456,13.3));
#6033 = CARTESIAN_POINT('',(1.31240055609,1.558303317064,13.3));
#6034 = CARTESIAN_POINT('',(2.111209961511,1.234105616906,13.3));
#6035 = CARTESIAN_POINT('',(2.785401289918,0.760146849886,13.3));
#6036 = CARTESIAN_POINT('',(3.298487054772,0.118789643818,13.3));
#6037 = ADVANCED_FACE('',(#6038),#6043,.T.);
#6038 = FACE_BOUND('',#6039,.T.);
#6039 = EDGE_LOOP('',(#6040,#6041,#6042));
#6040 = ORIENTED_EDGE('',*,*,#5835,.T.);
#6041 = ORIENTED_EDGE('',*,*,#5957,.F.);
#6042 = ORIENTED_EDGE('',*,*,#5883,.F.);
#6043 = SPHERICAL_SURFACE('',#6044,0.13);
#6044 = AXIS2_PLACEMENT_3D('',#6045,#6046,#6047);
#6045 = CARTESIAN_POINT('',(-3.8,1.,13.3));
#6046 = DIRECTION('',(0.,0.,1.));
#6047 = DIRECTION('',(1.,0.,0.));
#6048 = ADVANCED_FACE('',(#6049),#6111,.T.);
#6049 = FACE_BOUND('',#6050,.T.);
#6050 = EDGE_LOOP('',(#6051,#6052,#6053,#6054,#6068,#6080,#6099,#6109,
    #6110));
#6051 = ORIENTED_EDGE('',*,*,#5910,.T.);
#6052 = ORIENTED_EDGE('',*,*,#5946,.T.);
#6053 = ORIENTED_EDGE('',*,*,#5934,.T.);
#6054 = ORIENTED_EDGE('',*,*,#6055,.T.);
#6055 = EDGE_CURVE('',#5923,#6056,#6058,.T.);
#6056 = VERTEX_POINT('',#6057);
#6057 = CARTESIAN_POINT('',(2.686683331731,-7.596881370758,13.3));
#6058 = ( BOUNDED_CURVE() B_SPLINE_CURVE(8,(#6059,#6060,#6061,#6062,
    #6063,#6064,#6065,#6066,#6067),.UNSPECIFIED.,.F.,.F.) 
B_SPLINE_CURVE_WITH_KNOTS((9,9),(0.,1.),.PIECEWISE_BEZIER_KNOTS.) CURVE(
) GEOMETRIC_REPRESENTATION_ITEM() RATIONAL_B_SPLINE_CURVE((
    1.669078461068,1.669078461068,1.669078461068,1.669078461068,
    1.669078461068,1.669078461068,1.669078461068,1.669078461068,
1.669078461068)) REPRESENTATION_ITEM('') );
#6059 = CARTESIAN_POINT('',(3.501512945228,0.281210356182,13.3));
#6060 = CARTESIAN_POINT('',(4.124415256041,-0.497417532335,13.3));
#6061 = CARTESIAN_POINT('',(4.508153191789,-1.491540521218,13.3));
#6062 = CARTESIAN_POINT('',(4.668326036392,-2.61301978399,13.3));
#6063 = CARTESIAN_POINT('',(4.633722909132,-3.793426065995,13.3));
#6064 = CARTESIAN_POINT('',(4.402083490089,-4.957979150915,13.3));
#6065 = CARTESIAN_POINT('',(3.998830507834,-6.028778947918,13.3));
#6066 = CARTESIAN_POINT('',(3.424335226063,-6.936877044251,13.3));
#6067 = CARTESIAN_POINT('',(2.686683331731,-7.596881370758,13.3));
#6068 = ORIENTED_EDGE('',*,*,#6069,.F.);
#6069 = EDGE_CURVE('',#6070,#6056,#6072,.T.);
#6070 = VERTEX_POINT('',#6071);
#6071 = CARTESIAN_POINT('',(2.6,-7.5,13.17));
#6072 = ( BOUNDED_CURVE() B_SPLINE_CURVE(6,(#6073,#6074,#6075,#6076,
#6077,#6078,#6079),.UNSPECIFIED.,.T.,.F.) B_SPLINE_CURVE_WITH_KNOTS((1,6
    ,6,1),(-6.28318530718,0.,6.28318530718,12.566370614359),
.UNSPECIFIED.) CURVE() GEOMETRIC_REPRESENTATION_ITEM() 
RATIONAL_B_SPLINE_CURVE((1.669078461068,1.03672962321,1.038346699848,
    0.853534330196,1.038346699848,1.03672962321,1.669078461068)) 
REPRESENTATION_ITEM('') );
#6073 = CARTESIAN_POINT('',(2.686683331731,-7.596881370758,13.3));
#6074 = CARTESIAN_POINT('',(2.686683331731,-7.596881370758,
    13.516000599824));
#6075 = CARTESIAN_POINT('',(2.508588249372,-7.397833925769,
    13.547014609822));
#6076 = CARTESIAN_POINT('',(2.361697385969,-7.233661784318,13.3));
#6077 = CARTESIAN_POINT('',(2.508588249372,-7.397833925769,
    13.052985390178));
#6078 = CARTESIAN_POINT('',(2.686683331731,-7.596881370758,
    13.083999400176));
#6079 = CARTESIAN_POINT('',(2.686683331731,-7.596881370758,13.3));
#6080 = ORIENTED_EDGE('',*,*,#6081,.T.);
#6081 = EDGE_CURVE('',#6070,#6082,#6084,.T.);
#6082 = VERTEX_POINT('',#6083);
#6083 = CARTESIAN_POINT('',(2.6,-7.5,13.43));
#6084 = B_SPLINE_CURVE_WITH_KNOTS('',7,(#6085,#6086,#6087,#6088,#6089,
    #6090,#6091,#6092,#6093,#6094,#6095,#6096,#6097,#6098),
  .UNSPECIFIED.,.F.,.F.,(8,6,8),(0.,0.500800564796,1.),.UNSPECIFIED.);
#6085 = CARTESIAN_POINT('',(2.599980723762,-7.499977989276,
    13.170000003292));
#6086 = CARTESIAN_POINT('',(2.580709319569,-7.477972759852,
    13.170006530673));
#6087 = CARTESIAN_POINT('',(2.561452625112,-7.455984626965,
    13.177691226656));
#6088 = CARTESIAN_POINT('',(2.54380852172,-7.435838150307,
    13.193031652431));
#6089 = CARTESIAN_POINT('',(2.529344074017,-7.419322567367,
    13.215052082946));
#6090 = CARTESIAN_POINT('',(2.519301054517,-7.407855477542,
    13.241877990321));
#6091 = CARTESIAN_POINT('',(2.514303675116,-7.4021494842,13.271091375503
    ));
#6092 = CARTESIAN_POINT('',(2.514388145876,-7.402245932702,
    13.329387069375));
#6093 = CARTESIAN_POINT('',(2.519437831857,-7.408011649355,
    13.358473556835));
#6094 = CARTESIAN_POINT('',(2.529494006045,-7.419493761018,
    13.385161972427));
#6095 = CARTESIAN_POINT('',(2.543933500261,-7.435980853902,
    13.407061806314));
#6096 = CARTESIAN_POINT('',(2.561525115148,-7.456067400301,
    13.422321139623));
#6097 = CARTESIAN_POINT('',(2.58071706567,-7.477981605322,
    13.429975094004));
#6098 = CARTESIAN_POINT('',(2.599926814243,-7.499916432259,
    13.429999952545));
#6099 = ORIENTED_EDGE('',*,*,#6100,.F.);
#6100 = EDGE_CURVE('',#6056,#6082,#6101,.T.);
#6101 = ( BOUNDED_CURVE() B_SPLINE_CURVE(6,(#6102,#6103,#6104,#6105,
#6106,#6107,#6108),.UNSPECIFIED.,.T.,.F.) B_SPLINE_CURVE_WITH_KNOTS((1,6
    ,6,1),(-6.28318530718,0.,6.28318530718,12.566370614359),
.UNSPECIFIED.) CURVE() GEOMETRIC_REPRESENTATION_ITEM() 
RATIONAL_B_SPLINE_CURVE((1.669078461068,1.03672962321,1.038346699848,
    0.853534330196,1.038346699848,1.03672962321,1.669078461068)) 
REPRESENTATION_ITEM('') );
#6102 = CARTESIAN_POINT('',(2.686683331731,-7.596881370758,13.3));
#6103 = CARTESIAN_POINT('',(2.686683331731,-7.596881370758,
    13.516000599824));
#6104 = CARTESIAN_POINT('',(2.508588249372,-7.397833925769,
    13.547014609822));
#6105 = CARTESIAN_POINT('',(2.361697385969,-7.233661784318,13.3));
#6106 = CARTESIAN_POINT('',(2.508588249372,-7.397833925769,
    13.052985390178));
#6107 = CARTESIAN_POINT('',(2.686683331731,-7.596881370758,
    13.083999400176));
#6108 = CARTESIAN_POINT('',(2.686683331731,-7.596881370758,13.3));
#6109 = ORIENTED_EDGE('',*,*,#6055,.F.);
#6110 = ORIENTED_EDGE('',*,*,#5922,.T.);
#6111 = ( BOUNDED_SURFACE() B_SPLINE_SURFACE(6,8,(
    (#6112,#6113,#6114,#6115,#6116,#6117,#6118,#6119,#6120)
    ,(#6121,#6122,#6123,#6124,#6125,#6126,#6127,#6128,#6129)
    ,(#6130,#6131,#6132,#6133,#6134,#6135,#6136,#6137,#6138)
    ,(#6139,#6140,#6141,#6142,#6143,#6144,#6145,#6146,#6147)
    ,(#6148,#6149,#6150,#6151,#6152,#6153,#6154,#6155,#6156)
    ,(#6157,#6158,#6159,#6160,#6161,#6162,#6163,#6164,#6165)
    ,(#6166,#6167,#6168,#6169,#6170,#6171,#6172,#6173,#6174
)),.UNSPECIFIED.,.T.,.F.,.F.) B_SPLINE_SURFACE_WITH_KNOTS((1,6,6,1),(9,9
    ),(-6.28318530718,0.,6.28318530718,12.566370614359),(0.,1.),
.UNSPECIFIED.) GEOMETRIC_REPRESENTATION_ITEM() RATIONAL_B_SPLINE_SURFACE
((
    (1.669078461068,1.669078461068,1.669078461068,1.669078461068
      ,1.669078461068,1.669078461068,1.669078461068,1.669078461068
      ,1.669078461068)
    ,(1.03672962321,1.03672962321,1.03672962321,1.03672962321
      ,1.03672962321,1.03672962321,1.03672962321,1.03672962321
      ,1.03672962321)
    ,(1.038346699848,1.038346699848,1.038346699848,1.038346699848
      ,1.038346699848,1.038346699848,1.038346699848,1.038346699848
      ,1.038346699848)
    ,(0.853534330196,0.853534330196,0.853534330196,0.853534330196
      ,0.853534330196,0.853534330196,0.853534330196,0.853534330196
      ,0.853534330196)
    ,(1.038346699848,1.038346699848,1.038346699848,1.038346699848
      ,1.038346699848,1.038346699848,1.038346699848,1.038346699848
      ,1.038346699848)
    ,(1.03672962321,1.03672962321,1.03672962321,1.03672962321
      ,1.03672962321,1.03672962321,1.03672962321,1.03672962321
      ,1.03672962321)
    ,(1.669078461068,1.669078461068,1.669078461068,1.669078461068
      ,1.669078461068,1.669078461068,1.669078461068,1.669078461068
,1.669078461068))) REPRESENTATION_ITEM('') SURFACE() );
#6112 = CARTESIAN_POINT('',(3.501512945228,0.281210356182,13.3));
#6113 = CARTESIAN_POINT('',(4.124415256041,-0.497417532335,13.3));
#6114 = CARTESIAN_POINT('',(4.508153191789,-1.491540521218,13.3));
#6115 = CARTESIAN_POINT('',(4.668326036392,-2.61301978399,13.3));
#6116 = CARTESIAN_POINT('',(4.633722909132,-3.793426065995,13.3));
#6117 = CARTESIAN_POINT('',(4.402083490089,-4.957979150915,13.3));
#6118 = CARTESIAN_POINT('',(3.998830507834,-6.028778947918,13.3));
#6119 = CARTESIAN_POINT('',(3.424335226063,-6.936877044251,13.3));
#6120 = CARTESIAN_POINT('',(2.686683331731,-7.596881370758,13.3));
#6121 = CARTESIAN_POINT('',(3.501512945228,0.281210356182,
    13.516000599824));
#6122 = CARTESIAN_POINT('',(4.124415256041,-0.497417532335,
    13.516000599824));
#6123 = CARTESIAN_POINT('',(4.508153191789,-1.491540521218,
    13.516000599824));
#6124 = CARTESIAN_POINT('',(4.668326036392,-2.61301978399,
    13.516000599824));
#6125 = CARTESIAN_POINT('',(4.633722909132,-3.793426065995,
    13.516000599824));
#6126 = CARTESIAN_POINT('',(4.402083490089,-4.957979150915,
    13.516000599824));
#6127 = CARTESIAN_POINT('',(3.998830507834,-6.028778947918,
    13.516000599824));
#6128 = CARTESIAN_POINT('',(3.424335226063,-6.936877044251,
    13.516000599824));
#6129 = CARTESIAN_POINT('',(2.686683331731,-7.596881370758,
    13.516000599824));
#6130 = CARTESIAN_POINT('',(3.292949707293,0.114359765834,
    13.547014609822));
#6131 = CARTESIAN_POINT('',(3.868798116865,-0.605450746131,
    13.547014609822));
#6132 = CARTESIAN_POINT('',(4.234583542534,-1.538271616479,
    13.547014609822));
#6133 = CARTESIAN_POINT('',(4.399537640046,-2.619289534843,
    13.547014609822));
#6134 = CARTESIAN_POINT('',(4.35898274814,-3.762906497555,
    13.547014609822));
#6135 = CARTESIAN_POINT('',(4.140984335479,-4.890221896077,
    13.547014609822));
#6136 = CARTESIAN_POINT('',(3.744414762029,-5.925625179892,
    13.547014609822));
#6137 = CARTESIAN_POINT('',(3.194564364716,-6.784065822567,
    13.547014609822));
#6138 = CARTESIAN_POINT('',(2.508588249372,-7.397833925769,
    13.547014609822));
#6139 = CARTESIAN_POINT('',(3.120929044573,-2.325676434127E-02,13.3));
#6140 = CARTESIAN_POINT('',(3.657967914386,-0.694555351607,13.3));
#6141 = CARTESIAN_POINT('',(4.008946307367,-1.57681490942,13.3));
#6142 = CARTESIAN_POINT('',(4.177843929645,-2.624460756327,13.3));
#6143 = CARTESIAN_POINT('',(4.13238008778,-3.737734293476,13.3));
#6144 = CARTESIAN_POINT('',(3.925632627017,-4.834336458179,13.3));
#6145 = CARTESIAN_POINT('',(3.534575455576,-5.840545087573,13.3));
#6146 = CARTESIAN_POINT('',(3.005051887667,-6.658028809115,13.3));
#6147 = CARTESIAN_POINT('',(2.361697385969,-7.233661784318,13.3));
#6148 = CARTESIAN_POINT('',(3.292949707293,0.114359765834,
    13.052985390178));
#6149 = CARTESIAN_POINT('',(3.868798116865,-0.605450746131,
    13.052985390178));
#6150 = CARTESIAN_POINT('',(4.234583542534,-1.538271616479,
    13.052985390178));
#6151 = CARTESIAN_POINT('',(4.399537640046,-2.619289534843,
    13.052985390178));
#6152 = CARTESIAN_POINT('',(4.35898274814,-3.762906497555,
    13.052985390178));
#6153 = CARTESIAN_POINT('',(4.140984335479,-4.890221896077,
    13.052985390178));
#6154 = CARTESIAN_POINT('',(3.744414762029,-5.925625179892,
    13.052985390178));
#6155 = CARTESIAN_POINT('',(3.194564364716,-6.784065822567,
    13.052985390178));
#6156 = CARTESIAN_POINT('',(2.508588249372,-7.397833925769,
    13.052985390178));
#6157 = CARTESIAN_POINT('',(3.501512945228,0.281210356182,
    13.083999400176));
#6158 = CARTESIAN_POINT('',(4.124415256041,-0.497417532335,
    13.083999400176));
#6159 = CARTESIAN_POINT('',(4.508153191789,-1.491540521218,
    13.083999400176));
#6160 = CARTESIAN_POINT('',(4.668326036392,-2.61301978399,
    13.083999400176));
#6161 = CARTESIAN_POINT('',(4.633722909132,-3.793426065995,
    13.083999400176));
#6162 = CARTESIAN_POINT('',(4.402083490089,-4.957979150915,
    13.083999400176));
#6163 = CARTESIAN_POINT('',(3.998830507834,-6.028778947918,
    13.083999400176));
#6164 = CARTESIAN_POINT('',(3.424335226063,-6.936877044251,
    13.083999400176));
#6165 = CARTESIAN_POINT('',(2.686683331731,-7.596881370758,
    13.083999400176));
#6166 = CARTESIAN_POINT('',(3.501512945228,0.281210356182,13.3));
#6167 = CARTESIAN_POINT('',(4.124415256041,-0.497417532335,13.3));
#6168 = CARTESIAN_POINT('',(4.508153191789,-1.491540521218,13.3));
#6169 = CARTESIAN_POINT('',(4.668326036392,-2.61301978399,13.3));
#6170 = CARTESIAN_POINT('',(4.633722909132,-3.793426065995,13.3));
#6171 = CARTESIAN_POINT('',(4.402083490089,-4.957979150915,13.3));
#6172 = CARTESIAN_POINT('',(3.998830507834,-6.028778947918,13.3));
#6173 = CARTESIAN_POINT('',(3.424335226063,-6.936877044251,13.3));
#6174 = CARTESIAN_POINT('',(2.686683331731,-7.596881370758,13.3));
#6175 = ADVANCED_FACE('',(#6176),#6202,.T.);
#6176 = FACE_BOUND('',#6177,.T.);
#6177 = EDGE_LOOP('',(#6178,#6179,#6180,#6192));
#6178 = ORIENTED_EDGE('',*,*,#6069,.T.);
#6179 = ORIENTED_EDGE('',*,*,#6100,.T.);
#6180 = ORIENTED_EDGE('',*,*,#6181,.F.);
#6181 = EDGE_CURVE('',#6182,#6082,#6184,.T.);
#6182 = VERTEX_POINT('',#6183);
#6183 = CARTESIAN_POINT('',(2.684602878549,-7.598703358307,13.3));
#6184 = ( BOUNDED_CURVE() B_SPLINE_CURVE(6,(#6185,#6186,#6187,#6188,
#6189,#6190,#6191),.UNSPECIFIED.,.T.,.F.) B_SPLINE_CURVE_WITH_KNOTS((1,6
    ,6,1),(-6.28318530718,0.,6.28318530718,12.566370614359),
.UNSPECIFIED.) CURVE() GEOMETRIC_REPRESENTATION_ITEM() 
RATIONAL_B_SPLINE_CURVE((1.669078461068,1.03672962321,1.038346699848,
    0.853534330196,1.038346699848,1.03672962321,1.669078461068)) 
REPRESENTATION_ITEM('') );
#6185 = CARTESIAN_POINT('',(2.684602878549,-7.598703358307,13.3));
#6186 = CARTESIAN_POINT('',(2.684602878549,-7.598703358307,
    13.516000599824));
#6187 = CARTESIAN_POINT('',(2.510782187511,-7.395912552096,
    13.547014609822));
#6188 = CARTESIAN_POINT('',(2.367416795014,-7.228652927517,13.3));
#6189 = CARTESIAN_POINT('',(2.510782187511,-7.395912552096,
    13.052985390178));
#6190 = CARTESIAN_POINT('',(2.684602878549,-7.598703358307,
    13.083999400176));
#6191 = CARTESIAN_POINT('',(2.684602878549,-7.598703358307,13.3));
#6192 = ORIENTED_EDGE('',*,*,#6193,.F.);
#6193 = EDGE_CURVE('',#6070,#6182,#6194,.T.);
#6194 = ( BOUNDED_CURVE() B_SPLINE_CURVE(6,(#6195,#6196,#6197,#6198,
#6199,#6200,#6201),.UNSPECIFIED.,.T.,.F.) B_SPLINE_CURVE_WITH_KNOTS((1,6
    ,6,1),(-6.28318530718,0.,6.28318530718,12.566370614359),
.UNSPECIFIED.) CURVE() GEOMETRIC_REPRESENTATION_ITEM() 
RATIONAL_B_SPLINE_CURVE((1.669078461068,1.03672962321,1.038346699848,
    0.853534330196,1.038346699848,1.03672962321,1.669078461068)) 
REPRESENTATION_ITEM('') );
#6195 = CARTESIAN_POINT('',(2.684602878549,-7.598703358307,13.3));
#6196 = CARTESIAN_POINT('',(2.684602878549,-7.598703358307,
    13.516000599824));
#6197 = CARTESIAN_POINT('',(2.510782187511,-7.395912552096,
    13.547014609822));
#6198 = CARTESIAN_POINT('',(2.367416795014,-7.228652927517,13.3));
#6199 = CARTESIAN_POINT('',(2.510782187511,-7.395912552096,
    13.052985390178));
#6200 = CARTESIAN_POINT('',(2.684602878549,-7.598703358307,
    13.083999400176));
#6201 = CARTESIAN_POINT('',(2.684602878549,-7.598703358307,13.3));
#6202 = SPHERICAL_SURFACE('',#6203,0.13);
#6203 = AXIS2_PLACEMENT_3D('',#6204,#6205,#6206);
#6204 = CARTESIAN_POINT('',(2.6,-7.5,13.3));
#6205 = DIRECTION('',(0.,0.,1.));
#6206 = DIRECTION('',(1.,0.,0.));
#6207 = ADVANCED_FACE('',(#6208),#6262,.T.);
#6208 = FACE_BOUND('',#6209,.T.);
#6209 = EDGE_LOOP('',(#6210,#6211,#6212,#6226,#6238,#6250,#6260,#6261));
#6210 = ORIENTED_EDGE('',*,*,#6081,.F.);
#6211 = ORIENTED_EDGE('',*,*,#6193,.T.);
#6212 = ORIENTED_EDGE('',*,*,#6213,.T.);
#6213 = EDGE_CURVE('',#6182,#6214,#6216,.T.);
#6214 = VERTEX_POINT('',#6215);
#6215 = CARTESIAN_POINT('',(-4.209675993405,-6.369793813985,13.3));
#6216 = ( BOUNDED_CURVE() B_SPLINE_CURVE(8,(#6217,#6218,#6219,#6220,
    #6221,#6222,#6223,#6224,#6225),.UNSPECIFIED.,.F.,.F.) 
B_SPLINE_CURVE_WITH_KNOTS((9,9),(0.,1.),.PIECEWISE_BEZIER_KNOTS.) CURVE(
) GEOMETRIC_REPRESENTATION_ITEM() RATIONAL_B_SPLINE_CURVE((
    1.669078461068,1.669078461068,1.669078461068,1.669078461068,
    1.669078461068,1.669078461068,1.669078461068,1.669078461068,
1.669078461068)) REPRESENTATION_ITEM('') );
#6217 = CARTESIAN_POINT('',(2.684602878549,-7.598703358307,13.3));
#6218 = CARTESIAN_POINT('',(1.873104414961,-8.294273469955,13.3));
#6219 = CARTESIAN_POINT('',(0.937351092403,-8.705188137162,13.3));
#6220 = CARTESIAN_POINT('',(-6.713908063558E-02,-8.848001044693,13.3));
#6221 = CARTESIAN_POINT('',(-1.078340859438,-8.745775866629,13.3));
#6222 = CARTESIAN_POINT('',(-2.050257377841,-8.42803904249,13.3));
#6223 = CARTESIAN_POINT('',(-2.931508446874,-7.912172658744,13.3));
#6224 = CARTESIAN_POINT('',(-3.669485575067,-7.218664471373,13.3));
#6225 = CARTESIAN_POINT('',(-4.209675993405,-6.369793813985,13.3));
#6226 = ORIENTED_EDGE('',*,*,#6227,.F.);
#6227 = EDGE_CURVE('',#6228,#6214,#6230,.T.);
#6228 = VERTEX_POINT('',#6229);
#6229 = CARTESIAN_POINT('',(-4.1,-6.3,13.17));
#6230 = ( BOUNDED_CURVE() B_SPLINE_CURVE(6,(#6231,#6232,#6233,#6234,
#6235,#6236,#6237),.UNSPECIFIED.,.T.,.F.) B_SPLINE_CURVE_WITH_KNOTS((1,6
    ,6,1),(-6.28318530718,0.,6.28318530718,12.566370614359),
.UNSPECIFIED.) CURVE() GEOMETRIC_REPRESENTATION_ITEM() 
RATIONAL_B_SPLINE_CURVE((1.669078461068,1.03672962321,1.038346699848,
    0.853534330196,1.038346699848,1.03672962321,1.669078461068)) 
REPRESENTATION_ITEM('') );
#6231 = CARTESIAN_POINT('',(-4.209675993405,-6.369793813985,13.3));
#6232 = CARTESIAN_POINT('',(-4.209675993405,-6.369793813985,
    13.516000599824));
#6233 = CARTESIAN_POINT('',(-3.984341379608,-6.226399059751,
    13.547014609822));
#6234 = CARTESIAN_POINT('',(-3.798487870701,-6.108128644992,13.3));
#6235 = CARTESIAN_POINT('',(-3.984341379608,-6.226399059751,
    13.052985390178));
#6236 = CARTESIAN_POINT('',(-4.209675993405,-6.369793813985,
    13.083999400176));
#6237 = CARTESIAN_POINT('',(-4.209675993405,-6.369793813985,13.3));
#6238 = ORIENTED_EDGE('',*,*,#6239,.F.);
#6239 = EDGE_CURVE('',#6240,#6228,#6242,.T.);
#6240 = VERTEX_POINT('',#6241);
#6241 = CARTESIAN_POINT('',(-4.1,-6.3,13.43));
#6242 = ( BOUNDED_CURVE() B_SPLINE_CURVE(6,(#6243,#6244,#6245,#6246,
#6247,#6248,#6249),.UNSPECIFIED.,.T.,.F.) B_SPLINE_CURVE_WITH_KNOTS((1,6
    ,6,1),(-6.28318530718,0.,6.28318530718,12.566370614359),
.UNSPECIFIED.) CURVE() GEOMETRIC_REPRESENTATION_ITEM() 
RATIONAL_B_SPLINE_CURVE((1.669078461068,1.03672962321,1.038346699848,
    0.853534330196,1.038346699848,1.03672962321,1.669078461068)) 
REPRESENTATION_ITEM('') );
#6243 = CARTESIAN_POINT('',(-4.209675993405,-6.369793813985,13.3));
#6244 = CARTESIAN_POINT('',(-4.209675993405,-6.369793813985,
    13.516000599824));
#6245 = CARTESIAN_POINT('',(-3.984341379608,-6.226399059751,
    13.547014609822));
#6246 = CARTESIAN_POINT('',(-3.798487870701,-6.108128644992,13.3));
#6247 = CARTESIAN_POINT('',(-3.984341379608,-6.226399059751,
    13.052985390178));
#6248 = CARTESIAN_POINT('',(-4.209675993405,-6.369793813985,
    13.083999400176));
#6249 = CARTESIAN_POINT('',(-4.209675993405,-6.369793813985,13.3));
#6250 = ORIENTED_EDGE('',*,*,#6251,.F.);
#6251 = EDGE_CURVE('',#6214,#6240,#6252,.T.);
#6252 = ( BOUNDED_CURVE() B_SPLINE_CURVE(6,(#6253,#6254,#6255,#6256,
#6257,#6258,#6259),.UNSPECIFIED.,.T.,.F.) B_SPLINE_CURVE_WITH_KNOTS((1,6
    ,6,1),(-6.28318530718,0.,6.28318530718,12.566370614359),
.UNSPECIFIED.) CURVE() GEOMETRIC_REPRESENTATION_ITEM() 
RATIONAL_B_SPLINE_CURVE((1.669078461068,1.03672962321,1.038346699848,
    0.853534330196,1.038346699848,1.03672962321,1.669078461068)) 
REPRESENTATION_ITEM('') );
#6253 = CARTESIAN_POINT('',(-4.209675993405,-6.369793813985,13.3));
#6254 = CARTESIAN_POINT('',(-4.209675993405,-6.369793813985,
    13.516000599824));
#6255 = CARTESIAN_POINT('',(-3.984341379608,-6.226399059751,
    13.547014609822));
#6256 = CARTESIAN_POINT('',(-3.798487870701,-6.108128644992,13.3));
#6257 = CARTESIAN_POINT('',(-3.984341379608,-6.226399059751,
    13.052985390178));
#6258 = CARTESIAN_POINT('',(-4.209675993405,-6.369793813985,
    13.083999400176));
#6259 = CARTESIAN_POINT('',(-4.209675993405,-6.369793813985,13.3));
#6260 = ORIENTED_EDGE('',*,*,#6213,.F.);
#6261 = ORIENTED_EDGE('',*,*,#6181,.T.);
#6262 = ( BOUNDED_SURFACE() B_SPLINE_SURFACE(6,8,(
    (#6263,#6264,#6265,#6266,#6267,#6268,#6269,#6270,#6271)
    ,(#6272,#6273,#6274,#6275,#6276,#6277,#6278,#6279,#6280)
    ,(#6281,#6282,#6283,#6284,#6285,#6286,#6287,#6288,#6289)
    ,(#6290,#6291,#6292,#6293,#6294,#6295,#6296,#6297,#6298)
    ,(#6299,#6300,#6301,#6302,#6303,#6304,#6305,#6306,#6307)
    ,(#6308,#6309,#6310,#6311,#6312,#6313,#6314,#6315,#6316)
    ,(#6317,#6318,#6319,#6320,#6321,#6322,#6323,#6324,#6325
)),.UNSPECIFIED.,.T.,.F.,.F.) B_SPLINE_SURFACE_WITH_KNOTS((1,6,6,1),(9,9
    ),(-6.28318530718,0.,6.28318530718,12.566370614359),(0.,1.),
.UNSPECIFIED.) GEOMETRIC_REPRESENTATION_ITEM() RATIONAL_B_SPLINE_SURFACE
((
    (1.669078461068,1.669078461068,1.669078461068,1.669078461068
      ,1.669078461068,1.669078461068,1.669078461068,1.669078461068
      ,1.669078461068)
    ,(1.03672962321,1.03672962321,1.03672962321,1.03672962321
      ,1.03672962321,1.03672962321,1.03672962321,1.03672962321
      ,1.03672962321)
    ,(1.038346699848,1.038346699848,1.038346699848,1.038346699848
      ,1.038346699848,1.038346699848,1.038346699848,1.038346699848
      ,1.038346699848)
    ,(0.853534330196,0.853534330196,0.853534330196,0.853534330196
      ,0.853534330196,0.853534330196,0.853534330196,0.853534330196
      ,0.853534330196)
    ,(1.038346699848,1.038346699848,1.038346699848,1.038346699848
      ,1.038346699848,1.038346699848,1.038346699848,1.038346699848
      ,1.038346699848)
    ,(1.03672962321,1.03672962321,1.03672962321,1.03672962321
      ,1.03672962321,1.03672962321,1.03672962321,1.03672962321
      ,1.03672962321)
    ,(1.669078461068,1.669078461068,1.669078461068,1.669078461068
      ,1.669078461068,1.669078461068,1.669078461068,1.669078461068
,1.669078461068))) REPRESENTATION_ITEM('') SURFACE() );
#6263 = CARTESIAN_POINT('',(2.684602878549,-7.598703358307,13.3));
#6264 = CARTESIAN_POINT('',(1.873104414961,-8.294273469955,13.3));
#6265 = CARTESIAN_POINT('',(0.937351092403,-8.705188137162,13.3));
#6266 = CARTESIAN_POINT('',(-6.713908063558E-02,-8.848001044693,13.3));
#6267 = CARTESIAN_POINT('',(-1.078340859438,-8.745775866629,13.3));
#6268 = CARTESIAN_POINT('',(-2.050257377841,-8.42803904249,13.3));
#6269 = CARTESIAN_POINT('',(-2.931508446874,-7.912172658744,13.3));
#6270 = CARTESIAN_POINT('',(-3.669485575067,-7.218664471373,13.3));
#6271 = CARTESIAN_POINT('',(-4.209675993405,-6.369793813985,13.3));
#6272 = CARTESIAN_POINT('',(2.684602878549,-7.598703358307,
    13.516000599824));
#6273 = CARTESIAN_POINT('',(1.873104414961,-8.294273469955,
    13.516000599824));
#6274 = CARTESIAN_POINT('',(0.937351092403,-8.705188137162,
    13.516000599824));
#6275 = CARTESIAN_POINT('',(-6.71390806356E-02,-8.848001044693,
    13.516000599824));
#6276 = CARTESIAN_POINT('',(-1.078340859438,-8.745775866629,
    13.516000599824));
#6277 = CARTESIAN_POINT('',(-2.050257377841,-8.42803904249,
    13.516000599824));
#6278 = CARTESIAN_POINT('',(-2.931508446874,-7.912172658744,
    13.516000599824));
#6279 = CARTESIAN_POINT('',(-3.669485575067,-7.218664471373,
    13.516000599824));
#6280 = CARTESIAN_POINT('',(-4.209675993405,-6.369793813985,
    13.516000599824));
#6281 = CARTESIAN_POINT('',(2.510782187511,-7.395912552096,
    13.547014609822));
#6282 = CARTESIAN_POINT('',(1.748589723864,-8.049220378079,
    13.547014609822));
#6283 = CARTESIAN_POINT('',(0.87528681731,-8.430372663416,
    13.547014609822));
#6284 = CARTESIAN_POINT('',(-6.127670196453E-02,-8.565938782447,
    13.547014609822));
#6285 = CARTESIAN_POINT('',(-1.020113197961,-8.475623012057,
    13.547014609822));
#6286 = CARTESIAN_POINT('',(-1.943332337082,-8.172314331532,
    13.547014609822));
#6287 = CARTESIAN_POINT('',(-2.778720759053,-7.681708525692,
    13.547014609822));
#6288 = CARTESIAN_POINT('',(-3.47536040778,-7.026226301195,
    13.547014609822));
#6289 = CARTESIAN_POINT('',(-3.984341379608,-6.226399059751,
    13.547014609822));
#6290 = CARTESIAN_POINT('',(2.367416795014,-7.228652927517,13.3));
#6291 = CARTESIAN_POINT('',(1.645891377343,-7.84710328552,13.3));
#6292 = CARTESIAN_POINT('',(0.824096886435,-8.203707885925,13.3));
#6293 = CARTESIAN_POINT('',(-5.644147657155E-02,-8.333296933575,13.3));
#6294 = CARTESIAN_POINT('',(-0.972087663763,-8.252803911532,13.3));
#6295 = CARTESIAN_POINT('',(-1.855141740527,-7.961395405031,13.3));
#6296 = CARTESIAN_POINT('',(-2.652703156073,-7.491624245772,13.3));
#6297 = CARTESIAN_POINT('',(-3.315248106791,-6.86750541685,13.3));
#6298 = CARTESIAN_POINT('',(-3.798487870701,-6.108128644992,13.3));
#6299 = CARTESIAN_POINT('',(2.510782187511,-7.395912552096,
    13.052985390178));
#6300 = CARTESIAN_POINT('',(1.748589723864,-8.049220378079,
    13.052985390178));
#6301 = CARTESIAN_POINT('',(0.87528681731,-8.430372663416,
    13.052985390178));
#6302 = CARTESIAN_POINT('',(-6.127670196451E-02,-8.565938782447,
    13.052985390178));
#6303 = CARTESIAN_POINT('',(-1.020113197961,-8.475623012057,
    13.052985390178));
#6304 = CARTESIAN_POINT('',(-1.943332337082,-8.172314331532,
    13.052985390178));
#6305 = CARTESIAN_POINT('',(-2.778720759053,-7.681708525692,
    13.052985390178));
#6306 = CARTESIAN_POINT('',(-3.47536040778,-7.026226301195,
    13.052985390178));
#6307 = CARTESIAN_POINT('',(-3.984341379608,-6.226399059751,
    13.052985390178));
#6308 = CARTESIAN_POINT('',(2.684602878549,-7.598703358307,
    13.083999400176));
#6309 = CARTESIAN_POINT('',(1.873104414961,-8.294273469955,
    13.083999400176));
#6310 = CARTESIAN_POINT('',(0.937351092403,-8.705188137162,
    13.083999400176));
#6311 = CARTESIAN_POINT('',(-6.713908063555E-02,-8.848001044693,
    13.083999400176));
#6312 = CARTESIAN_POINT('',(-1.078340859438,-8.745775866629,
    13.083999400176));
#6313 = CARTESIAN_POINT('',(-2.050257377841,-8.42803904249,
    13.083999400176));
#6314 = CARTESIAN_POINT('',(-2.931508446874,-7.912172658744,
    13.083999400176));
#6315 = CARTESIAN_POINT('',(-3.669485575067,-7.218664471373,
    13.083999400176));
#6316 = CARTESIAN_POINT('',(-4.209675993405,-6.369793813985,
    13.083999400176));
#6317 = CARTESIAN_POINT('',(2.684602878549,-7.598703358307,13.3));
#6318 = CARTESIAN_POINT('',(1.873104414961,-8.294273469955,13.3));
#6319 = CARTESIAN_POINT('',(0.937351092403,-8.705188137162,13.3));
#6320 = CARTESIAN_POINT('',(-6.713908063558E-02,-8.848001044693,13.3));
#6321 = CARTESIAN_POINT('',(-1.078340859438,-8.745775866629,13.3));
#6322 = CARTESIAN_POINT('',(-2.050257377841,-8.42803904249,13.3));
#6323 = CARTESIAN_POINT('',(-2.931508446874,-7.912172658744,13.3));
#6324 = CARTESIAN_POINT('',(-3.669485575067,-7.218664471373,13.3));
#6325 = CARTESIAN_POINT('',(-4.209675993405,-6.369793813985,13.3));
#6326 = ADVANCED_FACE('',(#6327),#6332,.T.);
#6327 = FACE_BOUND('',#6328,.T.);
#6328 = EDGE_LOOP('',(#6329,#6330,#6331));
#6329 = ORIENTED_EDGE('',*,*,#6251,.T.);
#6330 = ORIENTED_EDGE('',*,*,#6239,.T.);
#6331 = ORIENTED_EDGE('',*,*,#6227,.T.);
#6332 = SPHERICAL_SURFACE('',#6333,0.13);
#6333 = AXIS2_PLACEMENT_3D('',#6334,#6335,#6336);
#6334 = CARTESIAN_POINT('',(-4.1,-6.3,13.3));
#6335 = DIRECTION('',(0.,0.,1.));
#6336 = DIRECTION('',(1.,0.,0.));
#6337 = MANIFOLD_SOLID_BREP('',#6338);
#6338 = CLOSED_SHELL('',(#6339,#6372,#6381));
#6339 = ADVANCED_FACE('',(#6340),#6367,.T.);
#6340 = FACE_BOUND('',#6341,.T.);
#6341 = EDGE_LOOP('',(#6342,#6351,#6359,#6366));
#6342 = ORIENTED_EDGE('',*,*,#6343,.F.);
#6343 = EDGE_CURVE('',#6344,#6344,#6346,.T.);
#6344 = VERTEX_POINT('',#6345);
#6345 = CARTESIAN_POINT('',(-7.490523012316,4.835696475121,5.));
#6346 = CIRCLE('',#6347,0.1);
#6347 = AXIS2_PLACEMENT_3D('',#6348,#6349,#6350);
#6348 = CARTESIAN_POINT('',(-7.590523012316,4.835696475121,5.));
#6349 = DIRECTION('',(0.,0.,1.));
#6350 = DIRECTION('',(1.,0.,0.));
#6351 = ORIENTED_EDGE('',*,*,#6352,.F.);
#6352 = EDGE_CURVE('',#6353,#6344,#6355,.T.);
#6353 = VERTEX_POINT('',#6354);
#6354 = CARTESIAN_POINT('',(-7.490523012316,4.835696475121,2.8));
#6355 = LINE('',#6356,#6357);
#6356 = CARTESIAN_POINT('',(-7.490523012316,4.835696475121,2.8));
#6357 = VECTOR('',#6358,1.);
#6358 = DIRECTION('',(0.,0.,1.));
#6359 = ORIENTED_EDGE('',*,*,#6360,.T.);
#6360 = EDGE_CURVE('',#6353,#6353,#6361,.T.);
#6361 = CIRCLE('',#6362,0.1);
#6362 = AXIS2_PLACEMENT_3D('',#6363,#6364,#6365);
#6363 = CARTESIAN_POINT('',(-7.590523012316,4.835696475121,2.8));
#6364 = DIRECTION('',(0.,0.,1.));
#6365 = DIRECTION('',(1.,0.,0.));
#6366 = ORIENTED_EDGE('',*,*,#6352,.T.);
#6367 = CYLINDRICAL_SURFACE('',#6368,0.1);
#6368 = AXIS2_PLACEMENT_3D('',#6369,#6370,#6371);
#6369 = CARTESIAN_POINT('',(-7.590523012316,4.835696475121,2.8));
#6370 = DIRECTION('',(0.,0.,1.));
#6371 = DIRECTION('',(1.,0.,0.));
#6372 = ADVANCED_FACE('',(#6373),#6376,.T.);
#6373 = FACE_BOUND('',#6374,.T.);
#6374 = EDGE_LOOP('',(#6375));
#6375 = ORIENTED_EDGE('',*,*,#6343,.T.);
#6376 = PLANE('',#6377);
#6377 = AXIS2_PLACEMENT_3D('',#6378,#6379,#6380);
#6378 = CARTESIAN_POINT('',(-7.590523012316,4.835696475121,5.));
#6379 = DIRECTION('',(0.,0.,1.));
#6380 = DIRECTION('',(1.,0.,0.));
#6381 = ADVANCED_FACE('',(#6382),#6385,.F.);
#6382 = FACE_BOUND('',#6383,.T.);
#6383 = EDGE_LOOP('',(#6384));
#6384 = ORIENTED_EDGE('',*,*,#6360,.F.);
#6385 = PLANE('',#6386);
#6386 = AXIS2_PLACEMENT_3D('',#6387,#6388,#6389);
#6387 = CARTESIAN_POINT('',(-7.590523012316,4.835696475121,2.8));
#6388 = DIRECTION('',(0.,0.,1.));
#6389 = DIRECTION('',(1.,0.,0.));
#6390 = MANIFOLD_SOLID_BREP('',#6391);
#6391 = CLOSED_SHELL('',(#6392,#6425,#6434));
#6392 = ADVANCED_FACE('',(#6393),#6420,.T.);
#6393 = FACE_BOUND('',#6394,.T.);
#6394 = EDGE_LOOP('',(#6395,#6404,#6412,#6419));
#6395 = ORIENTED_EDGE('',*,*,#6396,.F.);
#6396 = EDGE_CURVE('',#6397,#6397,#6399,.T.);
#6397 = VERTEX_POINT('',#6398);
#6398 = CARTESIAN_POINT('',(-7.590523012316,10.,5.1));
#6399 = CIRCLE('',#6400,0.1);
#6400 = AXIS2_PLACEMENT_3D('',#6401,#6402,#6403);
#6401 = CARTESIAN_POINT('',(-7.590523012316,10.,5.));
#6402 = DIRECTION('',(0.,1.,0.));
#6403 = DIRECTION('',(0.,0.,1.));
#6404 = ORIENTED_EDGE('',*,*,#6405,.F.);
#6405 = EDGE_CURVE('',#6406,#6397,#6408,.T.);
#6406 = VERTEX_POINT('',#6407);
#6407 = CARTESIAN_POINT('',(-7.590523012316,4.835696475121,5.1));
#6408 = LINE('',#6409,#6410);
#6409 = CARTESIAN_POINT('',(-7.590523012316,4.835696475121,5.1));
#6410 = VECTOR('',#6411,1.);
#6411 = DIRECTION('',(0.,1.,0.));
#6412 = ORIENTED_EDGE('',*,*,#6413,.T.);
#6413 = EDGE_CURVE('',#6406,#6406,#6414,.T.);
#6414 = CIRCLE('',#6415,0.1);
#6415 = AXIS2_PLACEMENT_3D('',#6416,#6417,#6418);
#6416 = CARTESIAN_POINT('',(-7.590523012316,4.835696475121,5.));
#6417 = DIRECTION('',(0.,1.,0.));
#6418 = DIRECTION('',(0.,0.,1.));
#6419 = ORIENTED_EDGE('',*,*,#6405,.T.);
#6420 = CYLINDRICAL_SURFACE('',#6421,0.1);
#6421 = AXIS2_PLACEMENT_3D('',#6422,#6423,#6424);
#6422 = CARTESIAN_POINT('',(-7.590523012316,4.835696475121,5.));
#6423 = DIRECTION('',(0.,1.,0.));
#6424 = DIRECTION('',(0.,0.,1.));
#6425 = ADVANCED_FACE('',(#6426),#6429,.T.);
#6426 = FACE_BOUND('',#6427,.T.);
#6427 = EDGE_LOOP('',(#6428));
#6428 = ORIENTED_EDGE('',*,*,#6396,.T.);
#6429 = PLANE('',#6430);
#6430 = AXIS2_PLACEMENT_3D('',#6431,#6432,#6433);
#6431 = CARTESIAN_POINT('',(-7.590523012316,10.,5.));
#6432 = DIRECTION('',(0.,1.,0.));
#6433 = DIRECTION('',(0.,0.,1.));
#6434 = ADVANCED_FACE('',(#6435),#6438,.F.);
#6435 = FACE_BOUND('',#6436,.T.);
#6436 = EDGE_LOOP('',(#6437));
#6437 = ORIENTED_EDGE('',*,*,#6413,.F.);
#6438 = PLANE('',#6439);
#6439 = AXIS2_PLACEMENT_3D('',#6440,#6441,#6442);
#6440 = CARTESIAN_POINT('',(-7.590523012316,4.835696475121,5.));
#6441 = DIRECTION('',(0.,1.,0.));
#6442 = DIRECTION('',(0.,0.,1.));
#6443 = MANIFOLD_SOLID_BREP('',#6444);
#6444 = CLOSED_SHELL('',(#6445,#6478,#6487));
#6445 = ADVANCED_FACE('',(#6446),#6473,.T.);
#6446 = FACE_BOUND('',#6447,.T.);
#6447 = EDGE_LOOP('',(#6448,#6457,#6465,#6472));
#6448 = ORIENTED_EDGE('',*,*,#6449,.F.);
#6449 = EDGE_CURVE('',#6450,#6450,#6452,.T.);
#6450 = VERTEX_POINT('',#6451);
#6451 = CARTESIAN_POINT('',(4.1,10.,5.1));
#6452 = CIRCLE('',#6453,0.1);
#6453 = AXIS2_PLACEMENT_3D('',#6454,#6455,#6456);
#6454 = CARTESIAN_POINT('',(4.1,10.,5.));
#6455 = DIRECTION('',(1.,0.,-0.));
#6456 = DIRECTION('',(0.,0.,1.));
#6457 = ORIENTED_EDGE('',*,*,#6458,.F.);
#6458 = EDGE_CURVE('',#6459,#6450,#6461,.T.);
#6459 = VERTEX_POINT('',#6460);
#6460 = CARTESIAN_POINT('',(-7.590523012316,10.,5.1));
#6461 = LINE('',#6462,#6463);
#6462 = CARTESIAN_POINT('',(-7.590523012316,10.,5.1));
#6463 = VECTOR('',#6464,1.);
#6464 = DIRECTION('',(1.,0.,0.));
#6465 = ORIENTED_EDGE('',*,*,#6466,.T.);
#6466 = EDGE_CURVE('',#6459,#6459,#6467,.T.);
#6467 = CIRCLE('',#6468,0.1);
#6468 = AXIS2_PLACEMENT_3D('',#6469,#6470,#6471);
#6469 = CARTESIAN_POINT('',(-7.590523012316,10.,5.));
#6470 = DIRECTION('',(1.,0.,-0.));
#6471 = DIRECTION('',(0.,0.,1.));
#6472 = ORIENTED_EDGE('',*,*,#6458,.T.);
#6473 = CYLINDRICAL_SURFACE('',#6474,0.1);
#6474 = AXIS2_PLACEMENT_3D('',#6475,#6476,#6477);
#6475 = CARTESIAN_POINT('',(-7.590523012316,10.,5.));
#6476 = DIRECTION('',(1.,0.,0.));
#6477 = DIRECTION('',(0.,0.,1.));
#6478 = ADVANCED_FACE('',(#6479),#6482,.T.);
#6479 = FACE_BOUND('',#6480,.T.);
#6480 = EDGE_LOOP('',(#6481));
#6481 = ORIENTED_EDGE('',*,*,#6449,.T.);
#6482 = PLANE('',#6483);
#6483 = AXIS2_PLACEMENT_3D('',#6484,#6485,#6486);
#6484 = CARTESIAN_POINT('',(4.1,10.,5.));
#6485 = DIRECTION('',(1.,0.,0.));
#6486 = DIRECTION('',(0.,0.,1.));
#6487 = ADVANCED_FACE('',(#6488),#6491,.F.);
#6488 = FACE_BOUND('',#6489,.T.);
#6489 = EDGE_LOOP('',(#6490));
#6490 = ORIENTED_EDGE('',*,*,#6466,.F.);
#6491 = PLANE('',#6492);
#6492 = AXIS2_PLACEMENT_3D('',#6493,#6494,#6495);
#6493 = CARTESIAN_POINT('',(-7.590523012316,10.,5.));
#6494 = DIRECTION('',(1.,0.,0.));
#6495 = DIRECTION('',(0.,0.,1.));
#6496 = MANIFOLD_SOLID_BREP('',#6497);
#6497 = CLOSED_SHELL('',(#6498,#6531,#6540));
#6498 = ADVANCED_FACE('',(#6499),#6526,.T.);
#6499 = FACE_BOUND('',#6500,.T.);
#6500 = EDGE_LOOP('',(#6501,#6510,#6518,#6525));
#6501 = ORIENTED_EDGE('',*,*,#6502,.F.);
#6502 = EDGE_CURVE('',#6503,#6503,#6505,.T.);
#6503 = VERTEX_POINT('',#6504);
#6504 = CARTESIAN_POINT('',(4.2,10.,13.3));
#6505 = CIRCLE('',#6506,0.1);
#6506 = AXIS2_PLACEMENT_3D('',#6507,#6508,#6509);
#6507 = CARTESIAN_POINT('',(4.1,10.,13.3));
#6508 = DIRECTION('',(0.,0.,1.));
#6509 = DIRECTION('',(1.,0.,0.));
#6510 = ORIENTED_EDGE('',*,*,#6511,.F.);
#6511 = EDGE_CURVE('',#6512,#6503,#6514,.T.);
#6512 = VERTEX_POINT('',#6513);
#6513 = CARTESIAN_POINT('',(4.2,10.,5.));
#6514 = LINE('',#6515,#6516);
#6515 = CARTESIAN_POINT('',(4.2,10.,5.));
#6516 = VECTOR('',#6517,1.);
#6517 = DIRECTION('',(0.,0.,1.));
#6518 = ORIENTED_EDGE('',*,*,#6519,.T.);
#6519 = EDGE_CURVE('',#6512,#6512,#6520,.T.);
#6520 = CIRCLE('',#6521,0.1);
#6521 = AXIS2_PLACEMENT_3D('',#6522,#6523,#6524);
#6522 = CARTESIAN_POINT('',(4.1,10.,5.));
#6523 = DIRECTION('',(0.,0.,1.));
#6524 = DIRECTION('',(1.,0.,0.));
#6525 = ORIENTED_EDGE('',*,*,#6511,.T.);
#6526 = CYLINDRICAL_SURFACE('',#6527,0.1);
#6527 = AXIS2_PLACEMENT_3D('',#6528,#6529,#6530);
#6528 = CARTESIAN_POINT('',(4.1,10.,5.));
#6529 = DIRECTION('',(0.,0.,1.));
#6530 = DIRECTION('',(1.,0.,0.));
#6531 = ADVANCED_FACE('',(#6532),#6535,.T.);
#6532 = FACE_BOUND('',#6533,.T.);
#6533 = EDGE_LOOP('',(#6534));
#6534 = ORIENTED_EDGE('',*,*,#6502,.T.);
#6535 = PLANE('',#6536);
#6536 = AXIS2_PLACEMENT_3D('',#6537,#6538,#6539);
#6537 = CARTESIAN_POINT('',(4.1,10.,13.3));
#6538 = DIRECTION('',(0.,0.,1.));
#6539 = DIRECTION('',(1.,0.,0.));
#6540 = ADVANCED_FACE('',(#6541),#6544,.F.);
#6541 = FACE_BOUND('',#6542,.T.);
#6542 = EDGE_LOOP('',(#6543));
#6543 = ORIENTED_EDGE('',*,*,#6519,.F.);
#6544 = PLANE('',#6545);
#6545 = AXIS2_PLACEMENT_3D('',#6546,#6547,#6548);
#6546 = CARTESIAN_POINT('',(4.1,10.,5.));
#6547 = DIRECTION('',(0.,0.,1.));
#6548 = DIRECTION('',(1.,0.,0.));
#6549 = MANIFOLD_SOLID_BREP('',#6550);
#6550 = CLOSED_SHELL('',(#6551,#6584,#6593));
#6551 = ADVANCED_FACE('',(#6552),#6579,.T.);
#6552 = FACE_BOUND('',#6553,.T.);
#6553 = EDGE_LOOP('',(#6554,#6563,#6571,#6578));
#6554 = ORIENTED_EDGE('',*,*,#6555,.F.);
#6555 = EDGE_CURVE('',#6556,#6556,#6558,.T.);
#6556 = VERTEX_POINT('',#6557);
#6557 = CARTESIAN_POINT('',(4.1,8.5,13.2));
#6558 = CIRCLE('',#6559,0.1);
#6559 = AXIS2_PLACEMENT_3D('',#6560,#6561,#6562);
#6560 = CARTESIAN_POINT('',(4.1,8.5,13.3));
#6561 = DIRECTION('',(0.,-1.,0.));
#6562 = DIRECTION('',(0.,0.,-1.));
#6563 = ORIENTED_EDGE('',*,*,#6564,.F.);
#6564 = EDGE_CURVE('',#6565,#6556,#6567,.T.);
#6565 = VERTEX_POINT('',#6566);
#6566 = CARTESIAN_POINT('',(4.1,10.,13.2));
#6567 = LINE('',#6568,#6569);
#6568 = CARTESIAN_POINT('',(4.1,10.,13.2));
#6569 = VECTOR('',#6570,1.);
#6570 = DIRECTION('',(0.,-1.,0.));
#6571 = ORIENTED_EDGE('',*,*,#6572,.T.);
#6572 = EDGE_CURVE('',#6565,#6565,#6573,.T.);
#6573 = CIRCLE('',#6574,0.1);
#6574 = AXIS2_PLACEMENT_3D('',#6575,#6576,#6577);
#6575 = CARTESIAN_POINT('',(4.1,10.,13.3));
#6576 = DIRECTION('',(0.,-1.,0.));
#6577 = DIRECTION('',(0.,0.,-1.));
#6578 = ORIENTED_EDGE('',*,*,#6564,.T.);
#6579 = CYLINDRICAL_SURFACE('',#6580,0.1);
#6580 = AXIS2_PLACEMENT_3D('',#6581,#6582,#6583);
#6581 = CARTESIAN_POINT('',(4.1,10.,13.3));
#6582 = DIRECTION('',(0.,-1.,0.));
#6583 = DIRECTION('',(0.,0.,-1.));
#6584 = ADVANCED_FACE('',(#6585),#6588,.T.);
#6585 = FACE_BOUND('',#6586,.T.);
#6586 = EDGE_LOOP('',(#6587));
#6587 = ORIENTED_EDGE('',*,*,#6555,.T.);
#6588 = PLANE('',#6589);
#6589 = AXIS2_PLACEMENT_3D('',#6590,#6591,#6592);
#6590 = CARTESIAN_POINT('',(4.1,8.5,13.3));
#6591 = DIRECTION('',(0.,-1.,0.));
#6592 = DIRECTION('',(0.,0.,-1.));
#6593 = ADVANCED_FACE('',(#6594),#6597,.F.);
#6594 = FACE_BOUND('',#6595,.T.);
#6595 = EDGE_LOOP('',(#6596));
#6596 = ORIENTED_EDGE('',*,*,#6572,.F.);
#6597 = PLANE('',#6598);
#6598 = AXIS2_PLACEMENT_3D('',#6599,#6600,#6601);
#6599 = CARTESIAN_POINT('',(4.1,10.,13.3));
#6600 = DIRECTION('',(0.,-1.,0.));
#6601 = DIRECTION('',(0.,0.,-1.));
#6602 = MANIFOLD_SOLID_BREP('',#6603);
#6603 = CLOSED_SHELL('',(#6604,#6817,#6951,#7163,#7194,#7205));
#6604 = ADVANCED_FACE('',(#6605),#6711,.T.);
#6605 = FACE_BOUND('',#6606,.T.);
#6606 = EDGE_LOOP('',(#6607,#6621,#6631,#6651,#6660,#6703,#6710));
#6607 = ORIENTED_EDGE('',*,*,#6608,.T.);
#6608 = EDGE_CURVE('',#6609,#6611,#6613,.T.);
#6609 = VERTEX_POINT('',#6610);
#6610 = CARTESIAN_POINT('',(0.,8.63,14.95));
#6611 = VERTEX_POINT('',#6612);
#6612 = CARTESIAN_POINT('',(0.,8.37,14.95));
#6613 = ( BOUNDED_CURVE() B_SPLINE_CURVE(6,(#6614,#6615,#6616,#6617,
#6618,#6619,#6620),.UNSPECIFIED.,.T.,.F.) B_SPLINE_CURVE_WITH_KNOTS((1,6
    ,6,1),(-6.28318530718,0.,6.28318530718,12.566370614359),
.UNSPECIFIED.) CURVE() GEOMETRIC_REPRESENTATION_ITEM() 
RATIONAL_B_SPLINE_CURVE((1.669078461068,1.03672962321,1.038346699848,
    0.853534330196,1.038346699848,1.03672962321,1.669078461068)) 
REPRESENTATION_ITEM('') );
#6614 = CARTESIAN_POINT('',(0.,8.37,14.95));
#6615 = CARTESIAN_POINT('',(0.,8.37,14.733999400176));
#6616 = CARTESIAN_POINT('',(8.881784197001E-16,8.637091264771,
    14.702985390178));
#6617 = CARTESIAN_POINT('',(4.440892098501E-16,8.857385199731,14.95));
#6618 = CARTESIAN_POINT('',(0.,8.637091264771,15.197014609822));
#6619 = CARTESIAN_POINT('',(0.,8.37,15.166000599824));
#6620 = CARTESIAN_POINT('',(0.,8.37,14.95));
#6621 = ORIENTED_EDGE('',*,*,#6622,.T.);
#6622 = EDGE_CURVE('',#6611,#6609,#6623,.T.);
#6623 = ( BOUNDED_CURVE() B_SPLINE_CURVE(6,(#6624,#6625,#6626,#6627,
#6628,#6629,#6630),.UNSPECIFIED.,.T.,.F.) B_SPLINE_CURVE_WITH_KNOTS((1,6
    ,6,1),(-6.28318530718,0.,6.28318530718,12.566370614359),
.UNSPECIFIED.) CURVE() GEOMETRIC_REPRESENTATION_ITEM() 
RATIONAL_B_SPLINE_CURVE((1.669078461068,1.03672962321,1.038346699848,
    0.853534330196,1.038346699848,1.03672962321,1.669078461068)) 
REPRESENTATION_ITEM('') );
#6624 = CARTESIAN_POINT('',(0.,8.37,14.95));
#6625 = CARTESIAN_POINT('',(0.,8.37,14.733999400176));
#6626 = CARTESIAN_POINT('',(8.881784197001E-16,8.637091264771,
    14.702985390178));
#6627 = CARTESIAN_POINT('',(4.440892098501E-16,8.857385199731,14.95));
#6628 = CARTESIAN_POINT('',(0.,8.637091264771,15.197014609822));
#6629 = CARTESIAN_POINT('',(0.,8.37,15.166000599824));
#6630 = CARTESIAN_POINT('',(0.,8.37,14.95));
#6631 = ORIENTED_EDGE('',*,*,#6632,.T.);
#6632 = EDGE_CURVE('',#6609,#6633,#6635,.T.);
#6633 = VERTEX_POINT('',#6634);
#6634 = CARTESIAN_POINT('',(4.23,3.,14.95));
#6635 = ( BOUNDED_CURVE() B_SPLINE_CURVE(8,(#6636,#6637,#6638,#6639,
    #6640,#6641,#6642,#6643,#6644,#6645,#6646,#6647,#6648,#6649,#6650),
.UNSPECIFIED.,.F.,.F.) B_SPLINE_CURVE_WITH_KNOTS((9,6,9),(0.,0.5,1.),
.UNSPECIFIED.) CURVE() GEOMETRIC_REPRESENTATION_ITEM() 
RATIONAL_B_SPLINE_CURVE((1.669078461068,1.669078461068,1.669078461068,
    1.669078461068,1.669078461068,1.669078461068,1.669078461068,
    1.669078461068,1.669078461068,1.669078461068,1.669078461068,
    1.669078461068,1.669078461068,1.669078461068,1.669078461068)) 
REPRESENTATION_ITEM('') );
#6636 = CARTESIAN_POINT('',(0.,8.63,14.95));
#6637 = CARTESIAN_POINT('',(0.6106640625,8.63,14.95));
#6638 = CARTESIAN_POINT('',(1.161620744978,8.572750244141,14.95));
#6639 = CARTESIAN_POINT('',(1.656185228871,8.459329146985,14.95));
#6640 = CARTESIAN_POINT('',(2.097318310853,8.291141253051,14.95));
#6641 = CARTESIAN_POINT('',(2.48784876194,8.067219463661,14.95));
#6642 = CARTESIAN_POINT('',(2.826169370479,7.790861061505,14.95));
#6643 = CARTESIAN_POINT('',(3.404452434852,7.141650915678,14.95));
#6644 = CARTESIAN_POINT('',(3.799342642583,6.311637687907,14.95));
#6645 = CARTESIAN_POINT('',(3.954341133047,5.854585634957,14.95));
#6646 = CARTESIAN_POINT('',(4.071271895551,5.357626302319,14.95));
#6647 = CARTESIAN_POINT('',(4.153953440053,4.822217981743,14.95));
#6648 = CARTESIAN_POINT('',(4.20573019649,4.249729362333,14.95));
#6649 = CARTESIAN_POINT('',(4.23,3.641801470588,14.95));
#6650 = CARTESIAN_POINT('',(4.23,3.,14.95));
#6651 = ORIENTED_EDGE('',*,*,#6652,.F.);
#6652 = EDGE_CURVE('',#6653,#6633,#6655,.T.);
#6653 = VERTEX_POINT('',#6654);
#6654 = CARTESIAN_POINT('',(4.1,3.,14.82));
#6655 = CIRCLE('',#6656,0.13);
#6656 = AXIS2_PLACEMENT_3D('',#6657,#6658,#6659);
#6657 = CARTESIAN_POINT('',(4.1,3.,14.95));
#6658 = DIRECTION('',(-2.449293598295E-16,-1.,0.));
#6659 = DIRECTION('',(1.,-2.449293598295E-16,0.));
#6660 = ORIENTED_EDGE('',*,*,#6661,.F.);
#6661 = EDGE_CURVE('',#6662,#6653,#6664,.T.);
#6662 = VERTEX_POINT('',#6663);
#6663 = CARTESIAN_POINT('',(4.1,3.,15.08));
#6664 = B_SPLINE_CURVE_WITH_KNOTS('',7,(#6665,#6666,#6667,#6668,#6669,
    #6670,#6671,#6672,#6673,#6674,#6675,#6676,#6677,#6678,#6679,#6680,
    #6681,#6682,#6683,#6684,#6685,#6686,#6687,#6688,#6689,#6690,#6691,
    #6692,#6693,#6694,#6695,#6696,#6697,#6698,#6699,#6700,#6701,#6702),
  .UNSPECIFIED.,.F.,.F.,(8,6,6,6,6,6,8),(0.,2.145160344373E-03,
    1.055086831633E-02,2.496065338178E-02,0.500376197741,0.974591358648,
    1.),.UNSPECIFIED.);
#6665 = CARTESIAN_POINT('',(4.100000030101,2.999999980769,15.08));
#6666 = CARTESIAN_POINT('',(4.099873475913,3.000036982108,
    15.079999999699));
#6667 = CARTESIAN_POINT('',(4.0997480311,3.000073625388,15.079999857537)
  );
#6668 = CARTESIAN_POINT('',(4.099622738638,3.000110219691,
    15.079999573514));
#6669 = CARTESIAN_POINT('',(4.099497088798,3.000146929642,
    15.079999147632));
#6670 = CARTESIAN_POINT('',(4.09937101915,3.000183775404,15.079998579892
    ));
#6671 = CARTESIAN_POINT('',(4.099244914559,3.000220632682,
    15.079997870299));
#6672 = CARTESIAN_POINT('',(4.098628609692,3.00040069445,15.079993693641
    ));
#6673 = CARTESIAN_POINT('',(4.098137632423,3.000544153311,
    15.079988204913));
#6674 = CARTESIAN_POINT('',(4.097646686819,3.00068760596,15.079980552859
    ));
#6675 = CARTESIAN_POINT('',(4.097155784312,3.000831049056,15.07997073774
    ));
#6676 = CARTESIAN_POINT('',(4.096664936333,3.00097447926,15.079958759893
    ));
#6677 = CARTESIAN_POINT('',(4.096174154307,3.001117893231,
    15.079944619729));
#6678 = CARTESIAN_POINT('',(4.094842241684,3.001507106599,
    15.079900371463));
#6679 = CARTESIAN_POINT('',(4.094001261091,3.001752868055,
    15.079866072058));
#6680 = CARTESIAN_POINT('',(4.093160565427,3.001998555173,
    15.079825421977));
#6681 = CARTESIAN_POINT('',(4.092320212186,3.002244151144,
    15.079778424327));
#6682 = CARTESIAN_POINT('',(4.091480258805,3.002489639169,
    15.079725082858));
#6683 = CARTESIAN_POINT('',(4.090640762665,3.002735002464,
    15.079665401971));
#6684 = CARTESIAN_POINT('',(4.062121637027,3.01107071659,15.077421416151
    ));
#6685 = CARTESIAN_POINT('',(4.034998724211,3.019008028877,
    15.068347884138));
#6686 = CARTESIAN_POINT('',(4.010495005148,3.026188843377,15.05255932545
    ));
#6687 = CARTESIAN_POINT('',(3.990581046508,3.032032380144,
    15.030998695375));
#6688 = CARTESIAN_POINT('',(3.976800115835,3.036078514466,
    15.005313318187));
#6689 = CARTESIAN_POINT('',(3.969928897388,3.038095932218,
    14.977573934092));
#6690 = CARTESIAN_POINT('',(3.969995084956,3.038076499286,14.92218556828
    ));
#6691 = CARTESIAN_POINT('',(3.976897677077,3.036049870173,
    14.894532671469));
#6692 = CARTESIAN_POINT('',(3.99067018593,3.032006229586,14.868934671515
    ));
#6693 = CARTESIAN_POINT('',(4.010538853217,3.026176022287,
    14.847444690111));
#6694 = CARTESIAN_POINT('',(4.034972115688,3.019015861849,
    14.831696113567));
#6695 = CARTESIAN_POINT('',(4.062015335575,3.011101840738,
    14.822625509322));
#6696 = CARTESIAN_POINT('',(4.091101665484,3.002600284722,14.82029639733
    ));
#6697 = CARTESIAN_POINT('',(4.092582492195,3.002167485995,
    14.820197639516));
#6698 = CARTESIAN_POINT('',(4.094064630412,3.00173433167,14.820118602226
    ));
#6699 = CARTESIAN_POINT('',(4.09554776553,3.001300913734,14.82005930724)
  );
#6700 = CARTESIAN_POINT('',(4.097031582511,3.000867324307,
    14.820019770077));
#6701 = CARTESIAN_POINT('',(4.098515765887,3.000433655648,
    14.819999999997));
#6702 = CARTESIAN_POINT('',(4.099999999762,3.000000000152,14.82));
#6703 = ORIENTED_EDGE('',*,*,#6704,.F.);
#6704 = EDGE_CURVE('',#6633,#6662,#6705,.T.);
#6705 = CIRCLE('',#6706,0.13);
#6706 = AXIS2_PLACEMENT_3D('',#6707,#6708,#6709);
#6707 = CARTESIAN_POINT('',(4.1,3.,14.95));
#6708 = DIRECTION('',(-2.449293598295E-16,-1.,0.));
#6709 = DIRECTION('',(1.,-2.449293598295E-16,0.));
#6710 = ORIENTED_EDGE('',*,*,#6632,.F.);
#6711 = ( BOUNDED_SURFACE() B_SPLINE_SURFACE(6,8,(
    (#6712,#6713,#6714,#6715,#6716,#6717,#6718,#6719,#6720,#6721,#6722
      ,#6723,#6724,#6725,#6726)
    ,(#6727,#6728,#6729,#6730,#6731,#6732,#6733,#6734,#6735,#6736,#6737
      ,#6738,#6739,#6740,#6741)
    ,(#6742,#6743,#6744,#6745,#6746,#6747,#6748,#6749,#6750,#6751,#6752
      ,#6753,#6754,#6755,#6756)
    ,(#6757,#6758,#6759,#6760,#6761,#6762,#6763,#6764,#6765,#6766,#6767
      ,#6768,#6769,#6770,#6771)
    ,(#6772,#6773,#6774,#6775,#6776,#6777,#6778,#6779,#6780,#6781,#6782
      ,#6783,#6784,#6785,#6786)
    ,(#6787,#6788,#6789,#6790,#6791,#6792,#6793,#6794,#6795,#6796,#6797
      ,#6798,#6799,#6800,#6801)
    ,(#6802,#6803,#6804,#6805,#6806,#6807,#6808,#6809,#6810,#6811,#6812
      ,#6813,#6814,#6815,#6816
)),.UNSPECIFIED.,.T.,.F.,.F.) B_SPLINE_SURFACE_WITH_KNOTS((1,6,6,1),(9,6
    ,9),(-6.28318530718,0.,6.28318530718,12.566370614359),(0.,0.5,1.),
.UNSPECIFIED.) GEOMETRIC_REPRESENTATION_ITEM() RATIONAL_B_SPLINE_SURFACE
((
    (1.669078461068,1.669078461068,1.669078461068,1.669078461068
      ,1.669078461068,1.669078461068,1.669078461068,1.669078461068
      ,1.669078461068,1.669078461068,1.669078461068,1.669078461068
      ,1.669078461068,1.669078461068,1.669078461068)
    ,(1.03672962321,1.03672962321,1.03672962321,1.03672962321
      ,1.03672962321,1.03672962321,1.03672962321,1.03672962321
      ,1.03672962321,1.03672962321,1.03672962321,1.03672962321
      ,1.03672962321,1.03672962321,1.03672962321)
    ,(1.038346699848,1.038346699848,1.038346699848,1.038346699848
      ,1.038346699848,1.038346699848,1.038346699848,1.038346699848
      ,1.038346699848,1.038346699847,1.038346699848,1.038346699847
      ,1.038346699848,1.038346699848,1.038346699848)
    ,(0.853534330196,0.853534330196,0.853534330196,0.853534330196
      ,0.853534330196,0.853534330196,0.853534330196,0.853534330196
      ,0.853534330196,0.853534330196,0.853534330196,0.853534330196
      ,0.853534330196,0.853534330196,0.853534330196)
    ,(1.038346699848,1.038346699848,1.038346699848,1.038346699848
      ,1.038346699848,1.038346699848,1.038346699848,1.038346699848
      ,1.038346699848,1.038346699847,1.038346699848,1.038346699847
      ,1.038346699848,1.038346699848,1.038346699848)
    ,(1.03672962321,1.03672962321,1.03672962321,1.03672962321
      ,1.03672962321,1.03672962321,1.03672962321,1.03672962321
      ,1.03672962321,1.03672962321,1.03672962321,1.03672962321
      ,1.03672962321,1.03672962321,1.03672962321)
    ,(1.669078461068,1.669078461068,1.669078461068,1.669078461068
      ,1.669078461068,1.669078461068,1.669078461068,1.669078461068
      ,1.669078461068,1.669078461068,1.669078461068,1.669078461068
      ,1.669078461068,1.669078461068,1.669078461068
))) REPRESENTATION_ITEM('') SURFACE() );
#6712 = CARTESIAN_POINT('',(0.,8.63,14.95));
#6713 = CARTESIAN_POINT('',(0.6106640625,8.63,14.95));
#6714 = CARTESIAN_POINT('',(1.161620744978,8.572750244141,14.95));
#6715 = CARTESIAN_POINT('',(1.656185228871,8.459329146985,14.95));
#6716 = CARTESIAN_POINT('',(2.097318310853,8.291141253051,14.95));
#6717 = CARTESIAN_POINT('',(2.48784876194,8.067219463661,14.95));
#6718 = CARTESIAN_POINT('',(2.826169370479,7.790861061505,14.95));
#6719 = CARTESIAN_POINT('',(3.404452434852,7.141650915678,14.95));
#6720 = CARTESIAN_POINT('',(3.799342642583,6.311637687907,14.95));
#6721 = CARTESIAN_POINT('',(3.954341133047,5.854585634957,14.95));
#6722 = CARTESIAN_POINT('',(4.071271895551,5.357626302319,14.95));
#6723 = CARTESIAN_POINT('',(4.153953440053,4.822217981743,14.95));
#6724 = CARTESIAN_POINT('',(4.20573019649,4.249729362333,14.95));
#6725 = CARTESIAN_POINT('',(4.23,3.641801470588,14.95));
#6726 = CARTESIAN_POINT('',(4.23,3.,14.95));
#6727 = CARTESIAN_POINT('',(-8.881784197001E-16,8.63,15.166000599824));
#6728 = CARTESIAN_POINT('',(0.6106640625,8.63,15.166000599824));
#6729 = CARTESIAN_POINT('',(1.161620744978,8.572750244141,
    15.166000599824));
#6730 = CARTESIAN_POINT('',(1.656185228871,8.459329146985,
    15.166000599824));
#6731 = CARTESIAN_POINT('',(2.097318310853,8.291141253051,
    15.166000599824));
#6732 = CARTESIAN_POINT('',(2.48784876194,8.067219463661,15.166000599824
    ));
#6733 = CARTESIAN_POINT('',(2.826169370479,7.790861061505,
    15.166000599824));
#6734 = CARTESIAN_POINT('',(3.404452434852,7.141650915678,
    15.166000599824));
#6735 = CARTESIAN_POINT('',(3.799342642583,6.311637687907,
    15.166000599824));
#6736 = CARTESIAN_POINT('',(3.954341133047,5.854585634957,
    15.166000599824));
#6737 = CARTESIAN_POINT('',(4.071271895551,5.357626302319,
    15.166000599824));
#6738 = CARTESIAN_POINT('',(4.153953440053,4.822217981743,
    15.166000599824));
#6739 = CARTESIAN_POINT('',(4.20573019649,4.249729362333,15.166000599824
    ));
#6740 = CARTESIAN_POINT('',(4.23,3.641801470588,15.166000599824));
#6741 = CARTESIAN_POINT('',(4.23,3.,15.166000599824));
#6742 = CARTESIAN_POINT('',(-4.440892098501E-16,8.362908735229,
    15.197014609822));
#6743 = CARTESIAN_POINT('',(0.588754232187,8.362908735229,
    15.197014609822));
#6744 = CARTESIAN_POINT('',(1.113897930056,8.307713025961,
    15.197014609822));
#6745 = CARTESIAN_POINT('',(1.578355538118,8.199853203354,
    15.197014609822));
#6746 = CARTESIAN_POINT('',(1.985425216692,8.041516943584,
    15.197014609822));
#6747 = CARTESIAN_POINT('',(2.338544353518,7.837392934863,
    15.197014609822));
#6748 = CARTESIAN_POINT('',(2.645828293831,7.587672869753,
    15.197014609822));
#6749 = CARTESIAN_POINT('',(3.17517452961,6.995541307337,15.197014609822
    ));
#6750 = CARTESIAN_POINT('',(3.545709109283,6.219854030266,
    15.197014609822));
#6751 = CARTESIAN_POINT('',(3.694106796264,5.78646285008,15.197014609822
    ));
#6752 = CARTESIAN_POINT('',(3.807437597764,5.308938172198,
    15.197014609822));
#6753 = CARTESIAN_POINT('',(3.888095174113,4.789410993747,
    15.197014609822));
#6754 = CARTESIAN_POINT('',(3.938973125868,4.230106802162,
    15.197014609822));
#6755 = CARTESIAN_POINT('',(3.962908735229,3.632963891974,
    15.197014609822));
#6756 = CARTESIAN_POINT('',(3.962908735229,3.,15.197014609822));
#6757 = CARTESIAN_POINT('',(-4.440892098501E-16,8.142614800269,14.95));
#6758 = CARTESIAN_POINT('',(0.570683245335,8.142614800269,14.95));
#6759 = CARTESIAN_POINT('',(1.074536677657,8.089113246019,14.95));
#6760 = CARTESIAN_POINT('',(1.514162465958,7.985840301439,14.95));
#6761 = CARTESIAN_POINT('',(1.893137024381,7.835629561077,14.95));
#6762 = CARTESIAN_POINT('',(2.215399721041,7.647834543912,14.95));
#6763 = CARTESIAN_POINT('',(2.497084959063,7.420085485954,14.95));
#6764 = CARTESIAN_POINT('',(2.986068637329,6.875031710799,14.95));
#6765 = CARTESIAN_POINT('',(3.336514963094,6.144151879827,14.95));
#6766 = CARTESIAN_POINT('',(3.479468380026,5.730275927031,14.95));
#6767 = CARTESIAN_POINT('',(3.589829973319,5.268780738449,14.95));
#6768 = CARTESIAN_POINT('',(3.668818203016,4.762352151197,14.95));
#6769 = CARTESIAN_POINT('',(3.718954830564,4.213922330544,14.95));
#6770 = CARTESIAN_POINT('',(3.742614800269,3.625674754421,14.95));
#6771 = CARTESIAN_POINT('',(3.742614800269,3.,14.95));
#6772 = CARTESIAN_POINT('',(0.,8.362908735229,14.702985390178));
#6773 = CARTESIAN_POINT('',(0.588754232187,8.362908735229,
    14.702985390178));
#6774 = CARTESIAN_POINT('',(1.113897930056,8.307713025961,
    14.702985390178));
#6775 = CARTESIAN_POINT('',(1.578355538118,8.199853203354,
    14.702985390178));
#6776 = CARTESIAN_POINT('',(1.985425216692,8.041516943584,
    14.702985390178));
#6777 = CARTESIAN_POINT('',(2.338544353518,7.837392934863,
    14.702985390178));
#6778 = CARTESIAN_POINT('',(2.645828293831,7.587672869753,
    14.702985390178));
#6779 = CARTESIAN_POINT('',(3.17517452961,6.995541307337,14.702985390178
    ));
#6780 = CARTESIAN_POINT('',(3.545709109283,6.219854030266,
    14.702985390178));
#6781 = CARTESIAN_POINT('',(3.694106796264,5.78646285008,14.702985390178
    ));
#6782 = CARTESIAN_POINT('',(3.807437597764,5.308938172198,
    14.702985390178));
#6783 = CARTESIAN_POINT('',(3.888095174113,4.789410993747,
    14.702985390178));
#6784 = CARTESIAN_POINT('',(3.938973125868,4.230106802162,
    14.702985390178));
#6785 = CARTESIAN_POINT('',(3.962908735229,3.632963891974,
    14.702985390178));
#6786 = CARTESIAN_POINT('',(3.962908735229,3.,14.702985390178));
#6787 = CARTESIAN_POINT('',(-4.440892098501E-16,8.63,14.733999400176));
#6788 = CARTESIAN_POINT('',(0.6106640625,8.63,14.733999400176));
#6789 = CARTESIAN_POINT('',(1.161620744978,8.572750244141,
    14.733999400176));
#6790 = CARTESIAN_POINT('',(1.656185228871,8.459329146985,
    14.733999400176));
#6791 = CARTESIAN_POINT('',(2.097318310853,8.291141253051,
    14.733999400176));
#6792 = CARTESIAN_POINT('',(2.48784876194,8.067219463661,14.733999400176
    ));
#6793 = CARTESIAN_POINT('',(2.826169370479,7.790861061505,
    14.733999400176));
#6794 = CARTESIAN_POINT('',(3.404452434852,7.141650915678,
    14.733999400176));
#6795 = CARTESIAN_POINT('',(3.799342642583,6.311637687907,
    14.733999400176));
#6796 = CARTESIAN_POINT('',(3.954341133047,5.854585634957,
    14.733999400176));
#6797 = CARTESIAN_POINT('',(4.071271895551,5.357626302319,
    14.733999400176));
#6798 = CARTESIAN_POINT('',(4.153953440053,4.822217981743,
    14.733999400176));
#6799 = CARTESIAN_POINT('',(4.20573019649,4.249729362333,14.733999400176
    ));
#6800 = CARTESIAN_POINT('',(4.23,3.641801470588,14.733999400176));
#6801 = CARTESIAN_POINT('',(4.23,3.,14.733999400176));
#6802 = CARTESIAN_POINT('',(0.,8.63,14.95));
#6803 = CARTESIAN_POINT('',(0.6106640625,8.63,14.95));
#6804 = CARTESIAN_POINT('',(1.161620744978,8.572750244141,14.95));
#6805 = CARTESIAN_POINT('',(1.656185228871,8.459329146985,14.95));
#6806 = CARTESIAN_POINT('',(2.097318310853,8.291141253051,14.95));
#6807 = CARTESIAN_POINT('',(2.48784876194,8.067219463661,14.95));
#6808 = CARTESIAN_POINT('',(2.826169370479,7.790861061505,14.95));
#6809 = CARTESIAN_POINT('',(3.404452434852,7.141650915678,14.95));
#6810 = CARTESIAN_POINT('',(3.799342642583,6.311637687907,14.95));
#6811 = CARTESIAN_POINT('',(3.954341133047,5.854585634957,14.95));
#6812 = CARTESIAN_POINT('',(4.071271895551,5.357626302319,14.95));
#6813 = CARTESIAN_POINT('',(4.153953440053,4.822217981743,14.95));
#6814 = CARTESIAN_POINT('',(4.20573019649,4.249729362333,14.95));
#6815 = CARTESIAN_POINT('',(4.23,3.641801470588,14.95));
#6816 = CARTESIAN_POINT('',(4.23,3.,14.95));
#6817 = ADVANCED_FACE('',(#6818),#6873,.T.);
#6818 = FACE_BOUND('',#6819,.T.);
#6819 = EDGE_LOOP('',(#6820,#6834,#6848,#6849,#6850,#6851,#6863));
#6820 = ORIENTED_EDGE('',*,*,#6821,.T.);
#6821 = EDGE_CURVE('',#6822,#6824,#6826,.T.);
#6822 = VERTEX_POINT('',#6823);
#6823 = CARTESIAN_POINT('',(-3.5,2.,15.08));
#6824 = VERTEX_POINT('',#6825);
#6825 = CARTESIAN_POINT('',(-3.385538623238,2.061633048648,
    14.950000000006));
#6826 = ( BOUNDED_CURVE() B_SPLINE_CURVE(6,(#6827,#6828,#6829,#6830,
#6831,#6832,#6833),.UNSPECIFIED.,.T.,.F.) B_SPLINE_CURVE_WITH_KNOTS((1,6
    ,6,1),(-6.28318530718,0.,6.28318530718,12.566370614359),
.UNSPECIFIED.) CURVE() GEOMETRIC_REPRESENTATION_ITEM() 
RATIONAL_B_SPLINE_CURVE((1.669078461068,1.03672962321,1.038346699848,
    0.853534330196,1.038346699848,1.03672962321,1.669078461068)) 
REPRESENTATION_ITEM('') );
#6827 = CARTESIAN_POINT('',(-3.61446124299,1.938367023005,14.95));
#6828 = CARTESIAN_POINT('',(-3.61446124299,1.938367023005,
    15.166000599824));
#6829 = CARTESIAN_POINT('',(-3.379295103317,2.064994944368,
    15.197014609822));
#6830 = CARTESIAN_POINT('',(-3.185332660097,2.169436259948,14.95));
#6831 = CARTESIAN_POINT('',(-3.379295103317,2.064994944368,
    14.702985390178));
#6832 = CARTESIAN_POINT('',(-3.61446124299,1.938367023005,
    14.733999400176));
#6833 = CARTESIAN_POINT('',(-3.61446124299,1.938367023005,14.95));
#6834 = ORIENTED_EDGE('',*,*,#6835,.T.);
#6835 = EDGE_CURVE('',#6824,#6611,#6836,.T.);
#6836 = ( BOUNDED_CURVE() B_SPLINE_CURVE(10,(#6837,#6838,#6839,#6840,
    #6841,#6842,#6843,#6844,#6845,#6846,#6847),.UNSPECIFIED.,.F.,.F.) 
B_SPLINE_CURVE_WITH_KNOTS((11,11),(0.,1.),.PIECEWISE_BEZIER_KNOTS.) 
CURVE() GEOMETRIC_REPRESENTATION_ITEM() RATIONAL_B_SPLINE_CURVE((
    1.669078461068,1.669078461068,1.669078461068,1.669078461069,
    1.669078461068,1.669078461069,1.669078461068,1.669078461069,
1.669078461068,1.669078461068,1.669078461068)) REPRESENTATION_ITEM('') 
  );
#6837 = CARTESIAN_POINT('',(-3.385407603896,2.061388783627,14.95));
#6838 = CARTESIAN_POINT('',(-3.823543567417,2.8792425822,14.95));
#6839 = CARTESIAN_POINT('',(-4.066711818122,3.755065355795,14.95));
#6840 = CARTESIAN_POINT('',(-4.123832964597,4.652245993517,14.95));
#6841 = CARTESIAN_POINT('',(-4.001040459038,5.532988156477,14.95));
#6842 = CARTESIAN_POINT('',(-3.711192047169,6.35942783943,14.95));
#6843 = CARTESIAN_POINT('',(-3.252919612181,7.091911515778,14.95));
#6844 = CARTESIAN_POINT('',(-2.652712235394,7.689923413113,14.95));
#6845 = CARTESIAN_POINT('',(-1.908511564626,8.129790294785,14.95));
#6846 = CARTESIAN_POINT('',(-1.022514285714,8.37,14.95));
#6847 = CARTESIAN_POINT('',(0.,8.37,14.95));
#6848 = ORIENTED_EDGE('',*,*,#6608,.F.);
#6849 = ORIENTED_EDGE('',*,*,#6622,.F.);
#6850 = ORIENTED_EDGE('',*,*,#6835,.F.);
#6851 = ORIENTED_EDGE('',*,*,#6852,.T.);
#6852 = EDGE_CURVE('',#6824,#6853,#6855,.T.);
#6853 = VERTEX_POINT('',#6854);
#6854 = CARTESIAN_POINT('',(-3.5,2.,14.82));
#6855 = ( BOUNDED_CURVE() B_SPLINE_CURVE(6,(#6856,#6857,#6858,#6859,
#6860,#6861,#6862),.UNSPECIFIED.,.T.,.F.) B_SPLINE_CURVE_WITH_KNOTS((1,6
    ,6,1),(-6.28318530718,0.,6.28318530718,12.566370614359),
.UNSPECIFIED.) CURVE() GEOMETRIC_REPRESENTATION_ITEM() 
RATIONAL_B_SPLINE_CURVE((1.669078461068,1.03672962321,1.038346699848,
    0.853534330196,1.038346699848,1.03672962321,1.669078461068)) 
REPRESENTATION_ITEM('') );
#6856 = CARTESIAN_POINT('',(-3.61446124299,1.938367023005,14.95));
#6857 = CARTESIAN_POINT('',(-3.61446124299,1.938367023005,
    15.166000599824));
#6858 = CARTESIAN_POINT('',(-3.379295103317,2.064994944368,
    15.197014609822));
#6859 = CARTESIAN_POINT('',(-3.185332660097,2.169436259948,14.95));
#6860 = CARTESIAN_POINT('',(-3.379295103317,2.064994944368,
    14.702985390178));
#6861 = CARTESIAN_POINT('',(-3.61446124299,1.938367023005,
    14.733999400176));
#6862 = CARTESIAN_POINT('',(-3.61446124299,1.938367023005,14.95));
#6863 = ORIENTED_EDGE('',*,*,#6864,.T.);
#6864 = EDGE_CURVE('',#6853,#6822,#6865,.T.);
#6865 = ( BOUNDED_CURVE() B_SPLINE_CURVE(6,(#6866,#6867,#6868,#6869,
#6870,#6871,#6872),.UNSPECIFIED.,.T.,.F.) B_SPLINE_CURVE_WITH_KNOTS((1,6
    ,6,1),(-6.28318530718,0.,6.28318530718,12.566370614359),
.UNSPECIFIED.) CURVE() GEOMETRIC_REPRESENTATION_ITEM() 
RATIONAL_B_SPLINE_CURVE((1.669078461068,1.03672962321,1.038346699848,
    0.853534330196,1.038346699848,1.03672962321,1.669078461068)) 
REPRESENTATION_ITEM('') );
#6866 = CARTESIAN_POINT('',(-3.385407603896,2.061388783627,14.95));
#6867 = CARTESIAN_POINT('',(-3.385407603896,2.061388783627,
    14.733999400176));
#6868 = CARTESIAN_POINT('',(-3.620843203962,1.935262569306,
    14.702985390178));
#6869 = CARTESIAN_POINT('',(-3.815027895148,1.831235056171,14.95));
#6870 = CARTESIAN_POINT('',(-3.620843203962,1.935262569306,
    15.197014609822));
#6871 = CARTESIAN_POINT('',(-3.385407603896,2.061388783627,
    15.166000599824));
#6872 = CARTESIAN_POINT('',(-3.385407603896,2.061388783627,14.95));
#6873 = ( BOUNDED_SURFACE() B_SPLINE_SURFACE(6,10,(
    (#6874,#6875,#6876,#6877,#6878,#6879,#6880,#6881,#6882,#6883,#6884)
    ,(#6885,#6886,#6887,#6888,#6889,#6890,#6891,#6892,#6893,#6894,#6895)
    ,(#6896,#6897,#6898,#6899,#6900,#6901,#6902,#6903,#6904,#6905,#6906)
    ,(#6907,#6908,#6909,#6910,#6911,#6912,#6913,#6914,#6915,#6916,#6917)
    ,(#6918,#6919,#6920,#6921,#6922,#6923,#6924,#6925,#6926,#6927,#6928)
    ,(#6929,#6930,#6931,#6932,#6933,#6934,#6935,#6936,#6937,#6938,#6939)
    ,(#6940,#6941,#6942,#6943,#6944,#6945,#6946,#6947,#6948,#6949,#6950
)),.UNSPECIFIED.,.T.,.F.,.F.) B_SPLINE_SURFACE_WITH_KNOTS((1,6,6,1),(11,
    11),(-6.28318530718,0.,6.28318530718,12.566370614359),(0.,1.),
.UNSPECIFIED.) GEOMETRIC_REPRESENTATION_ITEM() RATIONAL_B_SPLINE_SURFACE
((
    (1.669078461068,1.669078461068,1.669078461068,1.669078461069
      ,1.669078461068,1.669078461069,1.669078461068,1.669078461069
      ,1.669078461068,1.669078461068,1.669078461068)
    ,(1.03672962321,1.03672962321,1.03672962321,1.03672962321
      ,1.036729623209,1.03672962321,1.036729623209,1.03672962321
      ,1.03672962321,1.03672962321,1.03672962321)
    ,(1.038346699848,1.038346699848,1.038346699847,1.038346699848
      ,1.038346699847,1.038346699848,1.038346699847,1.038346699848
      ,1.038346699847,1.038346699848,1.038346699848)
    ,(0.853534330196,0.853534330196,0.853534330196,0.853534330196
      ,0.853534330196,0.853534330196,0.853534330196,0.853534330196
      ,0.853534330196,0.853534330196,0.853534330196)
    ,(1.038346699848,1.038346699848,1.038346699847,1.038346699848
      ,1.038346699847,1.038346699848,1.038346699847,1.038346699848
      ,1.038346699847,1.038346699848,1.038346699848)
    ,(1.03672962321,1.03672962321,1.03672962321,1.03672962321
      ,1.036729623209,1.03672962321,1.036729623209,1.03672962321
      ,1.03672962321,1.03672962321,1.03672962321)
    ,(1.669078461068,1.669078461068,1.669078461068,1.669078461069
      ,1.669078461068,1.669078461069,1.669078461068,1.669078461069
      ,1.669078461068,1.669078461068,1.669078461068
))) REPRESENTATION_ITEM('') SURFACE() );
#6874 = CARTESIAN_POINT('',(-3.385407603896,2.061388783627,14.95));
#6875 = CARTESIAN_POINT('',(-3.823543567417,2.8792425822,14.95));
#6876 = CARTESIAN_POINT('',(-4.066711818122,3.755065355795,14.95));
#6877 = CARTESIAN_POINT('',(-4.123832964597,4.652245993517,14.95));
#6878 = CARTESIAN_POINT('',(-4.001040459038,5.532988156477,14.95));
#6879 = CARTESIAN_POINT('',(-3.711192047169,6.35942783943,14.95));
#6880 = CARTESIAN_POINT('',(-3.252919612181,7.091911515778,14.95));
#6881 = CARTESIAN_POINT('',(-2.652712235394,7.689923413113,14.95));
#6882 = CARTESIAN_POINT('',(-1.908511564626,8.129790294785,14.95));
#6883 = CARTESIAN_POINT('',(-1.022514285714,8.37,14.95));
#6884 = CARTESIAN_POINT('',(0.,8.37,14.95));
#6885 = CARTESIAN_POINT('',(-3.385407603896,2.061388783627,
    14.733999400176));
#6886 = CARTESIAN_POINT('',(-3.823543567417,2.8792425822,14.733999400176
    ));
#6887 = CARTESIAN_POINT('',(-4.066711818122,3.755065355795,
    14.733999400176));
#6888 = CARTESIAN_POINT('',(-4.123832964597,4.652245993517,
    14.733999400176));
#6889 = CARTESIAN_POINT('',(-4.001040459038,5.532988156477,
    14.733999400176));
#6890 = CARTESIAN_POINT('',(-3.711192047169,6.35942783943,
    14.733999400176));
#6891 = CARTESIAN_POINT('',(-3.252919612181,7.091911515778,
    14.733999400176));
#6892 = CARTESIAN_POINT('',(-2.652712235394,7.689923413113,
    14.733999400176));
#6893 = CARTESIAN_POINT('',(-1.908511564626,8.129790294785,
    14.733999400176));
#6894 = CARTESIAN_POINT('',(-1.022514285714,8.37,14.733999400176));
#6895 = CARTESIAN_POINT('',(0.,8.37,14.733999400176));
#6896 = CARTESIAN_POINT('',(-3.620843203962,1.935262569306,
    14.702985390178));
#6897 = CARTESIAN_POINT('',(-4.083354402163,2.798616805949,
    14.702985390178));
#6898 = CARTESIAN_POINT('',(-4.340558811021,3.724112856306,
    14.702985390178));
#6899 = CARTESIAN_POINT('',(-4.400170453812,4.671601220491,
    14.702985390178));
#6900 = CARTESIAN_POINT('',(-4.272842544544,5.602182278647,
    14.702985390178));
#6901 = CARTESIAN_POINT('',(-3.962137205649,6.477027768358,
    14.702985390178));
#6902 = CARTESIAN_POINT('',(-3.486618417155,7.259196563708,
    14.702985390178));
#6903 = CARTESIAN_POINT('',(-2.835473401207,7.912656818539,
    14.702985390178));
#6904 = CARTESIAN_POINT('',(-2.027994024295,8.38361542109,
    14.702985390178));
#6905 = CARTESIAN_POINT('',(-1.078985010266,8.637091264771,
    14.702985390178));
#6906 = CARTESIAN_POINT('',(8.881784197001E-16,8.637091264771,
    14.702985390178));
#6907 = CARTESIAN_POINT('',(-3.815027895148,1.831235056171,14.95));
#6908 = CARTESIAN_POINT('',(-4.297643518583,2.732117553251,14.95));
#6909 = CARTESIAN_POINT('',(-4.566424796171,3.698583575463,14.95));
#6910 = CARTESIAN_POINT('',(-4.628090572907,4.687565198631,14.95));
#6911 = CARTESIAN_POINT('',(-4.497021912589,5.659252828902,14.95));
#6912 = CARTESIAN_POINT('',(-4.169114009882,6.574022895161,14.95));
#6913 = CARTESIAN_POINT('',(-3.679370618869,7.397171429715,14.95));
#6914 = CARTESIAN_POINT('',(-2.986212798878,8.096364879415,14.95));
#6915 = CARTESIAN_POINT('',(-2.12654184173,8.592967591081,14.95));
#6916 = CARTESIAN_POINT('',(-1.125561442229,8.857385199731,14.95));
#6917 = CARTESIAN_POINT('',(4.440892098501E-16,8.857385199731,14.95));
#6918 = CARTESIAN_POINT('',(-3.620843203962,1.935262569306,
    15.197014609822));
#6919 = CARTESIAN_POINT('',(-4.083354402163,2.798616805949,
    15.197014609822));
#6920 = CARTESIAN_POINT('',(-4.340558811021,3.724112856307,
    15.197014609822));
#6921 = CARTESIAN_POINT('',(-4.400170453812,4.671601220491,
    15.197014609822));
#6922 = CARTESIAN_POINT('',(-4.272842544544,5.602182278647,
    15.197014609822));
#6923 = CARTESIAN_POINT('',(-3.96213720565,6.477027768358,
    15.197014609822));
#6924 = CARTESIAN_POINT('',(-3.486618417155,7.259196563708,
    15.197014609822));
#6925 = CARTESIAN_POINT('',(-2.835473401207,7.912656818539,
    15.197014609822));
#6926 = CARTESIAN_POINT('',(-2.027994024295,8.38361542109,
    15.197014609822));
#6927 = CARTESIAN_POINT('',(-1.078985010266,8.637091264771,
    15.197014609822));
#6928 = CARTESIAN_POINT('',(0.,8.637091264771,15.197014609822));
#6929 = CARTESIAN_POINT('',(-3.385407603896,2.061388783627,
    15.166000599824));
#6930 = CARTESIAN_POINT('',(-3.823543567417,2.8792425822,15.166000599824
    ));
#6931 = CARTESIAN_POINT('',(-4.066711818122,3.755065355795,
    15.166000599824));
#6932 = CARTESIAN_POINT('',(-4.123832964597,4.652245993517,
    15.166000599824));
#6933 = CARTESIAN_POINT('',(-4.001040459038,5.532988156477,
    15.166000599824));
#6934 = CARTESIAN_POINT('',(-3.711192047169,6.35942783943,
    15.166000599824));
#6935 = CARTESIAN_POINT('',(-3.252919612181,7.091911515778,
    15.166000599824));
#6936 = CARTESIAN_POINT('',(-2.652712235394,7.689923413113,
    15.166000599824));
#6937 = CARTESIAN_POINT('',(-1.908511564626,8.129790294785,
    15.166000599824));
#6938 = CARTESIAN_POINT('',(-1.022514285714,8.37,15.166000599824));
#6939 = CARTESIAN_POINT('',(0.,8.37,15.166000599824));
#6940 = CARTESIAN_POINT('',(-3.385407603896,2.061388783627,14.95));
#6941 = CARTESIAN_POINT('',(-3.823543567417,2.8792425822,14.95));
#6942 = CARTESIAN_POINT('',(-4.066711818122,3.755065355795,14.95));
#6943 = CARTESIAN_POINT('',(-4.123832964597,4.652245993517,14.95));
#6944 = CARTESIAN_POINT('',(-4.001040459038,5.532988156477,14.95));
#6945 = CARTESIAN_POINT('',(-3.711192047169,6.35942783943,14.95));
#6946 = CARTESIAN_POINT('',(-3.252919612181,7.091911515778,14.95));
#6947 = CARTESIAN_POINT('',(-2.652712235394,7.689923413113,14.95));
#6948 = CARTESIAN_POINT('',(-1.908511564626,8.129790294785,14.95));
#6949 = CARTESIAN_POINT('',(-1.022514285714,8.37,14.95));
#6950 = CARTESIAN_POINT('',(0.,8.37,14.95));
#6951 = ADVANCED_FACE('',(#6952),#7078,.T.);
#6952 = FACE_BOUND('',#6953,.T.);
#6953 = EDGE_LOOP('',(#6954,#6982,#6983,#7000,#7012,#7024,#7034,#7035,
    #7036));
#6954 = ORIENTED_EDGE('',*,*,#6955,.F.);
#6955 = EDGE_CURVE('',#6653,#6956,#6958,.T.);
#6956 = VERTEX_POINT('',#6957);
#6957 = CARTESIAN_POINT('',(3.96660487339,2.570810779926,14.95));
#6958 = B_SPLINE_CURVE_WITH_KNOTS('',6,(#6959,#6960,#6961,#6962,#6963,
    #6964,#6965,#6966,#6967,#6968,#6969,#6970,#6971,#6972,#6973,#6974,
    #6975,#6976,#6977,#6978,#6979,#6980,#6981),.UNSPECIFIED.,.F.,.F.,(7,
    6,5,5,7),(0.,1.513805011061E-02,3.027610022123E-02,0.628390601752,1.
    ),.UNSPECIFIED.);
#6959 = CARTESIAN_POINT('',(4.09999713778,3.000001828528,14.820000000038
    ));
#6960 = CARTESIAN_POINT('',(4.099723610346,2.999036960909,
    14.819999995966));
#6961 = CARTESIAN_POINT('',(4.099432320232,2.998055538343,
    14.820000742302));
#6962 = CARTESIAN_POINT('',(4.099141330039,2.997074621866,
    14.820002238993));
#6963 = CARTESIAN_POINT('',(4.098858020955,2.996101186612,
    14.820004486041));
#6964 = CARTESIAN_POINT('',(4.098579092751,2.995132121807,
    14.820007483495));
#6965 = CARTESIAN_POINT('',(4.098290563784,2.994154230777,
    14.820011231455));
#6966 = CARTESIAN_POINT('',(4.097783188546,2.992420627797,
    14.820017896509));
#6967 = CARTESIAN_POINT('',(4.097275696075,2.990687670754,
    14.820026934829));
#6968 = CARTESIAN_POINT('',(4.096768099193,2.988955402434,
    14.820038346556));
#6969 = CARTESIAN_POINT('',(4.096260410744,2.987223865522,
    14.820052131763));
#6970 = CARTESIAN_POINT('',(4.095752643596,2.985493102604,
    14.820068290452));
#6971 = CARTESIAN_POINT('',(4.075179990914,2.915411811544,
    14.820818891623));
#6972 = CARTESIAN_POINT('',(4.055017505779,2.848352443227,
    14.825256921219));
#6973 = CARTESIAN_POINT('',(4.035541617011,2.785167287484,
    14.833388926999));
#6974 = CARTESIAN_POINT('',(4.017624905052,2.728334175423,14.84506219599
    ));
#6975 = CARTESIAN_POINT('',(4.00224230593,2.680295040628,14.859836049335
    ));
#6976 = CARTESIAN_POINT('',(3.982592439378,2.619528275015,
    14.887577843535));
#6977 = CARTESIAN_POINT('',(3.976321329151,2.600316707925,
    14.899110905224));
#6978 = CARTESIAN_POINT('',(3.971487820889,2.585612010981,
    14.911363235698));
#6979 = CARTESIAN_POINT('',(3.968226254264,2.575726627019,
    14.924102558065));
#6980 = CARTESIAN_POINT('',(3.966605000792,2.570810947786,
    14.937069481843));
#6981 = CARTESIAN_POINT('',(3.96660487339,2.570810779926,14.95));
#6982 = ORIENTED_EDGE('',*,*,#6652,.T.);
#6983 = ORIENTED_EDGE('',*,*,#6984,.T.);
#6984 = EDGE_CURVE('',#6633,#6985,#6987,.T.);
#6985 = VERTEX_POINT('',#6986);
#6986 = CARTESIAN_POINT('',(-2.9,-8.63,14.95));
#6987 = ( BOUNDED_CURVE() B_SPLINE_CURVE(11,(#6988,#6989,#6990,#6991,
    #6992,#6993,#6994,#6995,#6996,#6997,#6998,#6999),.UNSPECIFIED.,.F.,
.F.) B_SPLINE_CURVE_WITH_KNOTS((12,12),(0.,1.),
.PIECEWISE_BEZIER_KNOTS.) CURVE() GEOMETRIC_REPRESENTATION_ITEM() 
RATIONAL_B_SPLINE_CURVE((1.669078461068,1.669078461068,1.669078461068,
    1.669078461068,1.669078461068,1.669078461068,1.669078461068,
    1.669078461068,1.669078461068,1.669078461068,1.669078461068,
1.669078461068)) REPRESENTATION_ITEM('') );
#6988 = CARTESIAN_POINT('',(4.23,3.,14.95));
#6989 = CARTESIAN_POINT('',(4.23,1.218909090909,14.95));
#6990 = CARTESIAN_POINT('',(4.103953566434,-0.481172027972,14.95));
#6991 = CARTESIAN_POINT('',(3.851179780283,-2.07951349434,14.95));
#6992 = CARTESIAN_POINT('',(3.469719297969,-3.553735667038,14.95));
#6993 = CARTESIAN_POINT('',(2.962787642721,-4.888434506499,14.95));
#6994 = CARTESIAN_POINT('',(2.317014629555,-6.051710854425,14.95));
#6995 = CARTESIAN_POINT('',(1.552620037753,-7.036625033833,14.95));
#6996 = CARTESIAN_POINT('',(0.636017797446,-7.814925262354,14.95));
#6997 = CARTESIAN_POINT('',(-0.413606732787,-8.351922712869,14.95));
#6998 = CARTESIAN_POINT('',(-1.593036750484,-8.63,14.95));
#6999 = CARTESIAN_POINT('',(-2.9,-8.63,14.95));
#7000 = ORIENTED_EDGE('',*,*,#7001,.F.);
#7001 = EDGE_CURVE('',#7002,#6985,#7004,.T.);
#7002 = VERTEX_POINT('',#7003);
#7003 = CARTESIAN_POINT('',(-2.9,-8.5,14.82));
#7004 = ( BOUNDED_CURVE() B_SPLINE_CURVE(6,(#7005,#7006,#7007,#7008,
#7009,#7010,#7011),.UNSPECIFIED.,.T.,.F.) B_SPLINE_CURVE_WITH_KNOTS((1,6
    ,6,1),(-6.28318530718,0.,6.28318530718,12.566370614359),
.UNSPECIFIED.) CURVE() GEOMETRIC_REPRESENTATION_ITEM() 
RATIONAL_B_SPLINE_CURVE((1.669078461068,1.03672962321,1.038346699848,
    0.853534330196,1.038346699848,1.03672962321,1.669078461068)) 
REPRESENTATION_ITEM('') );
#7005 = CARTESIAN_POINT('',(-2.9,-8.63,14.95));
#7006 = CARTESIAN_POINT('',(-2.9,-8.63,15.166000599824));
#7007 = CARTESIAN_POINT('',(-2.9,-8.362908735229,15.197014609822));
#7008 = CARTESIAN_POINT('',(-2.9,-8.142614800269,14.95));
#7009 = CARTESIAN_POINT('',(-2.9,-8.362908735229,14.702985390178));
#7010 = CARTESIAN_POINT('',(-2.9,-8.63,14.733999400176));
#7011 = CARTESIAN_POINT('',(-2.9,-8.63,14.95));
#7012 = ORIENTED_EDGE('',*,*,#7013,.F.);
#7013 = EDGE_CURVE('',#7014,#7002,#7016,.T.);
#7014 = VERTEX_POINT('',#7015);
#7015 = CARTESIAN_POINT('',(-2.9,-8.5,15.08));
#7016 = ( BOUNDED_CURVE() B_SPLINE_CURVE(6,(#7017,#7018,#7019,#7020,
#7021,#7022,#7023),.UNSPECIFIED.,.T.,.F.) B_SPLINE_CURVE_WITH_KNOTS((1,6
    ,6,1),(-6.28318530718,0.,6.28318530718,12.566370614359),
.UNSPECIFIED.) CURVE() GEOMETRIC_REPRESENTATION_ITEM() 
RATIONAL_B_SPLINE_CURVE((1.669078461068,1.03672962321,1.038346699848,
    0.853534330196,1.038346699848,1.03672962321,1.669078461068)) 
REPRESENTATION_ITEM('') );
#7017 = CARTESIAN_POINT('',(-2.9,-8.63,14.95));
#7018 = CARTESIAN_POINT('',(-2.9,-8.63,15.166000599824));
#7019 = CARTESIAN_POINT('',(-2.9,-8.362908735229,15.197014609822));
#7020 = CARTESIAN_POINT('',(-2.9,-8.142614800269,14.95));
#7021 = CARTESIAN_POINT('',(-2.9,-8.362908735229,14.702985390178));
#7022 = CARTESIAN_POINT('',(-2.9,-8.63,14.733999400176));
#7023 = CARTESIAN_POINT('',(-2.9,-8.63,14.95));
#7024 = ORIENTED_EDGE('',*,*,#7025,.F.);
#7025 = EDGE_CURVE('',#6985,#7014,#7026,.T.);
#7026 = ( BOUNDED_CURVE() B_SPLINE_CURVE(6,(#7027,#7028,#7029,#7030,
#7031,#7032,#7033),.UNSPECIFIED.,.T.,.F.) B_SPLINE_CURVE_WITH_KNOTS((1,6
    ,6,1),(-6.28318530718,0.,6.28318530718,12.566370614359),
.UNSPECIFIED.) CURVE() GEOMETRIC_REPRESENTATION_ITEM() 
RATIONAL_B_SPLINE_CURVE((1.669078461068,1.03672962321,1.038346699848,
    0.853534330196,1.038346699848,1.03672962321,1.669078461068)) 
REPRESENTATION_ITEM('') );
#7027 = CARTESIAN_POINT('',(-2.9,-8.63,14.95));
#7028 = CARTESIAN_POINT('',(-2.9,-8.63,15.166000599824));
#7029 = CARTESIAN_POINT('',(-2.9,-8.362908735229,15.197014609822));
#7030 = CARTESIAN_POINT('',(-2.9,-8.142614800269,14.95));
#7031 = CARTESIAN_POINT('',(-2.9,-8.362908735229,14.702985390178));
#7032 = CARTESIAN_POINT('',(-2.9,-8.63,14.733999400176));
#7033 = CARTESIAN_POINT('',(-2.9,-8.63,14.95));
#7034 = ORIENTED_EDGE('',*,*,#6984,.F.);
#7035 = ORIENTED_EDGE('',*,*,#6704,.T.);
#7036 = ORIENTED_EDGE('',*,*,#7037,.F.);
#7037 = EDGE_CURVE('',#6956,#6662,#7038,.T.);
#7038 = B_SPLINE_CURVE_WITH_KNOTS('',7,(#7039,#7040,#7041,#7042,#7043,
    #7044,#7045,#7046,#7047,#7048,#7049,#7050,#7051,#7052,#7053,#7054,
    #7055,#7056,#7057,#7058,#7059,#7060,#7061,#7062,#7063,#7064,#7065,
    #7066,#7067,#7068,#7069,#7070,#7071,#7072,#7073,#7074,#7075,#7076,
    #7077),.UNSPECIFIED.,.F.,.F.,(8,6,6,6,6,7,8),(0.,3.10731915669E-02,
    0.462490966207,0.908757671309,0.949265241212,0.968926808433,1.),
  .UNSPECIFIED.);
#7039 = CARTESIAN_POINT('',(3.96660487339,2.570810779926,14.95));
#7040 = CARTESIAN_POINT('',(3.966604873391,2.570810779927,
    14.950920539417));
#7041 = CARTESIAN_POINT('',(3.966612864563,2.570835004684,
    14.951841247643));
#7042 = CARTESIAN_POINT('',(3.966628852184,2.570883470191,
    14.952762039977));
#7043 = CARTESIAN_POINT('',(3.966652839934,2.570956188626,
    14.953682831663));
#7044 = CARTESIAN_POINT('',(3.966684829896,2.571053168348,
    14.954603537891));
#7045 = CARTESIAN_POINT('',(3.966724822557,2.571174413897,
    14.955524073796));
#7046 = CARTESIAN_POINT('',(3.96743934225,2.573340417273,14.969221416727
    ));
#7047 = CARTESIAN_POINT('',(3.969647680616,2.580038262759,
    14.981952463065));
#7048 = CARTESIAN_POINT('',(3.973397701074,2.591419878972,
    14.994403459507));
#7049 = CARTESIAN_POINT('',(3.978622723354,2.607336779161,
    15.006351311743));
#7050 = CARTESIAN_POINT('',(3.985204768461,2.627515509535,
    15.017593961159));
#7051 = CARTESIAN_POINT('',(3.992989809397,2.651587585477,
    15.027960480877));
#7052 = CARTESIAN_POINT('',(4.010919684721,2.707598960688,
    15.047003725379));
#7053 = CARTESIAN_POINT('',(4.021137652308,2.739782989858,
    15.055609487502));
#7054 = CARTESIAN_POINT('',(4.032267126516,2.775200470693,
    15.062993116799));
#7055 = CARTESIAN_POINT('',(4.044098787682,2.813315656115,
    15.069049894569));
#7056 = CARTESIAN_POINT('',(4.056422693868,2.853562282635,
    15.073711820602));
#7057 = CARTESIAN_POINT('',(4.069038484635,2.895360821166,
    15.076941446053));
#7058 = CARTESIAN_POINT('',(4.082911337256,2.941999927928,
    15.078885196403));
#7059 = CARTESIAN_POINT('',(4.084066623858,2.945888945241,
    15.079035021922));
#7060 = CARTESIAN_POINT('',(4.085222606434,2.949785397479,
    15.079172908837));
#7061 = CARTESIAN_POINT('',(4.086379142935,2.953688836244,
    15.079298847631));
#7062 = CARTESIAN_POINT('',(4.087536091955,2.957598811777,
    15.079412830368));
#7063 = CARTESIAN_POINT('',(4.088693312727,2.961514872951,15.07951485069
    ));
#7064 = CARTESIAN_POINT('',(4.090412420797,2.967340079606,
    15.079648613166));
#7065 = CARTESIAN_POINT('',(4.090988039422,2.969291786961,
    15.079690582115));
#7066 = CARTESIAN_POINT('',(4.091571995161,2.971273079893,
    15.079730124116));
#7067 = CARTESIAN_POINT('',(4.092158757372,2.97326525805,15.079766723183
    ));
#7068 = CARTESIAN_POINT('',(4.092742790611,2.975249530182,
    15.079800033893));
#7069 = CARTESIAN_POINT('',(4.093318554629,2.977207014144,
    15.079829881389));
#7070 = CARTESIAN_POINT('',(4.093880504374,2.979118736891,
    15.079856261374));
#7071 = CARTESIAN_POINT('',(4.094310984579,2.980583287457,
    15.079876291881));
#7072 = CARTESIAN_POINT('',(4.095396628086,2.984276821509,
    15.079926693254));
#7073 = CARTESIAN_POINT('',(4.096622980117,2.988455824925,15.07996829191
    ));
#7074 = CARTESIAN_POINT('',(4.09773313486,2.992246684317,15.079987981855
    ));
#7075 = CARTESIAN_POINT('',(4.098765473408,2.995774010427,
    15.080001622508));
#7076 = CARTESIAN_POINT('',(4.099827011781,2.999408087956,15.07999960788
    ));
#7077 = CARTESIAN_POINT('',(4.099999999766,3.000000000149,15.08));
#7078 = ( BOUNDED_SURFACE() B_SPLINE_SURFACE(6,11,(
    (#7079,#7080,#7081,#7082,#7083,#7084,#7085,#7086,#7087,#7088,#7089
      ,#7090)
    ,(#7091,#7092,#7093,#7094,#7095,#7096,#7097,#7098,#7099,#7100,#7101
      ,#7102)
    ,(#7103,#7104,#7105,#7106,#7107,#7108,#7109,#7110,#7111,#7112,#7113
      ,#7114)
    ,(#7115,#7116,#7117,#7118,#7119,#7120,#7121,#7122,#7123,#7124,#7125
      ,#7126)
    ,(#7127,#7128,#7129,#7130,#7131,#7132,#7133,#7134,#7135,#7136,#7137
      ,#7138)
    ,(#7139,#7140,#7141,#7142,#7143,#7144,#7145,#7146,#7147,#7148,#7149
      ,#7150)
    ,(#7151,#7152,#7153,#7154,#7155,#7156,#7157,#7158,#7159,#7160,#7161
,#7162
    )),.UNSPECIFIED.,.T.,.F.,.F.) B_SPLINE_SURFACE_WITH_KNOTS((1,6,6,1),
  (12,12),(-6.28318530718,0.,6.28318530718,12.566370614359),(0.,1.),
.UNSPECIFIED.) GEOMETRIC_REPRESENTATION_ITEM() RATIONAL_B_SPLINE_SURFACE
((
    (1.669078461068,1.669078461068,1.669078461068,1.669078461068
      ,1.669078461068,1.669078461068,1.669078461068,1.669078461068
      ,1.669078461068,1.669078461068,1.669078461068,1.669078461068)
    ,(1.03672962321,1.03672962321,1.03672962321,1.03672962321
      ,1.03672962321,1.03672962321,1.036729623209,1.03672962321
      ,1.03672962321,1.03672962321,1.03672962321,1.03672962321)
    ,(1.038346699848,1.038346699847,1.038346699848,1.038346699847
      ,1.038346699848,1.038346699847,1.038346699848,1.038346699847
      ,1.038346699848,1.038346699847,1.038346699848,1.038346699848)
    ,(0.853534330196,0.853534330196,0.853534330196,0.853534330196
      ,0.853534330196,0.853534330197,0.853534330196,0.853534330196
      ,0.853534330196,0.853534330196,0.853534330196,0.853534330196)
    ,(1.038346699848,1.038346699847,1.038346699848,1.038346699847
      ,1.038346699848,1.038346699847,1.038346699848,1.038346699847
      ,1.038346699848,1.038346699847,1.038346699848,1.038346699848)
    ,(1.03672962321,1.03672962321,1.03672962321,1.03672962321
      ,1.03672962321,1.03672962321,1.03672962321,1.03672962321
      ,1.03672962321,1.03672962321,1.03672962321,1.03672962321)
    ,(1.669078461068,1.669078461068,1.669078461068,1.669078461068
      ,1.669078461068,1.669078461068,1.669078461068,1.669078461068
      ,1.669078461068,1.669078461068,1.669078461068,1.669078461068
))) REPRESENTATION_ITEM('') SURFACE() );
#7079 = CARTESIAN_POINT('',(4.23,3.,14.95));
#7080 = CARTESIAN_POINT('',(4.23,1.218909090909,14.95));
#7081 = CARTESIAN_POINT('',(4.103953566434,-0.481172027972,14.95));
#7082 = CARTESIAN_POINT('',(3.851179780283,-2.07951349434,14.95));
#7083 = CARTESIAN_POINT('',(3.469719297969,-3.553735667038,14.95));
#7084 = CARTESIAN_POINT('',(2.962787642721,-4.888434506499,14.95));
#7085 = CARTESIAN_POINT('',(2.317014629555,-6.051710854425,14.95));
#7086 = CARTESIAN_POINT('',(1.552620037753,-7.036625033833,14.95));
#7087 = CARTESIAN_POINT('',(0.636017797446,-7.814925262354,14.95));
#7088 = CARTESIAN_POINT('',(-0.413606732787,-8.351922712869,14.95));
#7089 = CARTESIAN_POINT('',(-1.593036750484,-8.63,14.95));
#7090 = CARTESIAN_POINT('',(-2.9,-8.63,14.95));
#7091 = CARTESIAN_POINT('',(4.23,3.,15.166000599824));
#7092 = CARTESIAN_POINT('',(4.23,1.218909090909,15.166000599824));
#7093 = CARTESIAN_POINT('',(4.103953566434,-0.481172027972,
    15.166000599824));
#7094 = CARTESIAN_POINT('',(3.851179780283,-2.079513494341,
    15.166000599824));
#7095 = CARTESIAN_POINT('',(3.469719297969,-3.553735667037,
    15.166000599824));
#7096 = CARTESIAN_POINT('',(2.96278764272,-4.888434506501,
    15.166000599824));
#7097 = CARTESIAN_POINT('',(2.317014629556,-6.051710854424,
    15.166000599824));
#7098 = CARTESIAN_POINT('',(1.552620037753,-7.036625033833,
    15.166000599824));
#7099 = CARTESIAN_POINT('',(0.636017797446,-7.814925262354,
    15.166000599824));
#7100 = CARTESIAN_POINT('',(-0.413606732787,-8.351922712869,
    15.166000599824));
#7101 = CARTESIAN_POINT('',(-1.593036750484,-8.63,15.166000599824));
#7102 = CARTESIAN_POINT('',(-2.9,-8.63,15.166000599824));
#7103 = CARTESIAN_POINT('',(3.962908735229,3.,15.197014609822));
#7104 = CARTESIAN_POINT('',(3.962908735229,1.236092584867,
    15.197014609822));
#7105 = CARTESIAN_POINT('',(3.838078364311,-0.445144160541,
    15.197014609822));
#7106 = CARTESIAN_POINT('',(3.587890503674,-2.021989549751,
    15.197014609822));
#7107 = CARTESIAN_POINT('',(3.21316619482,-3.474462667596,
    15.197014609822));
#7108 = CARTESIAN_POINT('',(2.709269332826,-4.775226490875,
    15.197014609822));
#7109 = CARTESIAN_POINT('',(2.089054241351,-5.914338893994,
    15.197014609822));
#7110 = CARTESIAN_POINT('',(1.329953008018,-6.855536775513,
    15.197014609822));
#7111 = CARTESIAN_POINT('',(0.466138581317,-7.585031676143,
    15.197014609822));
#7112 = CARTESIAN_POINT('',(-0.523866104652,-8.095823310511,
    15.197014609822));
#7113 = CARTESIAN_POINT('',(-1.644698503824,-8.362908735229,
    15.197014609822));
#7114 = CARTESIAN_POINT('',(-2.9,-8.362908735229,15.197014609822));
#7115 = CARTESIAN_POINT('',(3.742614800269,3.,14.95));
#7116 = CARTESIAN_POINT('',(3.742614800269,1.250265341521,14.95));
#7117 = CARTESIAN_POINT('',(3.618787424438,-0.41542877209,14.95));
#7118 = CARTESIAN_POINT('',(3.370732406695,-1.974544433496,14.95));
#7119 = CARTESIAN_POINT('',(3.001564019562,-3.409079170318,14.95));
#7120 = CARTESIAN_POINT('',(2.500170221631,-4.681853765815,14.95));
#7121 = CARTESIAN_POINT('',(1.901035022619,-5.801036013268,14.95));
#7122 = CARTESIAN_POINT('',(1.14629969308,-6.706177173523,14.95));
#7123 = CARTESIAN_POINT('',(0.326024073936,-7.395417976979,14.95));
#7124 = CARTESIAN_POINT('',(-0.614806820795,-7.884595342667,14.95));
#7125 = CARTESIAN_POINT('',(-1.687308549271,-8.142614800269,14.95));
#7126 = CARTESIAN_POINT('',(-2.9,-8.142614800269,14.95));
#7127 = CARTESIAN_POINT('',(3.962908735229,3.,14.702985390178));
#7128 = CARTESIAN_POINT('',(3.962908735229,1.236092584866,
    14.702985390178));
#7129 = CARTESIAN_POINT('',(3.838078364312,-0.445144160541,
    14.702985390178));
#7130 = CARTESIAN_POINT('',(3.587890503673,-2.021989549751,
    14.702985390178));
#7131 = CARTESIAN_POINT('',(3.213166194821,-3.474462667595,
    14.702985390178));
#7132 = CARTESIAN_POINT('',(2.709269332825,-4.775226490875,
    14.702985390178));
#7133 = CARTESIAN_POINT('',(2.089054241351,-5.914338893994,
    14.702985390178));
#7134 = CARTESIAN_POINT('',(1.329953008018,-6.855536775514,
    14.702985390178));
#7135 = CARTESIAN_POINT('',(0.466138581317,-7.585031676143,
    14.702985390178));
#7136 = CARTESIAN_POINT('',(-0.523866104652,-8.095823310511,
    14.702985390178));
#7137 = CARTESIAN_POINT('',(-1.644698503824,-8.362908735229,
    14.702985390178));
#7138 = CARTESIAN_POINT('',(-2.9,-8.362908735229,14.702985390178));
#7139 = CARTESIAN_POINT('',(4.23,3.,14.733999400176));
#7140 = CARTESIAN_POINT('',(4.23,1.218909090909,14.733999400176));
#7141 = CARTESIAN_POINT('',(4.103953566433,-0.481172027972,
    14.733999400176));
#7142 = CARTESIAN_POINT('',(3.851179780284,-2.079513494341,
    14.733999400176));
#7143 = CARTESIAN_POINT('',(3.469719297968,-3.553735667036,
    14.733999400176));
#7144 = CARTESIAN_POINT('',(2.962787642722,-4.888434506501,
    14.733999400176));
#7145 = CARTESIAN_POINT('',(2.317014629554,-6.051710854423,
    14.733999400176));
#7146 = CARTESIAN_POINT('',(1.552620037754,-7.036625033834,
    14.733999400176));
#7147 = CARTESIAN_POINT('',(0.636017797446,-7.814925262353,
    14.733999400176));
#7148 = CARTESIAN_POINT('',(-0.413606732787,-8.351922712869,
    14.733999400176));
#7149 = CARTESIAN_POINT('',(-1.593036750484,-8.63,14.733999400176));
#7150 = CARTESIAN_POINT('',(-2.9,-8.63,14.733999400176));
#7151 = CARTESIAN_POINT('',(4.23,3.,14.95));
#7152 = CARTESIAN_POINT('',(4.23,1.218909090909,14.95));
#7153 = CARTESIAN_POINT('',(4.103953566434,-0.481172027972,14.95));
#7154 = CARTESIAN_POINT('',(3.851179780283,-2.07951349434,14.95));
#7155 = CARTESIAN_POINT('',(3.469719297969,-3.553735667038,14.95));
#7156 = CARTESIAN_POINT('',(2.962787642721,-4.888434506499,14.95));
#7157 = CARTESIAN_POINT('',(2.317014629555,-6.051710854425,14.95));
#7158 = CARTESIAN_POINT('',(1.552620037753,-7.036625033833,14.95));
#7159 = CARTESIAN_POINT('',(0.636017797446,-7.814925262354,14.95));
#7160 = CARTESIAN_POINT('',(-0.413606732787,-8.351922712869,14.95));
#7161 = CARTESIAN_POINT('',(-1.593036750484,-8.63,14.95));
#7162 = CARTESIAN_POINT('',(-2.9,-8.63,14.95));
#7163 = ADVANCED_FACE('',(#7164),#7189,.T.);
#7164 = FACE_BOUND('',#7165,.T.);
#7165 = EDGE_LOOP('',(#7166,#7178,#7188));
#7166 = ORIENTED_EDGE('',*,*,#7167,.T.);
#7167 = EDGE_CURVE('',#6853,#7168,#7170,.T.);
#7168 = VERTEX_POINT('',#7169);
#7169 = CARTESIAN_POINT('',(-3.61446124299,1.938367023005,14.95));
#7170 = ( BOUNDED_CURVE() B_SPLINE_CURVE(6,(#7171,#7172,#7173,#7174,
#7175,#7176,#7177),.UNSPECIFIED.,.T.,.F.) B_SPLINE_CURVE_WITH_KNOTS((1,6
    ,6,1),(-6.28318530718,0.,6.28318530718,12.566370614359),
.UNSPECIFIED.) CURVE() GEOMETRIC_REPRESENTATION_ITEM() 
RATIONAL_B_SPLINE_CURVE((1.669078461068,1.03672962321,1.038346699848,
    0.853534330196,1.038346699848,1.03672962321,1.669078461068)) 
REPRESENTATION_ITEM('') );
#7171 = CARTESIAN_POINT('',(-3.61446124299,1.938367023005,14.95));
#7172 = CARTESIAN_POINT('',(-3.61446124299,1.938367023005,
    15.166000599824));
#7173 = CARTESIAN_POINT('',(-3.379295103317,2.064994944368,
    15.197014609822));
#7174 = CARTESIAN_POINT('',(-3.185332660097,2.169436259948,14.95));
#7175 = CARTESIAN_POINT('',(-3.379295103317,2.064994944368,
    14.702985390178));
#7176 = CARTESIAN_POINT('',(-3.61446124299,1.938367023005,
    14.733999400176));
#7177 = CARTESIAN_POINT('',(-3.61446124299,1.938367023005,14.95));
#7178 = ORIENTED_EDGE('',*,*,#7179,.T.);
#7179 = EDGE_CURVE('',#7168,#6822,#7180,.T.);
#7180 = ( BOUNDED_CURVE() B_SPLINE_CURVE(6,(#7181,#7182,#7183,#7184,
#7185,#7186,#7187),.UNSPECIFIED.,.T.,.F.) B_SPLINE_CURVE_WITH_KNOTS((1,6
    ,6,1),(-6.28318530718,0.,6.28318530718,12.566370614359),
.UNSPECIFIED.) CURVE() GEOMETRIC_REPRESENTATION_ITEM() 
RATIONAL_B_SPLINE_CURVE((1.669078461068,1.03672962321,1.038346699848,
    0.853534330196,1.038346699848,1.03672962321,1.669078461068)) 
REPRESENTATION_ITEM('') );
#7181 = CARTESIAN_POINT('',(-3.61446124299,1.938367023005,14.95));
#7182 = CARTESIAN_POINT('',(-3.61446124299,1.938367023005,
    15.166000599824));
#7183 = CARTESIAN_POINT('',(-3.379295103317,2.064994944368,
    15.197014609822));
#7184 = CARTESIAN_POINT('',(-3.185332660097,2.169436259948,14.95));
#7185 = CARTESIAN_POINT('',(-3.379295103317,2.064994944368,
    14.702985390178));
#7186 = CARTESIAN_POINT('',(-3.61446124299,1.938367023005,
    14.733999400176));
#7187 = CARTESIAN_POINT('',(-3.61446124299,1.938367023005,14.95));
#7188 = ORIENTED_EDGE('',*,*,#6864,.F.);
#7189 = SPHERICAL_SURFACE('',#7190,0.13);
#7190 = AXIS2_PLACEMENT_3D('',#7191,#7192,#7193);
#7191 = CARTESIAN_POINT('',(-3.5,2.,14.95));
#7192 = DIRECTION('',(0.,0.,1.));
#7193 = DIRECTION('',(1.,0.,0.));
#7194 = ADVANCED_FACE('',(#7195),#7200,.T.);
#7195 = FACE_BOUND('',#7196,.T.);
#7196 = EDGE_LOOP('',(#7197,#7198,#7199));
#7197 = ORIENTED_EDGE('',*,*,#7025,.T.);
#7198 = ORIENTED_EDGE('',*,*,#7013,.T.);
#7199 = ORIENTED_EDGE('',*,*,#7001,.T.);
#7200 = SPHERICAL_SURFACE('',#7201,0.13);
#7201 = AXIS2_PLACEMENT_3D('',#7202,#7203,#7204);
#7202 = CARTESIAN_POINT('',(-2.9,-8.5,14.95));
#7203 = DIRECTION('',(0.,0.,1.));
#7204 = DIRECTION('',(1.,0.,0.));
#7205 = ADVANCED_FACE('',(#7206),#7229,.T.);
#7206 = FACE_BOUND('',#7207,.T.);
#7207 = EDGE_LOOP('',(#7208,#7209,#7210,#7211,#7224,#7225,#7226,#7227,
    #7228));
#7208 = ORIENTED_EDGE('',*,*,#7037,.T.);
#7209 = ORIENTED_EDGE('',*,*,#6661,.T.);
#7210 = ORIENTED_EDGE('',*,*,#6955,.T.);
#7211 = ORIENTED_EDGE('',*,*,#7212,.T.);
#7212 = EDGE_CURVE('',#6956,#7168,#7213,.T.);
#7213 = ( BOUNDED_CURVE() B_SPLINE_CURVE(9,(#7214,#7215,#7216,#7217,
    #7218,#7219,#7220,#7221,#7222,#7223),.UNSPECIFIED.,.F.,.F.) 
B_SPLINE_CURVE_WITH_KNOTS((10,10),(3.387642033136E-02,1.),
.PIECEWISE_BEZIER_KNOTS.) CURVE() GEOMETRIC_REPRESENTATION_ITEM() 
RATIONAL_B_SPLINE_CURVE((1.669078461068,1.669078461068,1.669078461068,
    1.669078461068,1.669078461068,1.669078461068,1.669078461068,
1.669078461068,1.669078461068,1.669078461068)) REPRESENTATION_ITEM('') 
  );
#7214 = CARTESIAN_POINT('',(3.96660487339,2.570810779926,14.95));
#7215 = CARTESIAN_POINT('',(3.179674720935,1.471702542735,14.95));
#7216 = CARTESIAN_POINT('',(2.274472151476,0.650726691533,14.95));
#7217 = CARTESIAN_POINT('',(1.294499290907,9.879742353398E-02,14.95));
#7218 = CARTESIAN_POINT('',(0.283261947029,-0.192606470826,14.95));
#7219 = CARTESIAN_POINT('',(-0.711067953505,-0.231606181477,14.95));
#7220 = CARTESIAN_POINT('',(-1.649259573386,-2.974432535196E-02,14.95));
#7221 = CARTESIAN_POINT('',(-2.478406837134,0.411149017309,14.95));
#7222 = CARTESIAN_POINT('',(-3.148216543076,1.07248400888,14.95));
#7223 = CARTESIAN_POINT('',(-3.61446124299,1.938367023005,14.95));
#7224 = ORIENTED_EDGE('',*,*,#7167,.F.);
#7225 = ORIENTED_EDGE('',*,*,#6852,.F.);
#7226 = ORIENTED_EDGE('',*,*,#6821,.F.);
#7227 = ORIENTED_EDGE('',*,*,#7179,.F.);
#7228 = ORIENTED_EDGE('',*,*,#7212,.F.);
#7229 = ( BOUNDED_SURFACE() B_SPLINE_SURFACE(6,9,(
    (#7230,#7231,#7232,#7233,#7234,#7235,#7236,#7237,#7238,#7239)
    ,(#7240,#7241,#7242,#7243,#7244,#7245,#7246,#7247,#7248,#7249)
    ,(#7250,#7251,#7252,#7253,#7254,#7255,#7256,#7257,#7258,#7259)
    ,(#7260,#7261,#7262,#7263,#7264,#7265,#7266,#7267,#7268,#7269)
    ,(#7270,#7271,#7272,#7273,#7274,#7275,#7276,#7277,#7278,#7279)
    ,(#7280,#7281,#7282,#7283,#7284,#7285,#7286,#7287,#7288,#7289)
    ,(#7290,#7291,#7292,#7293,#7294,#7295,#7296,#7297,#7298,#7299
)),.UNSPECIFIED.,.T.,.F.,.F.) B_SPLINE_SURFACE_WITH_KNOTS((1,6,6,1),(10,
    10),(-6.28318530718,0.,6.28318530718,12.566370614359),(0.,1.),
.UNSPECIFIED.) GEOMETRIC_REPRESENTATION_ITEM() RATIONAL_B_SPLINE_SURFACE
((
    (1.669078461068,1.669078461068,1.669078461068,1.669078461068
      ,1.669078461068,1.669078461068,1.669078461068,1.669078461068
      ,1.669078461068,1.669078461068)
    ,(1.03672962321,1.03672962321,1.03672962321,1.03672962321
      ,1.03672962321,1.03672962321,1.03672962321,1.03672962321
      ,1.03672962321,1.03672962321)
    ,(1.038346699848,1.038346699847,1.038346699848,1.038346699847
      ,1.038346699848,1.038346699847,1.038346699848,1.038346699847
      ,1.038346699848,1.038346699848)
    ,(0.853534330196,0.853534330196,0.853534330196,0.853534330196
      ,0.853534330196,0.853534330196,0.853534330196,0.853534330196
      ,0.853534330196,0.853534330196)
    ,(1.038346699848,1.038346699847,1.038346699848,1.038346699847
      ,1.038346699848,1.038346699847,1.038346699848,1.038346699847
      ,1.038346699848,1.038346699848)
    ,(1.03672962321,1.03672962321,1.03672962321,1.03672962321
      ,1.03672962321,1.03672962321,1.03672962321,1.03672962321
      ,1.03672962321,1.03672962321)
    ,(1.669078461068,1.669078461068,1.669078461068,1.669078461068
      ,1.669078461068,1.669078461068,1.669078461068,1.669078461068
,1.669078461068,1.669078461068))) REPRESENTATION_ITEM('') SURFACE() );
#7230 = CARTESIAN_POINT('',(4.209550513776,2.930009393977,14.95));
#7231 = CARTESIAN_POINT('',(3.430918329805,1.711280758197,14.95));
#7232 = CARTESIAN_POINT('',(2.514125977359,0.7929363891,14.95));
#7233 = CARTESIAN_POINT('',(1.507527406304,0.164769774065,14.95));
#7234 = CARTESIAN_POINT('',(0.458256612987,-0.182806926514,14.95));
#7235 = CARTESIAN_POINT('',(-0.578684187314,-0.258152188197,14.95));
#7236 = CARTESIAN_POINT('',(-1.561453425545,-7.530935176301E-02,14.95));
#7237 = CARTESIAN_POINT('',(-2.43118377339,0.365022049225,14.95));
#7238 = CARTESIAN_POINT('',(-3.131868011932,1.04212245104,14.95));
#7239 = CARTESIAN_POINT('',(-3.61446124299,1.938367023005,14.95));
#7240 = CARTESIAN_POINT('',(4.209550513776,2.930009393977,
    15.166000599824));
#7241 = CARTESIAN_POINT('',(3.430918329805,1.711280758197,
    15.166000599824));
#7242 = CARTESIAN_POINT('',(2.514125977359,0.7929363891,15.166000599824)
  );
#7243 = CARTESIAN_POINT('',(1.507527406304,0.164769774065,
    15.166000599824));
#7244 = CARTESIAN_POINT('',(0.458256612987,-0.182806926514,
    15.166000599824));
#7245 = CARTESIAN_POINT('',(-0.578684187314,-0.258152188197,
    15.166000599824));
#7246 = CARTESIAN_POINT('',(-1.561453425545,-7.530935176296E-02,
    15.166000599824));
#7247 = CARTESIAN_POINT('',(-2.43118377339,0.365022049225,
    15.166000599824));
#7248 = CARTESIAN_POINT('',(-3.131868011932,1.04212245104,
    15.166000599824));
#7249 = CARTESIAN_POINT('',(-3.61446124299,1.938367023005,
    15.166000599824));
#7250 = CARTESIAN_POINT('',(3.984473703924,3.073808466937,
    15.197014609822));
#7251 = CARTESIAN_POINT('',(3.230425251879,1.89355871591,15.197014609822
    ));
#7252 = CARTESIAN_POINT('',(2.348133596767,1.012903737148,
    15.197014609822));
#7253 = CARTESIAN_POINT('',(1.386888687072,0.418147883037,
    15.197014609822));
#7254 = CARTESIAN_POINT('',(0.39726697106,9.494308545343E-02,
    15.197014609822));
#7255 = CARTESIAN_POINT('',(-0.578452519044,2.764485264555E-02,
    15.197014609822));
#7256 = CARTESIAN_POINT('',(-1.484112215349,0.206603657191,
    15.197014609822));
#7257 = CARTESIAN_POINT('',(-2.281509033591,0.608098283911,
    15.197014609822));
#7258 = CARTESIAN_POINT('',(-2.929423766311,1.229519604214,
    15.197014609822));
#7259 = CARTESIAN_POINT('',(-3.379295103317,2.064994944368,
    15.197014609822));
#7260 = CARTESIAN_POINT('',(3.798832828874,3.19241235933,14.95));
#7261 = CARTESIAN_POINT('',(3.065060768296,2.04389956886,14.95));
#7262 = CARTESIAN_POINT('',(2.21122490855,1.194330384348,14.95));
#7263 = CARTESIAN_POINT('',(1.287387199478,0.627131358052,14.95));
#7264 = CARTESIAN_POINT('',(0.346963385793,0.324028237765,14.95));
#7265 = CARTESIAN_POINT('',(-0.578261441605,0.26336710579,14.95));
#7266 = CARTESIAN_POINT('',(-1.420322036576,0.43912240359,14.95));
#7267 = CARTESIAN_POINT('',(-2.15805895587,0.808584886422,14.95));
#7268 = CARTESIAN_POINT('',(-2.762449981093,1.384082713226,14.95));
#7269 = CARTESIAN_POINT('',(-3.185332660097,2.169436259948,14.95));
#7270 = CARTESIAN_POINT('',(3.984473703924,3.073808466937,
    14.702985390178));
#7271 = CARTESIAN_POINT('',(3.230425251879,1.89355871591,14.702985390178
    ));
#7272 = CARTESIAN_POINT('',(2.348133596767,1.012903737148,
    14.702985390178));
#7273 = CARTESIAN_POINT('',(1.386888687072,0.418147883037,
    14.702985390178));
#7274 = CARTESIAN_POINT('',(0.39726697106,9.494308545343E-02,
    14.702985390178));
#7275 = CARTESIAN_POINT('',(-0.578452519044,2.764485264555E-02,
    14.702985390178));
#7276 = CARTESIAN_POINT('',(-1.484112215349,0.206603657191,
    14.702985390178));
#7277 = CARTESIAN_POINT('',(-2.281509033591,0.608098283911,
    14.702985390178));
#7278 = CARTESIAN_POINT('',(-2.929423766311,1.229519604214,
    14.702985390178));
#7279 = CARTESIAN_POINT('',(-3.379295103317,2.064994944368,
    14.702985390178));
#7280 = CARTESIAN_POINT('',(4.209550513776,2.930009393977,
    14.733999400176));
#7281 = CARTESIAN_POINT('',(3.430918329805,1.711280758197,
    14.733999400176));
#7282 = CARTESIAN_POINT('',(2.514125977359,0.7929363891,14.733999400176)
  );
#7283 = CARTESIAN_POINT('',(1.507527406304,0.164769774065,
    14.733999400176));
#7284 = CARTESIAN_POINT('',(0.458256612987,-0.182806926514,
    14.733999400176));
#7285 = CARTESIAN_POINT('',(-0.578684187314,-0.258152188197,
    14.733999400176));
#7286 = CARTESIAN_POINT('',(-1.561453425545,-7.530935176302E-02,
    14.733999400176));
#7287 = CARTESIAN_POINT('',(-2.43118377339,0.365022049225,
    14.733999400176));
#7288 = CARTESIAN_POINT('',(-3.131868011932,1.04212245104,
    14.733999400176));
#7289 = CARTESIAN_POINT('',(-3.61446124299,1.938367023005,
    14.733999400176));
#7290 = CARTESIAN_POINT('',(4.209550513776,2.930009393977,14.95));
#7291 = CARTESIAN_POINT('',(3.430918329805,1.711280758197,14.95));
#7292 = CARTESIAN_POINT('',(2.514125977359,0.7929363891,14.95));
#7293 = CARTESIAN_POINT('',(1.507527406304,0.164769774065,14.95));
#7294 = CARTESIAN_POINT('',(0.458256612987,-0.182806926514,14.95));
#7295 = CARTESIAN_POINT('',(-0.578684187314,-0.258152188197,14.95));
#7296 = CARTESIAN_POINT('',(-1.561453425545,-7.530935176301E-02,14.95));
#7297 = CARTESIAN_POINT('',(-2.43118377339,0.365022049225,14.95));
#7298 = CARTESIAN_POINT('',(-3.131868011932,1.04212245104,14.95));
#7299 = CARTESIAN_POINT('',(-3.61446124299,1.938367023005,14.95));
#7300 = MANIFOLD_SOLID_BREP('',#7301);
#7301 = CLOSED_SHELL('',(#7302,#7335,#7344));
#7302 = ADVANCED_FACE('',(#7303),#7330,.T.);
#7303 = FACE_BOUND('',#7304,.T.);
#7304 = EDGE_LOOP('',(#7305,#7314,#7322,#7329));
#7305 = ORIENTED_EDGE('',*,*,#7306,.F.);
#7306 = EDGE_CURVE('',#7307,#7307,#7309,.T.);
#7307 = VERTEX_POINT('',#7308);
#7308 = CARTESIAN_POINT('',(6.892386222005,-5.904531260915,5.));
#7309 = CIRCLE('',#7310,0.1);
#7310 = AXIS2_PLACEMENT_3D('',#7311,#7312,#7313);
#7311 = CARTESIAN_POINT('',(6.792386222005,-5.904531260915,5.));
#7312 = DIRECTION('',(0.,0.,1.));
#7313 = DIRECTION('',(1.,0.,0.));
#7314 = ORIENTED_EDGE('',*,*,#7315,.F.);
#7315 = EDGE_CURVE('',#7316,#7307,#7318,.T.);
#7316 = VERTEX_POINT('',#7317);
#7317 = CARTESIAN_POINT('',(6.892386222005,-5.904531260915,2.8));
#7318 = LINE('',#7319,#7320);
#7319 = CARTESIAN_POINT('',(6.892386222005,-5.904531260915,2.8));
#7320 = VECTOR('',#7321,1.);
#7321 = DIRECTION('',(0.,0.,1.));
#7322 = ORIENTED_EDGE('',*,*,#7323,.T.);
#7323 = EDGE_CURVE('',#7316,#7316,#7324,.T.);
#7324 = CIRCLE('',#7325,0.1);
#7325 = AXIS2_PLACEMENT_3D('',#7326,#7327,#7328);
#7326 = CARTESIAN_POINT('',(6.792386222005,-5.904531260915,2.8));
#7327 = DIRECTION('',(0.,0.,1.));
#7328 = DIRECTION('',(1.,0.,0.));
#7329 = ORIENTED_EDGE('',*,*,#7315,.T.);
#7330 = CYLINDRICAL_SURFACE('',#7331,0.1);
#7331 = AXIS2_PLACEMENT_3D('',#7332,#7333,#7334);
#7332 = CARTESIAN_POINT('',(6.792386222005,-5.904531260915,2.8));
#7333 = DIRECTION('',(0.,0.,1.));
#7334 = DIRECTION('',(1.,0.,0.));
#7335 = ADVANCED_FACE('',(#7336),#7339,.T.);
#7336 = FACE_BOUND('',#7337,.T.);
#7337 = EDGE_LOOP('',(#7338));
#7338 = ORIENTED_EDGE('',*,*,#7306,.T.);
#7339 = PLANE('',#7340);
#7340 = AXIS2_PLACEMENT_3D('',#7341,#7342,#7343);
#7341 = CARTESIAN_POINT('',(6.792386222005,-5.904531260915,5.));
#7342 = DIRECTION('',(0.,0.,1.));
#7343 = DIRECTION('',(1.,0.,0.));
#7344 = ADVANCED_FACE('',(#7345),#7348,.F.);
#7345 = FACE_BOUND('',#7346,.T.);
#7346 = EDGE_LOOP('',(#7347));
#7347 = ORIENTED_EDGE('',*,*,#7323,.F.);
#7348 = PLANE('',#7349);
#7349 = AXIS2_PLACEMENT_3D('',#7350,#7351,#7352);
#7350 = CARTESIAN_POINT('',(6.792386222005,-5.904531260915,2.8));
#7351 = DIRECTION('',(0.,0.,1.));
#7352 = DIRECTION('',(1.,0.,0.));
#7353 = MANIFOLD_SOLID_BREP('',#7354);
#7354 = CLOSED_SHELL('',(#7355,#7388,#7397));
#7355 = ADVANCED_FACE('',(#7356),#7383,.T.);
#7356 = FACE_BOUND('',#7357,.T.);
#7357 = EDGE_LOOP('',(#7358,#7367,#7375,#7382));
#7358 = ORIENTED_EDGE('',*,*,#7359,.F.);
#7359 = EDGE_CURVE('',#7360,#7360,#7362,.T.);
#7360 = VERTEX_POINT('',#7361);
#7361 = CARTESIAN_POINT('',(6.792386222005,10.,5.1));
#7362 = CIRCLE('',#7363,0.1);
#7363 = AXIS2_PLACEMENT_3D('',#7364,#7365,#7366);
#7364 = CARTESIAN_POINT('',(6.792386222005,10.,5.));
#7365 = DIRECTION('',(0.,1.,0.));
#7366 = DIRECTION('',(0.,0.,1.));
#7367 = ORIENTED_EDGE('',*,*,#7368,.F.);
#7368 = EDGE_CURVE('',#7369,#7360,#7371,.T.);
#7369 = VERTEX_POINT('',#7370);
#7370 = CARTESIAN_POINT('',(6.792386222005,-5.904531260915,5.1));
#7371 = LINE('',#7372,#7373);
#7372 = CARTESIAN_POINT('',(6.792386222005,-5.904531260915,5.1));
#7373 = VECTOR('',#7374,1.);
#7374 = DIRECTION('',(0.,1.,0.));
#7375 = ORIENTED_EDGE('',*,*,#7376,.T.);
#7376 = EDGE_CURVE('',#7369,#7369,#7377,.T.);
#7377 = CIRCLE('',#7378,0.1);
#7378 = AXIS2_PLACEMENT_3D('',#7379,#7380,#7381);
#7379 = CARTESIAN_POINT('',(6.792386222005,-5.904531260915,5.));
#7380 = DIRECTION('',(0.,1.,0.));
#7381 = DIRECTION('',(0.,0.,1.));
#7382 = ORIENTED_EDGE('',*,*,#7368,.T.);
#7383 = CYLINDRICAL_SURFACE('',#7384,0.1);
#7384 = AXIS2_PLACEMENT_3D('',#7385,#7386,#7387);
#7385 = CARTESIAN_POINT('',(6.792386222005,-5.904531260915,5.));
#7386 = DIRECTION('',(0.,1.,0.));
#7387 = DIRECTION('',(0.,0.,1.));
#7388 = ADVANCED_FACE('',(#7389),#7392,.T.);
#7389 = FACE_BOUND('',#7390,.T.);
#7390 = EDGE_LOOP('',(#7391));
#7391 = ORIENTED_EDGE('',*,*,#7359,.T.);
#7392 = PLANE('',#7393);
#7393 = AXIS2_PLACEMENT_3D('',#7394,#7395,#7396);
#7394 = CARTESIAN_POINT('',(6.792386222005,10.,5.));
#7395 = DIRECTION('',(0.,1.,0.));
#7396 = DIRECTION('',(0.,0.,1.));
#7397 = ADVANCED_FACE('',(#7398),#7401,.F.);
#7398 = FACE_BOUND('',#7399,.T.);
#7399 = EDGE_LOOP('',(#7400));
#7400 = ORIENTED_EDGE('',*,*,#7376,.F.);
#7401 = PLANE('',#7402);
#7402 = AXIS2_PLACEMENT_3D('',#7403,#7404,#7405);
#7403 = CARTESIAN_POINT('',(6.792386222005,-5.904531260915,5.));
#7404 = DIRECTION('',(0.,1.,0.));
#7405 = DIRECTION('',(0.,0.,1.));
#7406 = MANIFOLD_SOLID_BREP('',#7407);
#7407 = CLOSED_SHELL('',(#7408,#7441,#7450));
#7408 = ADVANCED_FACE('',(#7409),#7436,.T.);
#7409 = FACE_BOUND('',#7410,.T.);
#7410 = EDGE_LOOP('',(#7411,#7420,#7428,#7435));
#7411 = ORIENTED_EDGE('',*,*,#7412,.F.);
#7412 = EDGE_CURVE('',#7413,#7413,#7415,.T.);
#7413 = VERTEX_POINT('',#7414);
#7414 = CARTESIAN_POINT('',(4.1,10.,4.9));
#7415 = CIRCLE('',#7416,0.1);
#7416 = AXIS2_PLACEMENT_3D('',#7417,#7418,#7419);
#7417 = CARTESIAN_POINT('',(4.1,10.,5.));
#7418 = DIRECTION('',(-1.,0.,0.));
#7419 = DIRECTION('',(0.,0.,-1.));
#7420 = ORIENTED_EDGE('',*,*,#7421,.F.);
#7421 = EDGE_CURVE('',#7422,#7413,#7424,.T.);
#7422 = VERTEX_POINT('',#7423);
#7423 = CARTESIAN_POINT('',(6.792386222005,10.,4.9));
#7424 = LINE('',#7425,#7426);
#7425 = CARTESIAN_POINT('',(6.792386222005,10.,4.9));
#7426 = VECTOR('',#7427,1.);
#7427 = DIRECTION('',(-1.,0.,0.));
#7428 = ORIENTED_EDGE('',*,*,#7429,.T.);
#7429 = EDGE_CURVE('',#7422,#7422,#7430,.T.);
#7430 = CIRCLE('',#7431,0.1);
#7431 = AXIS2_PLACEMENT_3D('',#7432,#7433,#7434);
#7432 = CARTESIAN_POINT('',(6.792386222005,10.,5.));
#7433 = DIRECTION('',(-1.,0.,0.));
#7434 = DIRECTION('',(0.,0.,-1.));
#7435 = ORIENTED_EDGE('',*,*,#7421,.T.);
#7436 = CYLINDRICAL_SURFACE('',#7437,0.1);
#7437 = AXIS2_PLACEMENT_3D('',#7438,#7439,#7440);
#7438 = CARTESIAN_POINT('',(6.792386222005,10.,5.));
#7439 = DIRECTION('',(-1.,0.,0.));
#7440 = DIRECTION('',(0.,0.,-1.));
#7441 = ADVANCED_FACE('',(#7442),#7445,.T.);
#7442 = FACE_BOUND('',#7443,.T.);
#7443 = EDGE_LOOP('',(#7444));
#7444 = ORIENTED_EDGE('',*,*,#7412,.T.);
#7445 = PLANE('',#7446);
#7446 = AXIS2_PLACEMENT_3D('',#7447,#7448,#7449);
#7447 = CARTESIAN_POINT('',(4.1,10.,5.));
#7448 = DIRECTION('',(-1.,0.,0.));
#7449 = DIRECTION('',(0.,0.,-1.));
#7450 = ADVANCED_FACE('',(#7451),#7454,.F.);
#7451 = FACE_BOUND('',#7452,.T.);
#7452 = EDGE_LOOP('',(#7453));
#7453 = ORIENTED_EDGE('',*,*,#7429,.F.);
#7454 = PLANE('',#7455);
#7455 = AXIS2_PLACEMENT_3D('',#7456,#7457,#7458);
#7456 = CARTESIAN_POINT('',(6.792386222005,10.,5.));
#7457 = DIRECTION('',(-1.,0.,0.));
#7458 = DIRECTION('',(0.,0.,-1.));
#7459 = MANIFOLD_SOLID_BREP('',#7460);
#7460 = CLOSED_SHELL('',(#7461,#7494,#7503));
#7461 = ADVANCED_FACE('',(#7462),#7489,.T.);
#7462 = FACE_BOUND('',#7463,.T.);
#7463 = EDGE_LOOP('',(#7464,#7473,#7481,#7488));
#7464 = ORIENTED_EDGE('',*,*,#7465,.F.);
#7465 = EDGE_CURVE('',#7466,#7466,#7468,.T.);
#7466 = VERTEX_POINT('',#7467);
#7467 = CARTESIAN_POINT('',(4.2,10.,14.95));
#7468 = CIRCLE('',#7469,0.1);
#7469 = AXIS2_PLACEMENT_3D('',#7470,#7471,#7472);
#7470 = CARTESIAN_POINT('',(4.1,10.,14.95));
#7471 = DIRECTION('',(0.,0.,1.));
#7472 = DIRECTION('',(1.,0.,0.));
#7473 = ORIENTED_EDGE('',*,*,#7474,.F.);
#7474 = EDGE_CURVE('',#7475,#7466,#7477,.T.);
#7475 = VERTEX_POINT('',#7476);
#7476 = CARTESIAN_POINT('',(4.2,10.,5.));
#7477 = LINE('',#7478,#7479);
#7478 = CARTESIAN_POINT('',(4.2,10.,5.));
#7479 = VECTOR('',#7480,1.);
#7480 = DIRECTION('',(0.,0.,1.));
#7481 = ORIENTED_EDGE('',*,*,#7482,.T.);
#7482 = EDGE_CURVE('',#7475,#7475,#7483,.T.);
#7483 = CIRCLE('',#7484,0.1);
#7484 = AXIS2_PLACEMENT_3D('',#7485,#7486,#7487);
#7485 = CARTESIAN_POINT('',(4.1,10.,5.));
#7486 = DIRECTION('',(0.,0.,1.));
#7487 = DIRECTION('',(1.,0.,0.));
#7488 = ORIENTED_EDGE('',*,*,#7474,.T.);
#7489 = CYLINDRICAL_SURFACE('',#7490,0.1);
#7490 = AXIS2_PLACEMENT_3D('',#7491,#7492,#7493);
#7491 = CARTESIAN_POINT('',(4.1,10.,5.));
#7492 = DIRECTION('',(0.,0.,1.));
#7493 = DIRECTION('',(1.,0.,0.));
#7494 = ADVANCED_FACE('',(#7495),#7498,.T.);
#7495 = FACE_BOUND('',#7496,.T.);
#7496 = EDGE_LOOP('',(#7497));
#7497 = ORIENTED_EDGE('',*,*,#7465,.T.);
#7498 = PLANE('',#7499);
#7499 = AXIS2_PLACEMENT_3D('',#7500,#7501,#7502);
#7500 = CARTESIAN_POINT('',(4.1,10.,14.95));
#7501 = DIRECTION('',(0.,0.,1.));
#7502 = DIRECTION('',(1.,0.,0.));
#7503 = ADVANCED_FACE('',(#7504),#7507,.F.);
#7504 = FACE_BOUND('',#7505,.T.);
#7505 = EDGE_LOOP('',(#7506));
#7506 = ORIENTED_EDGE('',*,*,#7482,.F.);
#7507 = PLANE('',#7508);
#7508 = AXIS2_PLACEMENT_3D('',#7509,#7510,#7511);
#7509 = CARTESIAN_POINT('',(4.1,10.,5.));
#7510 = DIRECTION('',(0.,0.,1.));
#7511 = DIRECTION('',(1.,0.,0.));
#7512 = MANIFOLD_SOLID_BREP('',#7513);
#7513 = CLOSED_SHELL('',(#7514,#7547,#7556));
#7514 = ADVANCED_FACE('',(#7515),#7542,.T.);
#7515 = FACE_BOUND('',#7516,.T.);
#7516 = EDGE_LOOP('',(#7517,#7526,#7534,#7541));
#7517 = ORIENTED_EDGE('',*,*,#7518,.F.);
#7518 = EDGE_CURVE('',#7519,#7519,#7521,.T.);
#7519 = VERTEX_POINT('',#7520);
#7520 = CARTESIAN_POINT('',(4.1,3.,14.85));
#7521 = CIRCLE('',#7522,0.1);
#7522 = AXIS2_PLACEMENT_3D('',#7523,#7524,#7525);
#7523 = CARTESIAN_POINT('',(4.1,3.,14.95));
#7524 = DIRECTION('',(0.,-1.,0.));
#7525 = DIRECTION('',(0.,0.,-1.));
#7526 = ORIENTED_EDGE('',*,*,#7527,.F.);
#7527 = EDGE_CURVE('',#7528,#7519,#7530,.T.);
#7528 = VERTEX_POINT('',#7529);
#7529 = CARTESIAN_POINT('',(4.1,10.,14.85));
#7530 = LINE('',#7531,#7532);
#7531 = CARTESIAN_POINT('',(4.1,10.,14.85));
#7532 = VECTOR('',#7533,1.);
#7533 = DIRECTION('',(0.,-1.,0.));
#7534 = ORIENTED_EDGE('',*,*,#7535,.T.);
#7535 = EDGE_CURVE('',#7528,#7528,#7536,.T.);
#7536 = CIRCLE('',#7537,0.1);
#7537 = AXIS2_PLACEMENT_3D('',#7538,#7539,#7540);
#7538 = CARTESIAN_POINT('',(4.1,10.,14.95));
#7539 = DIRECTION('',(0.,-1.,0.));
#7540 = DIRECTION('',(0.,0.,-1.));
#7541 = ORIENTED_EDGE('',*,*,#7527,.T.);
#7542 = CYLINDRICAL_SURFACE('',#7543,0.1);
#7543 = AXIS2_PLACEMENT_3D('',#7544,#7545,#7546);
#7544 = CARTESIAN_POINT('',(4.1,10.,14.95));
#7545 = DIRECTION('',(0.,-1.,0.));
#7546 = DIRECTION('',(0.,0.,-1.));
#7547 = ADVANCED_FACE('',(#7548),#7551,.T.);
#7548 = FACE_BOUND('',#7549,.T.);
#7549 = EDGE_LOOP('',(#7550));
#7550 = ORIENTED_EDGE('',*,*,#7518,.T.);
#7551 = PLANE('',#7552);
#7552 = AXIS2_PLACEMENT_3D('',#7553,#7554,#7555);
#7553 = CARTESIAN_POINT('',(4.1,3.,14.95));
#7554 = DIRECTION('',(0.,-1.,0.));
#7555 = DIRECTION('',(0.,0.,-1.));
#7556 = ADVANCED_FACE('',(#7557),#7560,.F.);
#7557 = FACE_BOUND('',#7558,.T.);
#7558 = EDGE_LOOP('',(#7559));
#7559 = ORIENTED_EDGE('',*,*,#7535,.F.);
#7560 = PLANE('',#7561);
#7561 = AXIS2_PLACEMENT_3D('',#7562,#7563,#7564);
#7562 = CARTESIAN_POINT('',(4.1,10.,14.95));
#7563 = DIRECTION('',(0.,-1.,0.));
#7564 = DIRECTION('',(0.,0.,-1.));
#7565 = MANIFOLD_SOLID_BREP('',#7566);
#7566 = CLOSED_SHELL('',(#7567,#7611,#7751,#7999,#8010,#8148,#8158,#8302
    ,#8312));
#7567 = ADVANCED_FACE('',(#7568),#7606,.T.);
#7568 = FACE_BOUND('',#7569,.T.);
#7569 = EDGE_LOOP('',(#7570,#7584,#7596));
#7570 = ORIENTED_EDGE('',*,*,#7571,.F.);
#7571 = EDGE_CURVE('',#7572,#7574,#7576,.T.);
#7572 = VERTEX_POINT('',#7573);
#7573 = CARTESIAN_POINT('',(-3.8,6.9,16.73));
#7574 = VERTEX_POINT('',#7575);
#7575 = CARTESIAN_POINT('',(-3.705963779261,6.810238152931,16.6));
#7576 = ( BOUNDED_CURVE() B_SPLINE_CURVE(6,(#7577,#7578,#7579,#7580,
#7581,#7582,#7583),.UNSPECIFIED.,.T.,.F.) B_SPLINE_CURVE_WITH_KNOTS((1,6
    ,6,1),(-6.28318530718,0.,6.28318530718,12.566370614359),
.UNSPECIFIED.) CURVE() GEOMETRIC_REPRESENTATION_ITEM() 
RATIONAL_B_SPLINE_CURVE((1.669078461068,1.03672962321,1.038346699848,
    0.853534330196,1.038346699848,1.03672962321,1.669078461068)) 
REPRESENTATION_ITEM('') );
#7577 = CARTESIAN_POINT('',(-3.705963779261,6.810238152931,16.6));
#7578 = CARTESIAN_POINT('',(-3.705963779261,6.810238152931,
    16.383999400176));
#7579 = CARTESIAN_POINT('',(-3.899165726426,6.994658193407,
    16.352985390178));
#7580 = CARTESIAN_POINT('',(-4.05851656562,7.146765812638,16.6));
#7581 = CARTESIAN_POINT('',(-3.899165726426,6.994658193407,
    16.847014609822));
#7582 = CARTESIAN_POINT('',(-3.705963779261,6.810238152931,
    16.816000599824));
#7583 = CARTESIAN_POINT('',(-3.705963779261,6.810238152931,16.6));
#7584 = ORIENTED_EDGE('',*,*,#7585,.F.);
#7585 = EDGE_CURVE('',#7586,#7572,#7588,.T.);
#7586 = VERTEX_POINT('',#7587);
#7587 = CARTESIAN_POINT('',(-3.8,6.9,16.47));
#7588 = ( BOUNDED_CURVE() B_SPLINE_CURVE(6,(#7589,#7590,#7591,#7592,
#7593,#7594,#7595),.UNSPECIFIED.,.T.,.F.) B_SPLINE_CURVE_WITH_KNOTS((1,6
    ,6,1),(-6.28318530718,0.,6.28318530718,12.566370614359),
.UNSPECIFIED.) CURVE() GEOMETRIC_REPRESENTATION_ITEM() 
RATIONAL_B_SPLINE_CURVE((1.669078461068,1.03672962321,1.038346699848,
    0.853534330196,1.038346699848,1.03672962321,1.669078461068)) 
REPRESENTATION_ITEM('') );
#7589 = CARTESIAN_POINT('',(-3.705963779261,6.810238152931,16.6));
#7590 = CARTESIAN_POINT('',(-3.705963779261,6.810238152931,
    16.383999400176));
#7591 = CARTESIAN_POINT('',(-3.899165726426,6.994658193407,
    16.352985390178));
#7592 = CARTESIAN_POINT('',(-4.05851656562,7.146765812638,16.6));
#7593 = CARTESIAN_POINT('',(-3.899165726426,6.994658193407,
    16.847014609822));
#7594 = CARTESIAN_POINT('',(-3.705963779261,6.810238152931,
    16.816000599824));
#7595 = CARTESIAN_POINT('',(-3.705963779261,6.810238152931,16.6));
#7596 = ORIENTED_EDGE('',*,*,#7597,.F.);
#7597 = EDGE_CURVE('',#7574,#7586,#7598,.T.);
#7598 = ( BOUNDED_CURVE() B_SPLINE_CURVE(6,(#7599,#7600,#7601,#7602,
#7603,#7604,#7605),.UNSPECIFIED.,.T.,.F.) B_SPLINE_CURVE_WITH_KNOTS((1,6
    ,6,1),(-6.28318530718,0.,6.28318530718,12.566370614359),
.UNSPECIFIED.) CURVE() GEOMETRIC_REPRESENTATION_ITEM() 
RATIONAL_B_SPLINE_CURVE((1.669078461068,1.03672962321,1.038346699848,
    0.853534330196,1.038346699848,1.03672962321,1.669078461068)) 
REPRESENTATION_ITEM('') );
#7599 = CARTESIAN_POINT('',(-3.705963779261,6.810238152931,16.6));
#7600 = CARTESIAN_POINT('',(-3.705963779261,6.810238152931,
    16.383999400176));
#7601 = CARTESIAN_POINT('',(-3.899165726426,6.994658193407,
    16.352985390178));
#7602 = CARTESIAN_POINT('',(-4.05851656562,7.146765812638,16.6));
#7603 = CARTESIAN_POINT('',(-3.899165726426,6.994658193407,
    16.847014609822));
#7604 = CARTESIAN_POINT('',(-3.705963779261,6.810238152931,
    16.816000599824));
#7605 = CARTESIAN_POINT('',(-3.705963779261,6.810238152931,16.6));
#7606 = SPHERICAL_SURFACE('',#7607,0.13);
#7607 = AXIS2_PLACEMENT_3D('',#7608,#7609,#7610);
#7608 = CARTESIAN_POINT('',(-3.8,6.9,16.6));
#7609 = DIRECTION('',(0.,0.,1.));
#7610 = DIRECTION('',(1.,0.,0.));
#7611 = ADVANCED_FACE('',(#7612),#7680,.T.);
#7612 = FACE_BOUND('',#7613,.T.);
#7613 = EDGE_LOOP('',(#7614,#7615,#7616,#7617,#7632,#7647,#7659,#7679));
#7614 = ORIENTED_EDGE('',*,*,#7597,.T.);
#7615 = ORIENTED_EDGE('',*,*,#7585,.T.);
#7616 = ORIENTED_EDGE('',*,*,#7571,.T.);
#7617 = ORIENTED_EDGE('',*,*,#7618,.T.);
#7618 = EDGE_CURVE('',#7574,#7619,#7621,.T.);
#7619 = VERTEX_POINT('',#7620);
#7620 = CARTESIAN_POINT('',(3.587536361486,6.63445420039,16.6));
#7621 = ( BOUNDED_CURVE() B_SPLINE_CURVE(9,(#7622,#7623,#7624,#7625,
    #7626,#7627,#7628,#7629,#7630,#7631),.UNSPECIFIED.,.F.,.F.) 
B_SPLINE_CURVE_WITH_KNOTS((10,10),(0.,1.),.PIECEWISE_BEZIER_KNOTS.) 
CURVE() GEOMETRIC_REPRESENTATION_ITEM() RATIONAL_B_SPLINE_CURVE((
    1.669078461068,1.669078461068,1.669078461068,1.669078461068,
    1.669078461068,1.669078461068,1.669078461068,1.669078461068,
1.669078461068,1.669078461068)) REPRESENTATION_ITEM('') );
#7622 = CARTESIAN_POINT('',(-3.705963779261,6.810238152931,16.6));
#7623 = CARTESIAN_POINT('',(-3.024918893633,7.523713747399,16.6));
#7624 = CARTESIAN_POINT('',(-2.197355756059,8.051320450216,16.6));
#7625 = CARTESIAN_POINT('',(-1.270351807036,8.395495714814,16.6));
#7626 = CARTESIAN_POINT('',(-0.291068918699,8.553594701903,16.6));
#7627 = CARTESIAN_POINT('',(0.685649994095,8.528981514222,16.6));
#7628 = CARTESIAN_POINT('',(1.614489161514,8.317793652494,16.6));
#7629 = CARTESIAN_POINT('',(2.43560766733,7.928847268265,16.6));
#7630 = CARTESIAN_POINT('',(3.109570706029,7.367346393647,16.6));
#7631 = CARTESIAN_POINT('',(3.591110622411,6.628985188529,16.6));
#7632 = ORIENTED_EDGE('',*,*,#7633,.T.);
#7633 = EDGE_CURVE('',#7619,#7634,#7636,.T.);
#7634 = VERTEX_POINT('',#7635);
#7635 = CARTESIAN_POINT('',(3.7,6.7,16.73));
#7636 = B_SPLINE_CURVE_WITH_KNOTS('',5,(#7637,#7638,#7639,#7640,#7641,
    #7642,#7643,#7644,#7645,#7646),.UNSPECIFIED.,.F.,.F.,(6,4,6),(0.,
    0.456660596074,1.),.UNSPECIFIED.);
#7637 = CARTESIAN_POINT('',(3.587536361486,6.63445420039,16.6));
#7638 = CARTESIAN_POINT('',(3.587536524773,6.634454295897,16.61850976683
    ));
#7639 = CARTESIAN_POINT('',(3.590385614698,6.636115054562,
    16.637093477833));
#7640 = CARTESIAN_POINT('',(3.596133568661,6.639465595153,
    16.654936770498));
#7641 = CARTESIAN_POINT('',(3.604533993879,6.644362126303,
    16.671208968643));
#7642 = CARTESIAN_POINT('',(3.627732636997,6.657883763179,
    16.702052809118));
#7643 = CARTESIAN_POINT('',(3.643443838872,6.667040924603,
    16.715717045919));
#7644 = CARTESIAN_POINT('',(3.661496400603,6.677562123079,
    16.725231948361));
#7645 = CARTESIAN_POINT('',(3.680722559913,6.688766468053,
    16.729989758343));
#7646 = CARTESIAN_POINT('',(3.699950033313,6.699970883047,
    16.729999987169));
#7647 = ORIENTED_EDGE('',*,*,#7648,.F.);
#7648 = EDGE_CURVE('',#7649,#7634,#7651,.T.);
#7649 = VERTEX_POINT('',#7650);
#7650 = CARTESIAN_POINT('',(3.7,6.7,16.47));
#7651 = ( BOUNDED_CURVE() B_SPLINE_CURVE(6,(#7652,#7653,#7654,#7655,
#7656,#7657,#7658),.UNSPECIFIED.,.T.,.F.) B_SPLINE_CURVE_WITH_KNOTS((1,6
    ,6,1),(-6.28318530718,0.,6.28318530718,12.566370614359),
.UNSPECIFIED.) CURVE() GEOMETRIC_REPRESENTATION_ITEM() 
RATIONAL_B_SPLINE_CURVE((1.669078461068,1.03672962321,1.038346699848,
    0.853534330196,1.038346699848,1.03672962321,1.669078461068)) 
REPRESENTATION_ITEM('') );
#7652 = CARTESIAN_POINT('',(3.591110622411,6.628985188529,16.6));
#7653 = CARTESIAN_POINT('',(3.591110622411,6.628985188529,
    16.383999400176));
#7654 = CARTESIAN_POINT('',(3.814829096106,6.774888540939,
    16.352985390178));
#7655 = CARTESIAN_POINT('',(3.999349630448,6.895228019857,16.6));
#7656 = CARTESIAN_POINT('',(3.814829096106,6.774888540939,
    16.847014609822));
#7657 = CARTESIAN_POINT('',(3.591110622411,6.628985188529,
    16.816000599824));
#7658 = CARTESIAN_POINT('',(3.591110622411,6.628985188529,16.6));
#7659 = ORIENTED_EDGE('',*,*,#7660,.T.);
#7660 = EDGE_CURVE('',#7649,#7619,#7661,.T.);
#7661 = B_SPLINE_CURVE_WITH_KNOTS('',6,(#7662,#7663,#7664,#7665,#7666,
    #7667,#7668,#7669,#7670,#7671,#7672,#7673,#7674,#7675,#7676,#7677,
    #7678),.UNSPECIFIED.,.F.,.F.,(7,5,5,7),(0.,6.710077850141E-02,
    0.543426875795,1.),.UNSPECIFIED.);
#7662 = CARTESIAN_POINT('',(3.699999983271,6.69999998909,16.47));
#7663 = CARTESIAN_POINT('',(3.698020745345,6.698846633494,
    16.469999999851));
#7664 = CARTESIAN_POINT('',(3.696041254267,6.697693110761,
    16.470048321273));
#7665 = CARTESIAN_POINT('',(3.69406322011,6.696540447418,16.470144964265
    ));
#7666 = CARTESIAN_POINT('',(3.692087063831,6.695388854865,16.47028988394
    ));
#7667 = CARTESIAN_POINT('',(3.690114413388,6.694239308013,
    16.470482990537));
#7668 = CARTESIAN_POINT('',(3.674173686715,6.684949889729,
    16.472436207314));
#7669 = CARTESIAN_POINT('',(3.660423102774,6.676936413886,
    16.476569005592));
#7670 = CARTESIAN_POINT('',(3.647287406529,6.669280913247,
    16.483076807193));
#7671 = CARTESIAN_POINT('',(3.635148838497,6.662206229372,
    16.491794281103));
#7672 = CARTESIAN_POINT('',(3.624344622572,6.65590901426,16.50245317936)
  );
#7673 = CARTESIAN_POINT('',(3.606303116009,6.645393282707,
    16.526437210064));
#7674 = CARTESIAN_POINT('',(3.598935866305,6.641099028882,
    16.539633713523));
#7675 = CARTESIAN_POINT('',(3.59326068127,6.63779095999,16.553980568775)
  );
#7676 = CARTESIAN_POINT('',(3.58943627874,6.635561678586,16.569098153005
    ));
#7677 = CARTESIAN_POINT('',(3.587536497642,6.634454280028,
    16.584573729323));
#7678 = CARTESIAN_POINT('',(3.587536361486,6.63445420039,16.6));
#7679 = ORIENTED_EDGE('',*,*,#7618,.F.);
#7680 = ( BOUNDED_SURFACE() B_SPLINE_SURFACE(6,9,(
    (#7681,#7682,#7683,#7684,#7685,#7686,#7687,#7688,#7689,#7690)
    ,(#7691,#7692,#7693,#7694,#7695,#7696,#7697,#7698,#7699,#7700)
    ,(#7701,#7702,#7703,#7704,#7705,#7706,#7707,#7708,#7709,#7710)
    ,(#7711,#7712,#7713,#7714,#7715,#7716,#7717,#7718,#7719,#7720)
    ,(#7721,#7722,#7723,#7724,#7725,#7726,#7727,#7728,#7729,#7730)
    ,(#7731,#7732,#7733,#7734,#7735,#7736,#7737,#7738,#7739,#7740)
    ,(#7741,#7742,#7743,#7744,#7745,#7746,#7747,#7748,#7749,#7750
)),.UNSPECIFIED.,.T.,.F.,.F.) B_SPLINE_SURFACE_WITH_KNOTS((1,6,6,1),(10,
    10),(-6.28318530718,0.,6.28318530718,12.566370614359),(0.,1.),
.UNSPECIFIED.) GEOMETRIC_REPRESENTATION_ITEM() RATIONAL_B_SPLINE_SURFACE
((
    (1.669078461068,1.669078461068,1.669078461068,1.669078461068
      ,1.669078461068,1.669078461068,1.669078461068,1.669078461068
      ,1.669078461068,1.669078461068)
    ,(1.03672962321,1.03672962321,1.03672962321,1.03672962321
      ,1.03672962321,1.03672962321,1.03672962321,1.03672962321
      ,1.03672962321,1.03672962321)
    ,(1.038346699848,1.038346699847,1.038346699848,1.038346699847
      ,1.038346699848,1.038346699847,1.038346699848,1.038346699847
      ,1.038346699848,1.038346699848)
    ,(0.853534330196,0.853534330196,0.853534330196,0.853534330196
      ,0.853534330196,0.853534330196,0.853534330196,0.853534330196
      ,0.853534330196,0.853534330196)
    ,(1.038346699848,1.038346699847,1.038346699848,1.038346699847
      ,1.038346699848,1.038346699847,1.038346699848,1.038346699847
      ,1.038346699848,1.038346699848)
    ,(1.03672962321,1.03672962321,1.03672962321,1.03672962321
      ,1.03672962321,1.03672962321,1.03672962321,1.03672962321
      ,1.03672962321,1.03672962321)
    ,(1.669078461068,1.669078461068,1.669078461068,1.669078461068
      ,1.669078461068,1.669078461068,1.669078461068,1.669078461068
,1.669078461068,1.669078461068))) REPRESENTATION_ITEM('') SURFACE() );
#7681 = CARTESIAN_POINT('',(-3.705963779261,6.810238152931,16.6));
#7682 = CARTESIAN_POINT('',(-3.024918893633,7.523713747399,16.6));
#7683 = CARTESIAN_POINT('',(-2.197355756059,8.051320450216,16.6));
#7684 = CARTESIAN_POINT('',(-1.270351807036,8.395495714814,16.6));
#7685 = CARTESIAN_POINT('',(-0.291068918699,8.553594701903,16.6));
#7686 = CARTESIAN_POINT('',(0.685649994095,8.528981514222,16.6));
#7687 = CARTESIAN_POINT('',(1.614489161514,8.317793652494,16.6));
#7688 = CARTESIAN_POINT('',(2.43560766733,7.928847268265,16.6));
#7689 = CARTESIAN_POINT('',(3.109570706029,7.367346393647,16.6));
#7690 = CARTESIAN_POINT('',(3.591110622411,6.628985188529,16.6));
#7691 = CARTESIAN_POINT('',(-3.705963779261,6.810238152931,
    16.383999400176));
#7692 = CARTESIAN_POINT('',(-3.024918893633,7.523713747399,
    16.383999400176));
#7693 = CARTESIAN_POINT('',(-2.197355756059,8.051320450216,
    16.383999400176));
#7694 = CARTESIAN_POINT('',(-1.270351807037,8.395495714814,
    16.383999400176));
#7695 = CARTESIAN_POINT('',(-0.291068918699,8.553594701903,
    16.383999400176));
#7696 = CARTESIAN_POINT('',(0.685649994095,8.528981514222,
    16.383999400176));
#7697 = CARTESIAN_POINT('',(1.614489161514,8.317793652494,
    16.383999400176));
#7698 = CARTESIAN_POINT('',(2.43560766733,7.928847268265,16.383999400176
    ));
#7699 = CARTESIAN_POINT('',(3.109570706029,7.367346393647,
    16.383999400176));
#7700 = CARTESIAN_POINT('',(3.591110622411,6.628985188529,
    16.383999400176));
#7701 = CARTESIAN_POINT('',(-3.899165726426,6.994658193407,
    16.352985390178));
#7702 = CARTESIAN_POINT('',(-3.179176644863,7.748932469329,
    16.352985390178));
#7703 = CARTESIAN_POINT('',(-2.30551589219,8.305426045433,
    16.352985390178));
#7704 = CARTESIAN_POINT('',(-1.331265448243,8.664014400314,
    16.352985390178));
#7705 = CARTESIAN_POINT('',(-0.309418255626,8.829932535164,
    16.352985390178));
#7706 = CARTESIAN_POINT('',(0.715132772761,8.80207873223,16.352985390178
    ));
#7707 = CARTESIAN_POINT('',(1.68744789047,8.586972073838,16.352985390178
    ));
#7708 = CARTESIAN_POINT('',(2.567904817902,8.177761394031,
    16.352985390178));
#7709 = CARTESIAN_POINT('',(3.295362048329,7.571404680864,
    16.352985390178));
#7710 = CARTESIAN_POINT('',(3.814829096106,6.774888540939,
    16.352985390178));
#7711 = CARTESIAN_POINT('',(-4.05851656562,7.146765812638,16.6));
#7712 = CARTESIAN_POINT('',(-3.306406739961,7.9346903919,16.6));
#7713 = CARTESIAN_POINT('',(-2.394725181811,8.515009543094,16.6));
#7714 = CARTESIAN_POINT('',(-1.381506348954,8.885485656177,16.6));
#7715 = CARTESIAN_POINT('',(-0.324552586728,9.057852938026,16.6));
#7716 = CARTESIAN_POINT('',(0.73944984405,9.027326311304,16.6));
#7717 = CARTESIAN_POINT('',(1.74762344696,8.808987472564,16.6));
#7718 = CARTESIAN_POINT('',(2.677022051325,8.383063024838,16.6));
#7719 = CARTESIAN_POINT('',(3.448600702209,7.739709709824,16.6));
#7720 = CARTESIAN_POINT('',(3.999349630448,6.895228019857,16.6));
#7721 = CARTESIAN_POINT('',(-3.899165726426,6.994658193407,
    16.847014609822));
#7722 = CARTESIAN_POINT('',(-3.179176644863,7.748932469329,
    16.847014609822));
#7723 = CARTESIAN_POINT('',(-2.30551589219,8.305426045433,
    16.847014609822));
#7724 = CARTESIAN_POINT('',(-1.331265448243,8.664014400314,
    16.847014609822));
#7725 = CARTESIAN_POINT('',(-0.309418255626,8.829932535164,
    16.847014609822));
#7726 = CARTESIAN_POINT('',(0.715132772761,8.80207873223,16.847014609822
    ));
#7727 = CARTESIAN_POINT('',(1.68744789047,8.586972073838,16.847014609822
    ));
#7728 = CARTESIAN_POINT('',(2.567904817902,8.177761394031,
    16.847014609822));
#7729 = CARTESIAN_POINT('',(3.295362048329,7.571404680864,
    16.847014609822));
#7730 = CARTESIAN_POINT('',(3.814829096106,6.774888540939,
    16.847014609822));
#7731 = CARTESIAN_POINT('',(-3.705963779261,6.810238152931,
    16.816000599824));
#7732 = CARTESIAN_POINT('',(-3.024918893633,7.523713747399,
    16.816000599824));
#7733 = CARTESIAN_POINT('',(-2.197355756059,8.051320450216,
    16.816000599824));
#7734 = CARTESIAN_POINT('',(-1.270351807036,8.395495714814,
    16.816000599824));
#7735 = CARTESIAN_POINT('',(-0.291068918699,8.553594701903,
    16.816000599824));
#7736 = CARTESIAN_POINT('',(0.685649994095,8.528981514222,
    16.816000599824));
#7737 = CARTESIAN_POINT('',(1.614489161514,8.317793652494,
    16.816000599824));
#7738 = CARTESIAN_POINT('',(2.43560766733,7.928847268265,16.816000599824
    ));
#7739 = CARTESIAN_POINT('',(3.109570706029,7.367346393647,
    16.816000599824));
#7740 = CARTESIAN_POINT('',(3.591110622411,6.628985188529,
    16.816000599824));
#7741 = CARTESIAN_POINT('',(-3.705963779261,6.810238152931,16.6));
#7742 = CARTESIAN_POINT('',(-3.024918893633,7.523713747399,16.6));
#7743 = CARTESIAN_POINT('',(-2.197355756059,8.051320450216,16.6));
#7744 = CARTESIAN_POINT('',(-1.270351807036,8.395495714814,16.6));
#7745 = CARTESIAN_POINT('',(-0.291068918699,8.553594701903,16.6));
#7746 = CARTESIAN_POINT('',(0.685649994095,8.528981514222,16.6));
#7747 = CARTESIAN_POINT('',(1.614489161514,8.317793652494,16.6));
#7748 = CARTESIAN_POINT('',(2.43560766733,7.928847268265,16.6));
#7749 = CARTESIAN_POINT('',(3.109570706029,7.367346393647,16.6));
#7750 = CARTESIAN_POINT('',(3.591110622411,6.628985188529,16.6));
#7751 = ADVANCED_FACE('',(#7752),#7921,.T.);
#7752 = FACE_BOUND('',#7753,.T.);
#7753 = EDGE_LOOP('',(#7754,#7755,#7767,#7783,#7846,#7858,#7909,#7910,
    #7920));
#7754 = ORIENTED_EDGE('',*,*,#7660,.F.);
#7755 = ORIENTED_EDGE('',*,*,#7756,.T.);
#7756 = EDGE_CURVE('',#7649,#7757,#7759,.T.);
#7757 = VERTEX_POINT('',#7758);
#7758 = CARTESIAN_POINT('',(3.81546829361,6.759724979454,16.6));
#7759 = ( BOUNDED_CURVE() B_SPLINE_CURVE(6,(#7760,#7761,#7762,#7763,
#7764,#7765,#7766),.UNSPECIFIED.,.T.,.F.) B_SPLINE_CURVE_WITH_KNOTS((1,6
    ,6,1),(-6.28318530718,0.,6.28318530718,12.566370614359),
.UNSPECIFIED.) CURVE() GEOMETRIC_REPRESENTATION_ITEM() 
RATIONAL_B_SPLINE_CURVE((1.669078461068,1.03672962321,1.038346699848,
    0.853534330196,1.038346699848,1.03672962321,1.669078461068)) 
REPRESENTATION_ITEM('') );
#7760 = CARTESIAN_POINT('',(3.81546829361,6.759724979454,16.6));
#7761 = CARTESIAN_POINT('',(3.81546829361,6.759724979454,16.816000599824
    ));
#7762 = CARTESIAN_POINT('',(3.578233119908,6.637017130987,
    16.847014609822));
#7763 = CARTESIAN_POINT('',(3.382564160196,6.535809048377,16.6));
#7764 = CARTESIAN_POINT('',(3.578233119908,6.637017130987,
    16.352985390178));
#7765 = CARTESIAN_POINT('',(3.81546829361,6.759724979454,16.383999400176
    ));
#7766 = CARTESIAN_POINT('',(3.81546829361,6.759724979454,16.6));
#7767 = ORIENTED_EDGE('',*,*,#7768,.T.);
#7768 = EDGE_CURVE('',#7757,#7769,#7771,.T.);
#7769 = VERTEX_POINT('',#7770);
#7770 = CARTESIAN_POINT('',(0.819602574447,5.9765333308E-02,16.6));
#7771 = ( BOUNDED_CURVE() B_SPLINE_CURVE(10,(#7772,#7773,#7774,#7775,
    #7776,#7777,#7778,#7779,#7780,#7781,#7782),.UNSPECIFIED.,.F.,.F.) 
B_SPLINE_CURVE_WITH_KNOTS((11,11),(0.,1.),.PIECEWISE_BEZIER_KNOTS.) 
CURVE() GEOMETRIC_REPRESENTATION_ITEM() RATIONAL_B_SPLINE_CURVE((
    1.669078461068,1.669078461068,1.669078461068,1.669078461069,
    1.669078461068,1.669078461069,1.669078461068,1.669078461069,
1.669078461068,1.669078461068,1.669078461068)) REPRESENTATION_ITEM('') 
  );
#7772 = CARTESIAN_POINT('',(3.81546829361,6.759724979454,16.6));
#7773 = CARTESIAN_POINT('',(4.279800047592,5.862016921756,16.6));
#7774 = CARTESIAN_POINT('',(4.463855874396,4.91962719898,16.6));
#7775 = CARTESIAN_POINT('',(4.398261481712,3.968864917818,16.6));
#7776 = CARTESIAN_POINT('',(4.117859426159,3.052199236558,16.6));
#7777 = CARTESIAN_POINT('',(3.672827515504,2.195731006309,16.6));
#7778 = CARTESIAN_POINT('',(3.083888984816,1.425109414502,16.6));
#7779 = CARTESIAN_POINT('',(2.393196932396,0.778162995228,16.6));
#7780 = CARTESIAN_POINT('',(1.631088951302,0.279253598551,16.6));
#7781 = CARTESIAN_POINT('',(0.826272553163,-3.552338253338E-02,16.6));
#7782 = CARTESIAN_POINT('',(1.490113403807E-02,-0.129143161663,16.6));
#7783 = ORIENTED_EDGE('',*,*,#7784,.T.);
#7784 = EDGE_CURVE('',#7769,#7785,#7787,.T.);
#7785 = VERTEX_POINT('',#7786);
#7786 = CARTESIAN_POINT('',(7.960204194458E-18,-1.94968771746E-33,16.47)
  );
#7787 = B_SPLINE_CURVE_WITH_KNOTS('',6,(#7788,#7789,#7790,#7791,#7792,
    #7793,#7794,#7795,#7796,#7797,#7798,#7799,#7800,#7801,#7802,#7803,
    #7804,#7805,#7806,#7807,#7808,#7809,#7810,#7811,#7812,#7813,#7814,
    #7815,#7816,#7817,#7818,#7819,#7820,#7821,#7822,#7823,#7824,#7825,
    #7826,#7827,#7828,#7829,#7830,#7831,#7832,#7833,#7834,#7835,#7836,
    #7837,#7838,#7839,#7840,#7841,#7842,#7843,#7844,#7845),
  .UNSPECIFIED.,.F.,.F.,(7,5,5,5,5,5,5,5,5,5,6,7),(0.,0.160799929389,
    0.328223371805,0.490630880213,0.674662655831,0.745951841948,
    0.797443638954,0.821117989613,0.83198133176,0.837230183649,
    0.839200070611,1.),.UNSPECIFIED.);
#7788 = CARTESIAN_POINT('',(0.819602574447,5.976533330798E-02,16.6));
#7789 = CARTESIAN_POINT('',(0.81960270448,5.976533853647E-02,
    16.592956433742));
#7790 = CARTESIAN_POINT('',(0.81780223631,5.961616204839E-02,
    16.585892214446));
#7791 = CARTESIAN_POINT('',(0.814182798153,5.93162433143E-02,
    16.578853037362));
#7792 = CARTESIAN_POINT('',(0.80873205276,5.886486523631E-02,
    16.571883689392));
#7793 = CARTESIAN_POINT('',(0.801443697405,5.826215414806E-02,
    16.565028049088));
#7794 = CARTESIAN_POINT('',(0.782815314106,5.672499435529E-02,
    16.551354182615));
#7795 = CARTESIAN_POINT('',(0.771320383099,5.577789159799E-02,
    16.544548469658));
#7796 = CARTESIAN_POINT('',(0.757829914215,5.466875427614E-02,
    16.537959032271));
#7797 = CARTESIAN_POINT('',(0.742346638322,5.339948034603E-02,
    16.531629454209));
#7798 = CARTESIAN_POINT('',(0.724870764919,5.19725191558E-02,
    16.525598192048));
#7799 = CARTESIAN_POINT('',(0.686496741021,4.885589807201E-02,
    16.514366567717));
#7800 = CARTESIAN_POINT('',(0.665717929185,4.717546209764E-02,
    16.50914692096));
#7801 = CARTESIAN_POINT('',(0.64304267655,4.535143892162E-02,
    16.504266811772));
#7802 = CARTESIAN_POINT('',(0.618453410038,4.338647956551E-02,
    16.499749792458));
#7803 = CARTESIAN_POINT('',(0.591908313711,4.128287938069E-02,
    16.495613171191));
#7804 = CARTESIAN_POINT('',(0.530929041323,3.650234003254E-02,
    16.487622058602));
#7805 = CARTESIAN_POINT('',(0.495923502858,3.378716086516E-02,
    16.483880035887));
#7806 = CARTESIAN_POINT('',(0.458173038835,3.089707452289E-02,
    16.48065283542));
#7807 = CARTESIAN_POINT('',(0.417448269585,2.783119900993E-02,
    16.477946385887));
#7808 = CARTESIAN_POINT('',(0.373488712756,2.459006428682E-02,
    16.475753770736));
#7809 = CARTESIAN_POINT('',(0.306991985315,1.983160879613E-02,
    16.473384087439));
#7810 = CARTESIAN_POINT('',(0.287834035583,1.847501311466E-02,
    16.472795328696));
#7811 = CARTESIAN_POINT('',(0.268042374956,1.708973136402E-02,
    16.472277728376));
#7812 = CARTESIAN_POINT('',(0.247570693552,1.567520304948E-02,
    16.471829234626));
#7813 = CARTESIAN_POINT('',(0.226361577422,1.42308345324E-02,
    16.471447104067));
#7814 = CARTESIAN_POINT('',(0.188432444185,1.169040804746E-02,
    16.470896724984));
#7815 = CARTESIAN_POINT('',(0.172102545689,1.060912594686E-02,
    16.470698533491));
#7816 = CARTESIAN_POINT('',(0.155321439967,9.511641986578E-03,
    16.470531616025));
#7817 = CARTESIAN_POINT('',(0.138058273038,8.397850161975E-03,
    16.470394246627));
#7818 = CARTESIAN_POINT('',(0.120279337019,7.267865143546E-03,
    16.470284318775));
#7819 = CARTESIAN_POINT('',(9.351991497909E-02,5.595203313813E-03,
    16.470160272363));
#7820 = CARTESIAN_POINT('',(8.497518425458E-02,5.06505177945E-03,
    16.470126465739));
#7821 = CARTESIAN_POINT('',(7.631036758787E-02,4.53160971337E-03,
    16.470097677448));
#7822 = CARTESIAN_POINT('',(6.752211364144E-02,3.994954287658E-03,
    16.470073633886));
#7823 = CARTESIAN_POINT('',(5.860723010166E-02,3.455197806971E-03,
    16.470054035904));
#7824 = CARTESIAN_POINT('',(4.541245359002E-02,2.663456840759E-03,
    16.470031456809));
#7825 = CARTESIAN_POINT('',(4.123493643444E-02,2.4138050219E-03,
    16.470025222334));
#7826 = CARTESIAN_POINT('',(3.702984801747E-02,2.163547125953E-03,
    16.470019823885));
#7827 = CARTESIAN_POINT('',(3.279692740354E-02,1.912700588827E-03,
    16.470015228711));
#7828 = CARTESIAN_POINT('',(2.853593691608E-02,1.661285408339E-03,
    16.470011402809));
#7829 = CARTESIAN_POINT('',(2.217420917648E-02,1.287579999347E-03,
    16.47000681448));
#7830 = CARTESIAN_POINT('',(2.004504794807E-02,1.162778516367E-03,
    16.470005462433));
#7831 = CARTESIAN_POINT('',(1.79134876214E-02,1.038108820969E-03,
    16.470004285983));
#7832 = CARTESIAN_POINT('',(1.580575279968E-02,9.151088738185E-04,
    16.470003295495));
#7833 = CARTESIAN_POINT('',(1.371998352016E-02,7.936654705533E-04,
    16.470002480506));
#7834 = CARTESIAN_POINT('',(1.084045430052E-02,6.263601152453E-04,
    16.470001558889));
#7835 = CARTESIAN_POINT('',(1.005472323759E-02,5.807468202331E-04,
    16.470001329933));
#7836 = CARTESIAN_POINT('',(9.269041908596E-03,5.351743826658E-04,
    16.470001122542));
#7837 = CARTESIAN_POINT('',(8.483410156515E-03,4.896428299936E-04,
    16.470000936398));
#7838 = CARTESIAN_POINT('',(7.697827824063E-03,4.441521911985E-04,
    16.470000771188));
#7839 = CARTESIAN_POINT('',(6.912294753673E-03,3.98702496795E-04,
    16.470000626598));
#7840 = CARTESIAN_POINT('',(5.765135413292E-03,3.325883651801E-04,
    16.470000415451));
#7841 = CARTESIAN_POINT('',(4.616116441455E-03,2.65683002517E-04,
    16.470000247898));
#7842 = CARTESIAN_POINT('',(3.465072185246E-03,1.991252563902E-04,
    16.470000123259));
#7843 = CARTESIAN_POINT('',(2.311964541131E-03,1.331665621547E-04,
    16.470000040855));
#7844 = CARTESIAN_POINT('',(1.15688295496E-03,6.717094293594E-05,
    16.469999999999));
#7845 = CARTESIAN_POINT('',(4.442196679797E-08,-3.849903698013E-07,
    16.470000000001));
#7846 = ORIENTED_EDGE('',*,*,#7847,.F.);
#7847 = EDGE_CURVE('',#7848,#7785,#7850,.T.);
#7848 = VERTEX_POINT('',#7849);
#7849 = CARTESIAN_POINT('',(7.960204194458E-18,-1.94968771746E-33,16.73)
  );
#7850 = ( BOUNDED_CURVE() B_SPLINE_CURVE(6,(#7851,#7852,#7853,#7854,
#7855,#7856,#7857),.UNSPECIFIED.,.T.,.F.) B_SPLINE_CURVE_WITH_KNOTS((1,6
    ,6,1),(-6.28318530718,0.,6.28318530718,12.566370614359),
.UNSPECIFIED.) CURVE() GEOMETRIC_REPRESENTATION_ITEM() 
RATIONAL_B_SPLINE_CURVE((1.669078461068,1.03672962321,1.038346699848,
    0.853534330196,1.038346699848,1.03672962321,1.669078461068)) 
REPRESENTATION_ITEM('') );
#7851 = CARTESIAN_POINT('',(1.490113403807E-02,-0.129143161663,16.6));
#7852 = CARTESIAN_POINT('',(1.490113403807E-02,-0.129143161663,
    16.816000599824));
#7853 = CARTESIAN_POINT('',(-1.571396393696E-02,0.136187687454,
    16.847014609822));
#7854 = CARTESIAN_POINT('',(-4.096495972626E-02,0.355029650961,16.6));
#7855 = CARTESIAN_POINT('',(-1.571396393696E-02,0.136187687454,
    16.352985390178));
#7856 = CARTESIAN_POINT('',(1.490113403807E-02,-0.129143161663,
    16.383999400176));
#7857 = CARTESIAN_POINT('',(1.490113403807E-02,-0.129143161663,16.6));
#7858 = ORIENTED_EDGE('',*,*,#7859,.T.);
#7859 = EDGE_CURVE('',#7848,#7769,#7860,.T.);
#7860 = B_SPLINE_CURVE_WITH_KNOTS('',6,(#7861,#7862,#7863,#7864,#7865,
    #7866,#7867,#7868,#7869,#7870,#7871,#7872,#7873,#7874,#7875,#7876,
    #7877,#7878,#7879,#7880,#7881,#7882,#7883,#7884,#7885,#7886,#7887,
    #7888,#7889,#7890,#7891,#7892,#7893,#7894,#7895,#7896,#7897,#7898,
    #7899,#7900,#7901,#7902,#7903,#7904,#7905,#7906,#7907,#7908),
  .UNSPECIFIED.,.F.,.F.,(7,6,5,5,5,5,5,5,5,7),(0.,9.897002657423E-04,
    1.979400531485E-03,7.49093767581E-02,0.155233174325,0.243980333245,
    0.446986243162,0.644370128365,0.83602775022,1.),.UNSPECIFIED.);
#7861 = CARTESIAN_POINT('',(5.493542517604E-09,-4.761070473725E-08,16.73
    ));
#7862 = CARTESIAN_POINT('',(2.168551209052E-04,1.253467159178E-05,
    16.729999999996));
#7863 = CARTESIAN_POINT('',(4.314682522961E-04,2.482793185079E-05,
    16.729999998578));
#7864 = CARTESIAN_POINT('',(6.459794168674E-04,3.711572242817E-05,
    16.729999995739));
#7865 = CARTESIAN_POINT('',(8.612868283442E-04,4.951734630103E-05,
    16.729999991476));
#7866 = CARTESIAN_POINT('',(1.077052385024E-03,6.198785706766E-05,
    16.729999985784));
#7867 = CARTESIAN_POINT('',(1.291701669778E-03,7.431805894756E-05,
    16.729999978659));
#7868 = CARTESIAN_POINT('',(1.63051689405E-03,9.382311343039E-05,
    16.729999967431));
#7869 = CARTESIAN_POINT('',(1.969162187128E-03,1.133255218334E-04,
    16.729999952643));
#7870 = CARTESIAN_POINT('',(2.307637589965E-03,1.328252610311E-04,
    16.72999993428));
#7871 = CARTESIAN_POINT('',(2.645943150796E-03,1.523223128395E-04,
    16.729999912322));
#7872 = CARTESIAN_POINT('',(2.984078925132E-03,1.718166640165E-04,
    16.729999886753));
#7873 = CARTESIAN_POINT('',(2.822640867625E-02,1.627638702322E-03,
    16.729997726642));
#7874 = CARTESIAN_POINT('',(5.220089057611E-02,3.048727081887E-03,
    16.729975830841));
#7875 = CARTESIAN_POINT('',(7.528717522269E-02,4.450211490164E-03,
    16.729927375037));
#7876 = CARTESIAN_POINT('',(9.753579543867E-02,5.829410150815E-03,
    16.72984671692));
#7877 = CARTESIAN_POINT('',(0.119006132322,7.185321465954E-03,
    16.729729366989));
#7878 = CARTESIAN_POINT('',(0.162631427393,9.98708904853E-03,
    16.72939861427));
#7879 = CARTESIAN_POINT('',(0.184625432018,1.142743911852E-02,
    16.72917659813));
#7880 = CARTESIAN_POINT('',(0.205831017004,1.283990690217E-02,
    16.728901177872));
#7881 = CARTESIAN_POINT('',(0.226312330174,1.422477242444E-02,
    16.728568871422));
#7882 = CARTESIAN_POINT('',(0.24612319206,1.558252429527E-02,
    16.728177024468));
#7883 = CARTESIAN_POINT('',(0.286519845004,1.838515297843E-02,
    16.727222113345));
#7884 = CARTESIAN_POINT('',(0.306965404458,1.982398945647E-02,
    16.726645480519));
#7885 = CARTESIAN_POINT('',(0.326716790577,2.12314365895E-02,
    16.725990490417));
#7886 = CARTESIAN_POINT('',(0.345822729511,2.260810132705E-02,
    16.72525505663));
#7887 = CARTESIAN_POINT('',(0.364321809991,2.39544613901E-02,
    16.724437693695));
#7888 = CARTESIAN_POINT('',(0.42325522907,2.828266001094E-02,
    16.72147745796));
#7889 = CARTESIAN_POINT('',(0.461253604496,3.113744327966E-02,
    16.718983553575));
#7890 = CARTESIAN_POINT('',(0.496654459383,3.38418983566E-02,
    16.716041754758));
#7891 = CARTESIAN_POINT('',(0.529630920107,3.639540363422E-02,
    16.712651639573));
#7892 = CARTESIAN_POINT('',(0.560317813572,3.879736021654E-02,
    16.70882172699));
#7893 = CARTESIAN_POINT('',(0.616486937154,4.323293811729E-02,
    16.700428369928));
#7894 = CARTESIAN_POINT('',(0.642086141846,4.527456796297E-02,
    16.695888968026));
#7895 = CARTESIAN_POINT('',(0.665665328382,4.71694427835E-02,
    16.690962027421));
#7896 = CARTESIAN_POINT('',(0.687256430145,4.891490047418E-02,
    16.685669405706));
#7897 = CARTESIAN_POINT('',(0.706870408455,5.05080829849E-02,
    16.680039625493));
#7898 = CARTESIAN_POINT('',(0.741648359546,5.334351834098E-02,
    16.668346019362));
#7899 = CARTESIAN_POINT('',(0.756924044516,5.459455603816E-02,
    16.662299671032));
#7900 = CARTESIAN_POINT('',(0.770347056665,5.569751640517E-02,
    16.655999065428));
#7901 = CARTESIAN_POINT('',(0.781916065641,5.66504356453E-02,
    16.649481010685));
#7902 = CARTESIAN_POINT('',(0.791629501257,5.745191366464E-02,
    16.642786321607));
#7903 = CARTESIAN_POINT('',(0.806217453465,5.865703137492E-02,
    16.630116670659));
#7904 = CARTESIAN_POINT('',(0.811588386383,5.910141875818E-02,
    16.624177140263));
#7905 = CARTESIAN_POINT('',(0.81560566287,5.943414296144E-02,
    16.618167473765));
#7906 = CARTESIAN_POINT('',(0.818274270276,5.965527099725E-02,
    16.612115736096));
#7907 = CARTESIAN_POINT('',(0.819602625391,5.976533521642E-02,
    16.606050330792));
#7908 = CARTESIAN_POINT('',(0.819602574447,5.976533330798E-02,16.6));
#7909 = ORIENTED_EDGE('',*,*,#7768,.F.);
#7910 = ORIENTED_EDGE('',*,*,#7911,.T.);
#7911 = EDGE_CURVE('',#7757,#7634,#7912,.T.);
#7912 = ( BOUNDED_CURVE() B_SPLINE_CURVE(6,(#7913,#7914,#7915,#7916,
#7917,#7918,#7919),.UNSPECIFIED.,.T.,.F.) B_SPLINE_CURVE_WITH_KNOTS((1,6
    ,6,1),(-6.28318530718,0.,6.28318530718,12.566370614359),
.UNSPECIFIED.) CURVE() GEOMETRIC_REPRESENTATION_ITEM() 
RATIONAL_B_SPLINE_CURVE((1.669078461068,1.03672962321,1.038346699848,
    0.853534330196,1.038346699848,1.03672962321,1.669078461068)) 
REPRESENTATION_ITEM('') );
#7913 = CARTESIAN_POINT('',(3.81546829361,6.759724979454,16.6));
#7914 = CARTESIAN_POINT('',(3.81546829361,6.759724979454,16.816000599824
    ));
#7915 = CARTESIAN_POINT('',(3.578233119908,6.637017130987,
    16.847014609822));
#7916 = CARTESIAN_POINT('',(3.382564160196,6.535809048377,16.6));
#7917 = CARTESIAN_POINT('',(3.578233119908,6.637017130987,
    16.352985390178));
#7918 = CARTESIAN_POINT('',(3.81546829361,6.759724979454,16.383999400176
    ));
#7919 = CARTESIAN_POINT('',(3.81546829361,6.759724979454,16.6));
#7920 = ORIENTED_EDGE('',*,*,#7633,.F.);
#7921 = ( BOUNDED_SURFACE() B_SPLINE_SURFACE(6,10,(
    (#7922,#7923,#7924,#7925,#7926,#7927,#7928,#7929,#7930,#7931,#7932)
    ,(#7933,#7934,#7935,#7936,#7937,#7938,#7939,#7940,#7941,#7942,#7943)
    ,(#7944,#7945,#7946,#7947,#7948,#7949,#7950,#7951,#7952,#7953,#7954)
    ,(#7955,#7956,#7957,#7958,#7959,#7960,#7961,#7962,#7963,#7964,#7965)
    ,(#7966,#7967,#7968,#7969,#7970,#7971,#7972,#7973,#7974,#7975,#7976)
    ,(#7977,#7978,#7979,#7980,#7981,#7982,#7983,#7984,#7985,#7986,#7987)
    ,(#7988,#7989,#7990,#7991,#7992,#7993,#7994,#7995,#7996,#7997,#7998
)),.UNSPECIFIED.,.T.,.F.,.F.) B_SPLINE_SURFACE_WITH_KNOTS((1,6,6,1),(11,
    11),(-6.28318530718,0.,6.28318530718,12.566370614359),(0.,1.),
.UNSPECIFIED.) GEOMETRIC_REPRESENTATION_ITEM() RATIONAL_B_SPLINE_SURFACE
((
    (1.669078461068,1.669078461068,1.669078461068,1.669078461069
      ,1.669078461068,1.669078461069,1.669078461068,1.669078461069
      ,1.669078461068,1.669078461068,1.669078461068)
    ,(1.03672962321,1.03672962321,1.03672962321,1.03672962321
      ,1.036729623209,1.03672962321,1.036729623209,1.03672962321
      ,1.03672962321,1.03672962321,1.03672962321)
    ,(1.038346699848,1.038346699848,1.038346699847,1.038346699848
      ,1.038346699847,1.038346699848,1.038346699847,1.038346699848
      ,1.038346699847,1.038346699848,1.038346699848)
    ,(0.853534330196,0.853534330196,0.853534330196,0.853534330196
      ,0.853534330196,0.853534330196,0.853534330196,0.853534330196
      ,0.853534330196,0.853534330196,0.853534330196)
    ,(1.038346699848,1.038346699848,1.038346699847,1.038346699848
      ,1.038346699847,1.038346699848,1.038346699847,1.038346699848
      ,1.038346699847,1.038346699848,1.038346699848)
    ,(1.03672962321,1.03672962321,1.03672962321,1.03672962321
      ,1.036729623209,1.03672962321,1.036729623209,1.03672962321
      ,1.03672962321,1.03672962321,1.03672962321)
    ,(1.669078461068,1.669078461068,1.669078461068,1.669078461069
      ,1.669078461068,1.669078461069,1.669078461068,1.669078461069
      ,1.669078461068,1.669078461068,1.669078461068
))) REPRESENTATION_ITEM('') SURFACE() );
#7922 = CARTESIAN_POINT('',(3.81546829361,6.759724979454,16.6));
#7923 = CARTESIAN_POINT('',(4.279800047592,5.862016921756,16.6));
#7924 = CARTESIAN_POINT('',(4.463855874396,4.91962719898,16.6));
#7925 = CARTESIAN_POINT('',(4.398261481712,3.968864917818,16.6));
#7926 = CARTESIAN_POINT('',(4.117859426159,3.052199236558,16.6));
#7927 = CARTESIAN_POINT('',(3.672827515504,2.195731006309,16.6));
#7928 = CARTESIAN_POINT('',(3.083888984816,1.425109414502,16.6));
#7929 = CARTESIAN_POINT('',(2.393196932396,0.778162995228,16.6));
#7930 = CARTESIAN_POINT('',(1.631088951302,0.279253598551,16.6));
#7931 = CARTESIAN_POINT('',(0.826272553163,-3.552338253338E-02,16.6));
#7932 = CARTESIAN_POINT('',(1.490113403807E-02,-0.129143161663,16.6));
#7933 = CARTESIAN_POINT('',(3.81546829361,6.759724979454,16.816000599824
    ));
#7934 = CARTESIAN_POINT('',(4.279800047592,5.862016921756,
    16.816000599824));
#7935 = CARTESIAN_POINT('',(4.463855874396,4.91962719898,16.816000599824
    ));
#7936 = CARTESIAN_POINT('',(4.398261481712,3.968864917818,
    16.816000599824));
#7937 = CARTESIAN_POINT('',(4.117859426159,3.052199236558,
    16.816000599824));
#7938 = CARTESIAN_POINT('',(3.672827515504,2.195731006309,
    16.816000599824));
#7939 = CARTESIAN_POINT('',(3.083888984816,1.425109414502,
    16.816000599824));
#7940 = CARTESIAN_POINT('',(2.393196932397,0.778162995228,
    16.816000599824));
#7941 = CARTESIAN_POINT('',(1.631088951302,0.279253598551,
    16.816000599824));
#7942 = CARTESIAN_POINT('',(0.826272553163,-3.552338253341E-02,
    16.816000599824));
#7943 = CARTESIAN_POINT('',(1.490113403807E-02,-0.129143161663,
    16.816000599824));
#7944 = CARTESIAN_POINT('',(3.578233119908,6.637017130987,
    16.847014609822));
#7945 = CARTESIAN_POINT('',(4.013119594679,5.796236613095,
    16.847014609822));
#7946 = CARTESIAN_POINT('',(4.181994035893,4.920393136642,
    16.847014609822));
#7947 = CARTESIAN_POINT('',(4.122757222099,4.036257691561,
    16.847014609822));
#7948 = CARTESIAN_POINT('',(3.868863061437,3.164105196532,
    16.847014609822));
#7949 = CARTESIAN_POINT('',(3.437593700697,2.341471738942,
    16.847014609822));
#7950 = CARTESIAN_POINT('',(2.877292553013,1.6063697073,16.847014609822)
  );
#7951 = CARTESIAN_POINT('',(2.213704208022,0.983967782129,
    16.847014609822));
#7952 = CARTESIAN_POINT('',(1.485033275037,0.513635911226,
    16.847014609822));
#7953 = CARTESIAN_POINT('',(0.73120336279,0.222370455922,16.847014609822
    ));
#7954 = CARTESIAN_POINT('',(-1.571396393696E-02,0.136187687454,
    16.847014609822));
#7955 = CARTESIAN_POINT('',(3.382564160196,6.535809048377,16.6));
#7956 = CARTESIAN_POINT('',(3.793164492818,5.741981738642,16.6));
#7957 = CARTESIAN_POINT('',(3.949517494319,4.921024873594,16.6));
#7958 = CARTESIAN_POINT('',(3.895524341606,4.091842509464,16.6));
#7959 = CARTESIAN_POINT('',(3.663493600844,3.256404000423,16.6));
#7960 = CARTESIAN_POINT('',(3.24357543977,2.461677090858,16.6));
#7961 = CARTESIAN_POINT('',(2.706894090339,1.75587120143,16.6));
#7962 = CARTESIAN_POINT('',(2.065660584869,1.153713304802,16.6));
#7963 = CARTESIAN_POINT('',(1.36456816108,0.706951862568,16.6));
#7964 = CARTESIAN_POINT('',(0.652791341121,0.435078454905,16.6));
#7965 = CARTESIAN_POINT('',(-4.096495972626E-02,0.355029650961,16.6));
#7966 = CARTESIAN_POINT('',(3.578233119908,6.637017130987,
    16.352985390178));
#7967 = CARTESIAN_POINT('',(4.013119594679,5.796236613095,
    16.352985390178));
#7968 = CARTESIAN_POINT('',(4.181994035893,4.920393136642,
    16.352985390178));
#7969 = CARTESIAN_POINT('',(4.122757222099,4.036257691561,
    16.352985390178));
#7970 = CARTESIAN_POINT('',(3.868863061437,3.164105196532,
    16.352985390178));
#7971 = CARTESIAN_POINT('',(3.437593700696,2.341471738942,
    16.352985390178));
#7972 = CARTESIAN_POINT('',(2.877292553013,1.6063697073,16.352985390178)
  );
#7973 = CARTESIAN_POINT('',(2.213704208022,0.983967782129,
    16.352985390178));
#7974 = CARTESIAN_POINT('',(1.485033275037,0.513635911226,
    16.352985390178));
#7975 = CARTESIAN_POINT('',(0.73120336279,0.222370455922,16.352985390178
    ));
#7976 = CARTESIAN_POINT('',(-1.571396393696E-02,0.136187687454,
    16.352985390178));
#7977 = CARTESIAN_POINT('',(3.81546829361,6.759724979454,16.383999400176
    ));
#7978 = CARTESIAN_POINT('',(4.279800047592,5.862016921756,
    16.383999400176));
#7979 = CARTESIAN_POINT('',(4.463855874396,4.91962719898,16.383999400176
    ));
#7980 = CARTESIAN_POINT('',(4.398261481712,3.968864917818,
    16.383999400176));
#7981 = CARTESIAN_POINT('',(4.117859426159,3.052199236558,
    16.383999400176));
#7982 = CARTESIAN_POINT('',(3.672827515504,2.195731006309,
    16.383999400176));
#7983 = CARTESIAN_POINT('',(3.083888984816,1.425109414502,
    16.383999400176));
#7984 = CARTESIAN_POINT('',(2.393196932397,0.778162995228,
    16.383999400176));
#7985 = CARTESIAN_POINT('',(1.631088951301,0.279253598551,
    16.383999400176));
#7986 = CARTESIAN_POINT('',(0.826272553163,-3.552338253335E-02,
    16.383999400176));
#7987 = CARTESIAN_POINT('',(1.490113403807E-02,-0.129143161663,
    16.383999400176));
#7988 = CARTESIAN_POINT('',(3.81546829361,6.759724979454,16.6));
#7989 = CARTESIAN_POINT('',(4.279800047592,5.862016921756,16.6));
#7990 = CARTESIAN_POINT('',(4.463855874396,4.91962719898,16.6));
#7991 = CARTESIAN_POINT('',(4.398261481712,3.968864917818,16.6));
#7992 = CARTESIAN_POINT('',(4.117859426159,3.052199236558,16.6));
#7993 = CARTESIAN_POINT('',(3.672827515504,2.195731006309,16.6));
#7994 = CARTESIAN_POINT('',(3.083888984816,1.425109414502,16.6));
#7995 = CARTESIAN_POINT('',(2.393196932396,0.778162995228,16.6));
#7996 = CARTESIAN_POINT('',(1.631088951302,0.279253598551,16.6));
#7997 = CARTESIAN_POINT('',(0.826272553163,-3.552338253338E-02,16.6));
#7998 = CARTESIAN_POINT('',(1.490113403807E-02,-0.129143161663,16.6));
#7999 = ADVANCED_FACE('',(#8000),#8005,.T.);
#8000 = FACE_BOUND('',#8001,.T.);
#8001 = EDGE_LOOP('',(#8002,#8003,#8004));
#8002 = ORIENTED_EDGE('',*,*,#7648,.T.);
#8003 = ORIENTED_EDGE('',*,*,#7911,.F.);
#8004 = ORIENTED_EDGE('',*,*,#7756,.F.);
#8005 = SPHERICAL_SURFACE('',#8006,0.13);
#8006 = AXIS2_PLACEMENT_3D('',#8007,#8008,#8009);
#8007 = CARTESIAN_POINT('',(3.7,6.7,16.6));
#8008 = DIRECTION('',(0.,0.,1.));
#8009 = DIRECTION('',(1.,0.,0.));
#8010 = ADVANCED_FACE('',(#8011),#8084,.T.);
#8011 = FACE_BOUND('',#8012,.T.);
#8012 = EDGE_LOOP('',(#8013,#8014,#8028,#8045,#8057,#8072,#8073,#8074));
#8013 = ORIENTED_EDGE('',*,*,#7784,.F.);
#8014 = ORIENTED_EDGE('',*,*,#8015,.T.);
#8015 = EDGE_CURVE('',#7769,#8016,#8018,.T.);
#8016 = VERTEX_POINT('',#8017);
#8017 = CARTESIAN_POINT('',(4.125975550067,-5.53218883898,16.6));
#8018 = ( BOUNDED_CURVE() B_SPLINE_CURVE(8,(#8019,#8020,#8021,#8022,
    #8023,#8024,#8025,#8026,#8027),.UNSPECIFIED.,.F.,.F.) 
B_SPLINE_CURVE_WITH_KNOTS((9,9),(0.,1.),.PIECEWISE_BEZIER_KNOTS.) CURVE(
) GEOMETRIC_REPRESENTATION_ITEM() RATIONAL_B_SPLINE_CURVE((
    1.669078461068,1.669078461068,1.669078461068,1.669078461068,
    1.669078461068,1.669078461068,1.669078461068,1.669078461068,
1.669078461068)) REPRESENTATION_ITEM('') );
#8019 = CARTESIAN_POINT('',(0.,0.13,16.6));
#8020 = CARTESIAN_POINT('',(1.116637931034,0.13,16.6));
#8021 = CARTESIAN_POINT('',(2.12819220316,-0.156035332088,16.6));
#8022 = CARTESIAN_POINT('',(3.000953720162,-0.688977914681,16.6));
#8023 = CARTESIAN_POINT('',(3.697891448289,-1.426641058755,16.6));
#8024 = CARTESIAN_POINT('',(4.189909470959,-2.322452268957,16.6));
#8025 = CARTESIAN_POINT('',(4.444697109408,-3.335746979709,16.6));
#8026 = CARTESIAN_POINT('',(4.432567442092,-4.420795313503,16.6));
#8027 = CARTESIAN_POINT('',(4.125319040367,-5.534570769756,16.6));
#8028 = ORIENTED_EDGE('',*,*,#8029,.T.);
#8029 = EDGE_CURVE('',#8016,#8030,#8032,.T.);
#8030 = VERTEX_POINT('',#8031);
#8031 = CARTESIAN_POINT('',(4.,-5.5,16.47));
#8032 = B_SPLINE_CURVE_WITH_KNOTS('',6,(#8033,#8034,#8035,#8036,#8037,
    #8038,#8039,#8040,#8041,#8042,#8043,#8044),.UNSPECIFIED.,.F.,.F.,(7,
    5,7),(0.,0.667266348379,1.),.UNSPECIFIED.);
#8033 = CARTESIAN_POINT('',(4.125975550067,-5.532188838981,16.6));
#8034 = CARTESIAN_POINT('',(4.125975372442,-5.532188793474,
    16.577611280494));
#8035 = CARTESIAN_POINT('',(4.121492808788,-5.531043262914,
    16.555019869164));
#8036 = CARTESIAN_POINT('',(4.112369492867,-5.528711772873,
    16.533503575837));
#8037 = CARTESIAN_POINT('',(4.098979283767,-5.525289957375,
    16.514439772559));
#8038 = CARTESIAN_POINT('',(4.08219521462,-5.521001090681,
    16.498883473856));
#8039 = CARTESIAN_POINT('',(4.053555722437,-5.513683217094,
    16.481785303161));
#8040 = CARTESIAN_POINT('',(4.04344810755,-5.511100615116,
    16.477127265013));
#8041 = CARTESIAN_POINT('',(4.032895161442,-5.508404300468,
    16.47358003815));
#8042 = CARTESIAN_POINT('',(4.022042765258,-5.505631560807,
    16.471196938734));
#8043 = CARTESIAN_POINT('',(4.011042737564,-5.502821193422,
    16.47000415552));
#8044 = CARTESIAN_POINT('',(4.000045857301,-5.500011715106,
    16.470000008613));
#8045 = ORIENTED_EDGE('',*,*,#8046,.F.);
#8046 = EDGE_CURVE('',#8047,#8030,#8049,.T.);
#8047 = VERTEX_POINT('',#8048);
#8048 = CARTESIAN_POINT('',(4.,-5.5,16.73));
#8049 = ( BOUNDED_CURVE() B_SPLINE_CURVE(6,(#8050,#8051,#8052,#8053,
#8054,#8055,#8056),.UNSPECIFIED.,.T.,.F.) B_SPLINE_CURVE_WITH_KNOTS((1,6
    ,6,1),(-6.28318530718,0.,6.28318530718,12.566370614359),
.UNSPECIFIED.) CURVE() GEOMETRIC_REPRESENTATION_ITEM() 
RATIONAL_B_SPLINE_CURVE((1.669078461068,1.03672962321,1.038346699848,
    0.853534330196,1.038346699848,1.03672962321,1.669078461068)) 
REPRESENTATION_ITEM('') );
#8050 = CARTESIAN_POINT('',(4.125319040367,-5.534570769756,16.6));
#8051 = CARTESIAN_POINT('',(4.125319040367,-5.534570769756,
    16.816000599824));
#8052 = CARTESIAN_POINT('',(3.86784503274,-5.463543457308,
    16.847014609822));
#8053 = CARTESIAN_POINT('',(3.655483305603,-5.404960911891,16.6));
#8054 = CARTESIAN_POINT('',(3.86784503274,-5.463543457308,
    16.352985390178));
#8055 = CARTESIAN_POINT('',(4.125319040367,-5.534570769756,
    16.383999400176));
#8056 = CARTESIAN_POINT('',(4.125319040367,-5.534570769756,16.6));
#8057 = ORIENTED_EDGE('',*,*,#8058,.T.);
#8058 = EDGE_CURVE('',#8047,#8016,#8059,.T.);
#8059 = B_SPLINE_CURVE_WITH_KNOTS('',6,(#8060,#8061,#8062,#8063,#8064,
    #8065,#8066,#8067,#8068,#8069,#8070,#8071),.UNSPECIFIED.,.F.,.F.,(7,
    5,7),(0.,0.331267243912,1.),.UNSPECIFIED.);
#8060 = CARTESIAN_POINT('',(4.000125633833,-5.500032097041,
    16.729999935354));
#8061 = CARTESIAN_POINT('',(4.011069661634,-5.502828071297,
    16.72998865702));
#8062 = CARTESIAN_POINT('',(4.022016083511,-5.505624745168,
    16.728800135981));
#8063 = CARTESIAN_POINT('',(4.032816282444,-5.508384147862,
    16.726432817608));
#8064 = CARTESIAN_POINT('',(4.043320636799,-5.511068045341,
    16.722912478764));
#8065 = CARTESIAN_POINT('',(4.053385332103,-5.513639680966,16.7182915084
    ));
#8066 = CARTESIAN_POINT('',(4.082044509334,-5.52096258066,
    16.701255988968));
#8067 = CARTESIAN_POINT('',(4.098883101573,-5.525265378402,
    16.685697012553));
#8068 = CARTESIAN_POINT('',(4.112320319285,-5.528699206412,
    16.666612248495));
#8069 = CARTESIAN_POINT('',(4.121476714725,-5.53103915004,
    16.645061209731));
#8070 = CARTESIAN_POINT('',(4.125975370242,-5.53218879291,
    16.622428894089));
#8071 = CARTESIAN_POINT('',(4.125975550067,-5.532188838981,16.6));
#8072 = ORIENTED_EDGE('',*,*,#8015,.F.);
#8073 = ORIENTED_EDGE('',*,*,#7859,.F.);
#8074 = ORIENTED_EDGE('',*,*,#8075,.T.);
#8075 = EDGE_CURVE('',#7848,#7785,#8076,.T.);
#8076 = ( BOUNDED_CURVE() B_SPLINE_CURVE(6,(#8077,#8078,#8079,#8080,
#8081,#8082,#8083),.UNSPECIFIED.,.T.,.F.) B_SPLINE_CURVE_WITH_KNOTS((1,6
    ,6,1),(-6.28318530718,0.,6.28318530718,12.566370614359),
.UNSPECIFIED.) CURVE() GEOMETRIC_REPRESENTATION_ITEM() 
RATIONAL_B_SPLINE_CURVE((1.669078461068,1.03672962321,1.038346699848,
    0.853534330196,1.038346699848,1.03672962321,1.669078461068)) 
REPRESENTATION_ITEM('') );
#8077 = CARTESIAN_POINT('',(0.,0.13,16.6));
#8078 = CARTESIAN_POINT('',(-4.440892098501E-16,0.13,16.816000599824));
#8079 = CARTESIAN_POINT('',(-8.881784197001E-16,-0.137091264771,
    16.847014609822));
#8080 = CARTESIAN_POINT('',(4.440892098501E-16,-0.357385199731,16.6));
#8081 = CARTESIAN_POINT('',(-8.881784197001E-16,-0.137091264771,
    16.352985390178));
#8082 = CARTESIAN_POINT('',(-8.881784197001E-16,0.13,16.383999400176));
#8083 = CARTESIAN_POINT('',(0.,0.13,16.6));
#8084 = ( BOUNDED_SURFACE() B_SPLINE_SURFACE(6,8,(
    (#8085,#8086,#8087,#8088,#8089,#8090,#8091,#8092,#8093)
    ,(#8094,#8095,#8096,#8097,#8098,#8099,#8100,#8101,#8102)
    ,(#8103,#8104,#8105,#8106,#8107,#8108,#8109,#8110,#8111)
    ,(#8112,#8113,#8114,#8115,#8116,#8117,#8118,#8119,#8120)
    ,(#8121,#8122,#8123,#8124,#8125,#8126,#8127,#8128,#8129)
    ,(#8130,#8131,#8132,#8133,#8134,#8135,#8136,#8137,#8138)
    ,(#8139,#8140,#8141,#8142,#8143,#8144,#8145,#8146,#8147
)),.UNSPECIFIED.,.T.,.F.,.F.) B_SPLINE_SURFACE_WITH_KNOTS((1,6,6,1),(9,9
    ),(-6.28318530718,0.,6.28318530718,12.566370614359),(0.,1.),
.UNSPECIFIED.) GEOMETRIC_REPRESENTATION_ITEM() RATIONAL_B_SPLINE_SURFACE
((
    (1.669078461068,1.669078461068,1.669078461068,1.669078461068
      ,1.669078461068,1.669078461068,1.669078461068,1.669078461068
      ,1.669078461068)
    ,(1.03672962321,1.03672962321,1.03672962321,1.03672962321
      ,1.03672962321,1.03672962321,1.03672962321,1.03672962321
      ,1.03672962321)
    ,(1.038346699848,1.038346699848,1.038346699848,1.038346699848
      ,1.038346699848,1.038346699848,1.038346699848,1.038346699848
      ,1.038346699848)
    ,(0.853534330196,0.853534330196,0.853534330196,0.853534330196
      ,0.853534330196,0.853534330196,0.853534330196,0.853534330196
      ,0.853534330196)
    ,(1.038346699848,1.038346699848,1.038346699848,1.038346699848
      ,1.038346699848,1.038346699848,1.038346699848,1.038346699848
      ,1.038346699848)
    ,(1.03672962321,1.03672962321,1.03672962321,1.03672962321
      ,1.03672962321,1.03672962321,1.03672962321,1.03672962321
      ,1.03672962321)
    ,(1.669078461068,1.669078461068,1.669078461068,1.669078461068
      ,1.669078461068,1.669078461068,1.669078461068,1.669078461068
,1.669078461068))) REPRESENTATION_ITEM('') SURFACE() );
#8085 = CARTESIAN_POINT('',(0.,0.13,16.6));
#8086 = CARTESIAN_POINT('',(1.116637931034,0.13,16.6));
#8087 = CARTESIAN_POINT('',(2.12819220316,-0.156035332088,16.6));
#8088 = CARTESIAN_POINT('',(3.000953720162,-0.688977914681,16.6));
#8089 = CARTESIAN_POINT('',(3.697891448289,-1.426641058755,16.6));
#8090 = CARTESIAN_POINT('',(4.189909470959,-2.322452268957,16.6));
#8091 = CARTESIAN_POINT('',(4.444697109408,-3.335746979709,16.6));
#8092 = CARTESIAN_POINT('',(4.432567442092,-4.420795313503,16.6));
#8093 = CARTESIAN_POINT('',(4.125319040367,-5.534570769756,16.6));
#8094 = CARTESIAN_POINT('',(-4.440892098501E-16,0.13,16.816000599824));
#8095 = CARTESIAN_POINT('',(1.116637931034,0.13,16.816000599824));
#8096 = CARTESIAN_POINT('',(2.128192203159,-0.156035332088,
    16.816000599824));
#8097 = CARTESIAN_POINT('',(3.000953720162,-0.688977914681,
    16.816000599824));
#8098 = CARTESIAN_POINT('',(3.697891448289,-1.426641058755,
    16.816000599824));
#8099 = CARTESIAN_POINT('',(4.189909470959,-2.322452268957,
    16.816000599824));
#8100 = CARTESIAN_POINT('',(4.444697109408,-3.335746979709,
    16.816000599824));
#8101 = CARTESIAN_POINT('',(4.432567442092,-4.420795313503,
    16.816000599824));
#8102 = CARTESIAN_POINT('',(4.125319040367,-5.534570769756,
    16.816000599824));
#8103 = CARTESIAN_POINT('',(-8.881784197001E-16,-0.137091264771,
    16.847014609822));
#8104 = CARTESIAN_POINT('',(1.056772647551,-0.137091264771,
    16.847014609822));
#8105 = CARTESIAN_POINT('',(2.004230914189,-0.407791647395,
    16.847014609822));
#8106 = CARTESIAN_POINT('',(2.815552453401,-0.906071631021,
    16.847014609822));
#8107 = CARTESIAN_POINT('',(3.467418061901,-1.592035882968,
    16.847014609822));
#8108 = CARTESIAN_POINT('',(3.928140572942,-2.430414114689,
    16.847014609822));
#8109 = CARTESIAN_POINT('',(4.169422941424,-3.379705840976,
    16.847014609822));
#8110 = CARTESIAN_POINT('',(4.160201243816,-4.403752192156,
    16.847014609822));
#8111 = CARTESIAN_POINT('',(3.86784503274,-5.463543457308,
    16.847014609822));
#8112 = CARTESIAN_POINT('',(4.440892098501E-16,-0.357385199731,16.6));
#8113 = CARTESIAN_POINT('',(1.00739642075,-0.357385199731,16.6));
#8114 = CARTESIAN_POINT('',(1.90198900765,-0.615437484849,16.6));
#8115 = CARTESIAN_POINT('',(2.66263552953,-1.085128138424,16.6));
#8116 = CARTESIAN_POINT('',(3.277326149931,-1.728451713262,16.6));
#8117 = CARTESIAN_POINT('',(3.712236467491,-2.519459856572,16.6));
#8118 = CARTESIAN_POINT('',(3.942379837974,-3.415962625836,16.6));
#8119 = CARTESIAN_POINT('',(3.93555660177,-4.389695213285,16.6));
#8120 = CARTESIAN_POINT('',(3.655483305603,-5.404960911891,16.6));
#8121 = CARTESIAN_POINT('',(-8.881784197001E-16,-0.137091264771,
    16.352985390178));
#8122 = CARTESIAN_POINT('',(1.056772647551,-0.137091264771,
    16.352985390178));
#8123 = CARTESIAN_POINT('',(2.004230914189,-0.407791647395,
    16.352985390178));
#8124 = CARTESIAN_POINT('',(2.815552453401,-0.906071631021,
    16.352985390178));
#8125 = CARTESIAN_POINT('',(3.467418061901,-1.592035882968,
    16.352985390178));
#8126 = CARTESIAN_POINT('',(3.928140572942,-2.430414114689,
    16.352985390178));
#8127 = CARTESIAN_POINT('',(4.169422941424,-3.379705840976,
    16.352985390178));
#8128 = CARTESIAN_POINT('',(4.160201243816,-4.403752192156,
    16.352985390178));
#8129 = CARTESIAN_POINT('',(3.86784503274,-5.463543457308,
    16.352985390178));
#8130 = CARTESIAN_POINT('',(-8.881784197001E-16,0.13,16.383999400176));
#8131 = CARTESIAN_POINT('',(1.116637931034,0.13,16.383999400176));
#8132 = CARTESIAN_POINT('',(2.128192203159,-0.156035332088,
    16.383999400176));
#8133 = CARTESIAN_POINT('',(3.000953720163,-0.688977914681,
    16.383999400176));
#8134 = CARTESIAN_POINT('',(3.697891448289,-1.426641058755,
    16.383999400176));
#8135 = CARTESIAN_POINT('',(4.189909470959,-2.322452268957,
    16.383999400176));
#8136 = CARTESIAN_POINT('',(4.444697109408,-3.335746979709,
    16.383999400176));
#8137 = CARTESIAN_POINT('',(4.432567442092,-4.420795313503,
    16.383999400176));
#8138 = CARTESIAN_POINT('',(4.125319040367,-5.534570769756,
    16.383999400176));
#8139 = CARTESIAN_POINT('',(0.,0.13,16.6));
#8140 = CARTESIAN_POINT('',(1.116637931034,0.13,16.6));
#8141 = CARTESIAN_POINT('',(2.12819220316,-0.156035332088,16.6));
#8142 = CARTESIAN_POINT('',(3.000953720162,-0.688977914681,16.6));
#8143 = CARTESIAN_POINT('',(3.697891448289,-1.426641058755,16.6));
#8144 = CARTESIAN_POINT('',(4.189909470959,-2.322452268957,16.6));
#8145 = CARTESIAN_POINT('',(4.444697109408,-3.335746979709,16.6));
#8146 = CARTESIAN_POINT('',(4.432567442092,-4.420795313503,16.6));
#8147 = CARTESIAN_POINT('',(4.125319040367,-5.534570769756,16.6));
#8148 = ADVANCED_FACE('',(#8149),#8153,.T.);
#8149 = FACE_BOUND('',#8150,.T.);
#8150 = EDGE_LOOP('',(#8151,#8152));
#8151 = ORIENTED_EDGE('',*,*,#7847,.T.);
#8152 = ORIENTED_EDGE('',*,*,#8075,.F.);
#8153 = SPHERICAL_SURFACE('',#8154,0.13);
#8154 = AXIS2_PLACEMENT_3D('',#8155,#8156,#8157);
#8155 = CARTESIAN_POINT('',(0.,0.,16.6));
#8156 = DIRECTION('',(0.,0.,1.));
#8157 = DIRECTION('',(1.,0.,0.));
#8158 = ADVANCED_FACE('',(#8159),#8224,.T.);
#8159 = FACE_BOUND('',#8160,.T.);
#8160 = EDGE_LOOP('',(#8161,#8177,#8178,#8188,#8189,#8190,#8202,#8214));
#8161 = ORIENTED_EDGE('',*,*,#8162,.F.);
#8162 = EDGE_CURVE('',#8016,#8163,#8165,.T.);
#8163 = VERTEX_POINT('',#8164);
#8164 = CARTESIAN_POINT('',(-4.093708298437,-6.890104133113,16.6));
#8165 = ( BOUNDED_CURVE() B_SPLINE_CURVE(10,(#8166,#8167,#8168,#8169,
    #8170,#8171,#8172,#8173,#8174,#8175,#8176),.UNSPECIFIED.,.F.,.F.) 
B_SPLINE_CURVE_WITH_KNOTS((11,11),(0.,1.),.PIECEWISE_BEZIER_KNOTS.) 
CURVE() GEOMETRIC_REPRESENTATION_ITEM() RATIONAL_B_SPLINE_CURVE((
    1.669078461068,1.669078461068,1.669078461068,1.669078461069,
    1.669078461068,1.669078461069,1.669078461068,1.669078461069,
1.669078461068,1.669078461068,1.669078461068)) REPRESENTATION_ITEM('') 
  );
#8166 = CARTESIAN_POINT('',(4.126544231883,-5.529775113384,16.6));
#8167 = CARTESIAN_POINT('',(3.878939375055,-6.582095754905,16.6));
#8168 = CARTESIAN_POINT('',(3.361411168836,-7.442117135024,16.6));
#8169 = CARTESIAN_POINT('',(2.623080425701,-8.10197768673,16.6));
#8170 = CARTESIAN_POINT('',(1.719714983626,-8.543344568891,16.6));
#8171 = CARTESIAN_POINT('',(0.728293939386,-8.784087737804,16.6));
#8172 = CARTESIAN_POINT('',(-0.332064481934,-8.821937339848,16.6));
#8173 = CARTESIAN_POINT('',(-1.389869173963,-8.653049535696,16.6));
#8174 = CARTESIAN_POINT('',(-2.406147284972,-8.277031650655,16.6));
#8175 = CARTESIAN_POINT('',(-3.325050301926,-7.689508449484,16.6));
#8176 = CARTESIAN_POINT('',(-4.093708298437,-6.890104133113,16.6));
#8177 = ORIENTED_EDGE('',*,*,#8058,.F.);
#8178 = ORIENTED_EDGE('',*,*,#8179,.T.);
#8179 = EDGE_CURVE('',#8047,#8030,#8180,.T.);
#8180 = ( BOUNDED_CURVE() B_SPLINE_CURVE(6,(#8181,#8182,#8183,#8184,
#8185,#8186,#8187),.UNSPECIFIED.,.T.,.F.) B_SPLINE_CURVE_WITH_KNOTS((1,6
    ,6,1),(-6.28318530718,0.,6.28318530718,12.566370614359),
.UNSPECIFIED.) CURVE() GEOMETRIC_REPRESENTATION_ITEM() 
RATIONAL_B_SPLINE_CURVE((1.669078461068,1.03672962321,1.038346699848,
    0.853534330196,1.038346699848,1.03672962321,1.669078461068)) 
REPRESENTATION_ITEM('') );
#8181 = CARTESIAN_POINT('',(4.126544231883,-5.529775113384,16.6));
#8182 = CARTESIAN_POINT('',(4.126544231883,-5.529775113384,
    16.816000599824));
#8183 = CARTESIAN_POINT('',(3.866553009243,-5.468600708057,
    16.847014609822));
#8184 = CARTESIAN_POINT('',(3.652115110873,-5.41814473197,16.6));
#8185 = CARTESIAN_POINT('',(3.866553009243,-5.468600708057,
    16.352985390178));
#8186 = CARTESIAN_POINT('',(4.126544231883,-5.529775113384,
    16.383999400176));
#8187 = CARTESIAN_POINT('',(4.126544231883,-5.529775113384,16.6));
#8188 = ORIENTED_EDGE('',*,*,#8029,.F.);
#8189 = ORIENTED_EDGE('',*,*,#8162,.T.);
#8190 = ORIENTED_EDGE('',*,*,#8191,.F.);
#8191 = EDGE_CURVE('',#8192,#8163,#8194,.T.);
#8192 = VERTEX_POINT('',#8193);
#8193 = CARTESIAN_POINT('',(-4.,-6.8,16.47));
#8194 = ( BOUNDED_CURVE() B_SPLINE_CURVE(6,(#8195,#8196,#8197,#8198,
#8199,#8200,#8201),.UNSPECIFIED.,.T.,.F.) B_SPLINE_CURVE_WITH_KNOTS((1,6
    ,6,1),(-6.28318530718,0.,6.28318530718,12.566370614359),
.UNSPECIFIED.) CURVE() GEOMETRIC_REPRESENTATION_ITEM() 
RATIONAL_B_SPLINE_CURVE((1.669078461068,1.03672962321,1.038346699848,
    0.853534330196,1.038346699848,1.03672962321,1.669078461068)) 
REPRESENTATION_ITEM('') );
#8195 = CARTESIAN_POINT('',(-4.093708298437,-6.890104133113,16.6));
#8196 = CARTESIAN_POINT('',(-4.093708298437,-6.890104133113,
    16.816000599824));
#8197 = CARTESIAN_POINT('',(-3.901180083444,-6.704980849465,
    16.847014609822));
#8198 = CARTESIAN_POINT('',(-3.742384931127,-6.552293203007,16.6));
#8199 = CARTESIAN_POINT('',(-3.901180083444,-6.704980849465,
    16.352985390178));
#8200 = CARTESIAN_POINT('',(-4.093708298437,-6.890104133113,
    16.383999400176));
#8201 = CARTESIAN_POINT('',(-4.093708298437,-6.890104133113,16.6));
#8202 = ORIENTED_EDGE('',*,*,#8203,.F.);
#8203 = EDGE_CURVE('',#8204,#8192,#8206,.T.);
#8204 = VERTEX_POINT('',#8205);
#8205 = CARTESIAN_POINT('',(-4.,-6.8,16.73));
#8206 = ( BOUNDED_CURVE() B_SPLINE_CURVE(6,(#8207,#8208,#8209,#8210,
#8211,#8212,#8213),.UNSPECIFIED.,.T.,.F.) B_SPLINE_CURVE_WITH_KNOTS((1,6
    ,6,1),(-6.28318530718,0.,6.28318530718,12.566370614359),
.UNSPECIFIED.) CURVE() GEOMETRIC_REPRESENTATION_ITEM() 
RATIONAL_B_SPLINE_CURVE((1.669078461068,1.03672962321,1.038346699848,
    0.853534330196,1.038346699848,1.03672962321,1.669078461068)) 
REPRESENTATION_ITEM('') );
#8207 = CARTESIAN_POINT('',(-4.093708298437,-6.890104133113,16.6));
#8208 = CARTESIAN_POINT('',(-4.093708298437,-6.890104133113,
    16.816000599824));
#8209 = CARTESIAN_POINT('',(-3.901180083444,-6.704980849465,
    16.847014609822));
#8210 = CARTESIAN_POINT('',(-3.742384931127,-6.552293203007,16.6));
#8211 = CARTESIAN_POINT('',(-3.901180083444,-6.704980849465,
    16.352985390178));
#8212 = CARTESIAN_POINT('',(-4.093708298437,-6.890104133113,
    16.383999400176));
#8213 = CARTESIAN_POINT('',(-4.093708298437,-6.890104133113,16.6));
#8214 = ORIENTED_EDGE('',*,*,#8215,.F.);
#8215 = EDGE_CURVE('',#8163,#8204,#8216,.T.);
#8216 = ( BOUNDED_CURVE() B_SPLINE_CURVE(6,(#8217,#8218,#8219,#8220,
#8221,#8222,#8223),.UNSPECIFIED.,.T.,.F.) B_SPLINE_CURVE_WITH_KNOTS((1,6
    ,6,1),(-6.28318530718,0.,6.28318530718,12.566370614359),
.UNSPECIFIED.) CURVE() GEOMETRIC_REPRESENTATION_ITEM() 
RATIONAL_B_SPLINE_CURVE((1.669078461068,1.03672962321,1.038346699848,
    0.853534330196,1.038346699848,1.03672962321,1.669078461068)) 
REPRESENTATION_ITEM('') );
#8217 = CARTESIAN_POINT('',(-4.093708298437,-6.890104133113,16.6));
#8218 = CARTESIAN_POINT('',(-4.093708298437,-6.890104133113,
    16.816000599824));
#8219 = CARTESIAN_POINT('',(-3.901180083444,-6.704980849465,
    16.847014609822));
#8220 = CARTESIAN_POINT('',(-3.742384931127,-6.552293203007,16.6));
#8221 = CARTESIAN_POINT('',(-3.901180083444,-6.704980849465,
    16.352985390178));
#8222 = CARTESIAN_POINT('',(-4.093708298437,-6.890104133113,
    16.383999400176));
#8223 = CARTESIAN_POINT('',(-4.093708298437,-6.890104133113,16.6));
#8224 = ( BOUNDED_SURFACE() B_SPLINE_SURFACE(6,10,(
    (#8225,#8226,#8227,#8228,#8229,#8230,#8231,#8232,#8233,#8234,#8235)
    ,(#8236,#8237,#8238,#8239,#8240,#8241,#8242,#8243,#8244,#8245,#8246)
    ,(#8247,#8248,#8249,#8250,#8251,#8252,#8253,#8254,#8255,#8256,#8257)
    ,(#8258,#8259,#8260,#8261,#8262,#8263,#8264,#8265,#8266,#8267,#8268)
    ,(#8269,#8270,#8271,#8272,#8273,#8274,#8275,#8276,#8277,#8278,#8279)
    ,(#8280,#8281,#8282,#8283,#8284,#8285,#8286,#8287,#8288,#8289,#8290)
    ,(#8291,#8292,#8293,#8294,#8295,#8296,#8297,#8298,#8299,#8300,#8301
)),.UNSPECIFIED.,.T.,.F.,.F.) B_SPLINE_SURFACE_WITH_KNOTS((1,6,6,1),(11,
    11),(-6.28318530718,0.,6.28318530718,12.566370614359),(0.,1.),
.UNSPECIFIED.) GEOMETRIC_REPRESENTATION_ITEM() RATIONAL_B_SPLINE_SURFACE
((
    (1.669078461068,1.669078461068,1.669078461068,1.669078461069
      ,1.669078461068,1.669078461069,1.669078461068,1.669078461069
      ,1.669078461068,1.669078461068,1.669078461068)
    ,(1.03672962321,1.03672962321,1.03672962321,1.03672962321
      ,1.036729623209,1.03672962321,1.036729623209,1.03672962321
      ,1.03672962321,1.03672962321,1.03672962321)
    ,(1.038346699848,1.038346699848,1.038346699847,1.038346699848
      ,1.038346699847,1.038346699848,1.038346699847,1.038346699848
      ,1.038346699847,1.038346699848,1.038346699848)
    ,(0.853534330196,0.853534330196,0.853534330196,0.853534330196
      ,0.853534330196,0.853534330196,0.853534330196,0.853534330196
      ,0.853534330196,0.853534330196,0.853534330196)
    ,(1.038346699848,1.038346699848,1.038346699847,1.038346699848
      ,1.038346699847,1.038346699848,1.038346699847,1.038346699848
      ,1.038346699847,1.038346699848,1.038346699848)
    ,(1.03672962321,1.03672962321,1.03672962321,1.03672962321
      ,1.036729623209,1.03672962321,1.036729623209,1.03672962321
      ,1.03672962321,1.03672962321,1.03672962321)
    ,(1.669078461068,1.669078461068,1.669078461068,1.669078461069
      ,1.669078461068,1.669078461069,1.669078461068,1.669078461069
      ,1.669078461068,1.669078461068,1.669078461068
))) REPRESENTATION_ITEM('') SURFACE() );
#8225 = CARTESIAN_POINT('',(4.126544231883,-5.529775113384,16.6));
#8226 = CARTESIAN_POINT('',(3.878939375055,-6.582095754905,16.6));
#8227 = CARTESIAN_POINT('',(3.361411168836,-7.442117135024,16.6));
#8228 = CARTESIAN_POINT('',(2.623080425701,-8.10197768673,16.6));
#8229 = CARTESIAN_POINT('',(1.719714983626,-8.543344568891,16.6));
#8230 = CARTESIAN_POINT('',(0.728293939386,-8.784087737804,16.6));
#8231 = CARTESIAN_POINT('',(-0.332064481934,-8.821937339848,16.6));
#8232 = CARTESIAN_POINT('',(-1.389869173963,-8.653049535696,16.6));
#8233 = CARTESIAN_POINT('',(-2.406147284972,-8.277031650655,16.6));
#8234 = CARTESIAN_POINT('',(-3.325050301926,-7.689508449484,16.6));
#8235 = CARTESIAN_POINT('',(-4.093708298437,-6.890104133113,16.6));
#8236 = CARTESIAN_POINT('',(4.126544231883,-5.529775113384,
    16.816000599824));
#8237 = CARTESIAN_POINT('',(3.878939375055,-6.582095754905,
    16.816000599824));
#8238 = CARTESIAN_POINT('',(3.361411168836,-7.442117135024,
    16.816000599824));
#8239 = CARTESIAN_POINT('',(2.623080425701,-8.10197768673,
    16.816000599824));
#8240 = CARTESIAN_POINT('',(1.719714983626,-8.543344568891,
    16.816000599824));
#8241 = CARTESIAN_POINT('',(0.728293939385,-8.784087737804,
    16.816000599824));
#8242 = CARTESIAN_POINT('',(-0.332064481934,-8.821937339848,
    16.816000599824));
#8243 = CARTESIAN_POINT('',(-1.389869173963,-8.653049535696,
    16.816000599824));
#8244 = CARTESIAN_POINT('',(-2.406147284972,-8.277031650655,
    16.816000599824));
#8245 = CARTESIAN_POINT('',(-3.325050301926,-7.689508449484,
    16.816000599824));
#8246 = CARTESIAN_POINT('',(-4.093708298437,-6.890104133113,
    16.816000599824));
#8247 = CARTESIAN_POINT('',(3.866553009243,-5.468600708057,
    16.847014609822));
#8248 = CARTESIAN_POINT('',(3.634572697251,-6.454517034025,
    16.847014609822));
#8249 = CARTESIAN_POINT('',(3.153057035403,-7.246009547973,
    16.847014609822));
#8250 = CARTESIAN_POINT('',(2.474645292804,-7.847944404188,
    16.847014609822));
#8251 = CARTESIAN_POINT('',(1.644967129849,-8.276230220125,
    16.847014609822));
#8252 = CARTESIAN_POINT('',(0.687283912339,-8.508598018724,
    16.847014609822));
#8253 = CARTESIAN_POINT('',(-0.314125916375,-8.544017223029,
    16.847014609822));
#8254 = CARTESIAN_POINT('',(-1.330213640136,-8.383117099863,
    16.847014609822));
#8255 = CARTESIAN_POINT('',(-2.297638476198,-8.022887496628,
    16.847014609822));
#8256 = CARTESIAN_POINT('',(-3.170855839903,-7.464518062747,
    16.847014609822));
#8257 = CARTESIAN_POINT('',(-3.901180083444,-6.704980849465,
    16.847014609822));
#8258 = CARTESIAN_POINT('',(3.652115110873,-5.41814473197,16.6));
#8259 = CARTESIAN_POINT('',(3.433021751462,-6.349291509469,16.6));
#8260 = CARTESIAN_POINT('',(2.981208839776,-7.084262168987,16.6));
#8261 = CARTESIAN_POINT('',(2.35221762921,-7.638420549224,16.6));
#8262 = CARTESIAN_POINT('',(1.583315922902,-8.05591724574,16.6));
#8263 = CARTESIAN_POINT('',(0.653459293481,-8.281377131103,16.6));
#8264 = CARTESIAN_POINT('',(-0.299330384976,-8.314791770107,16.6));
#8265 = CARTESIAN_POINT('',(-1.281010412543,-8.160479798288,16.6));
#8266 = CARTESIAN_POINT('',(-2.208141605219,-7.813272196085,16.6));
#8267 = CARTESIAN_POINT('',(-3.043677945047,-7.27894846853,16.6));
#8268 = CARTESIAN_POINT('',(-3.742384931127,-6.552293203007,16.6));
#8269 = CARTESIAN_POINT('',(3.866553009243,-5.468600708057,
    16.352985390178));
#8270 = CARTESIAN_POINT('',(3.634572697251,-6.454517034025,
    16.352985390178));
#8271 = CARTESIAN_POINT('',(3.153057035404,-7.246009547973,
    16.352985390178));
#8272 = CARTESIAN_POINT('',(2.474645292804,-7.847944404187,
    16.352985390178));
#8273 = CARTESIAN_POINT('',(1.644967129849,-8.276230220125,
    16.352985390178));
#8274 = CARTESIAN_POINT('',(0.687283912338,-8.508598018724,
    16.352985390178));
#8275 = CARTESIAN_POINT('',(-0.314125916375,-8.544017223029,
    16.352985390178));
#8276 = CARTESIAN_POINT('',(-1.330213640136,-8.383117099863,
    16.352985390178));
#8277 = CARTESIAN_POINT('',(-2.297638476197,-8.022887496628,
    16.352985390178));
#8278 = CARTESIAN_POINT('',(-3.170855839903,-7.464518062747,
    16.352985390178));
#8279 = CARTESIAN_POINT('',(-3.901180083444,-6.704980849465,
    16.352985390178));
#8280 = CARTESIAN_POINT('',(4.126544231883,-5.529775113384,
    16.383999400176));
#8281 = CARTESIAN_POINT('',(3.878939375055,-6.582095754905,
    16.383999400176));
#8282 = CARTESIAN_POINT('',(3.361411168836,-7.442117135024,
    16.383999400176));
#8283 = CARTESIAN_POINT('',(2.623080425701,-8.10197768673,
    16.383999400176));
#8284 = CARTESIAN_POINT('',(1.719714983626,-8.543344568891,
    16.383999400176));
#8285 = CARTESIAN_POINT('',(0.728293939385,-8.784087737804,
    16.383999400176));
#8286 = CARTESIAN_POINT('',(-0.332064481934,-8.821937339848,
    16.383999400176));
#8287 = CARTESIAN_POINT('',(-1.389869173963,-8.653049535696,
    16.383999400176));
#8288 = CARTESIAN_POINT('',(-2.406147284972,-8.277031650655,
    16.383999400176));
#8289 = CARTESIAN_POINT('',(-3.325050301926,-7.689508449484,
    16.383999400176));
#8290 = CARTESIAN_POINT('',(-4.093708298437,-6.890104133113,
    16.383999400176));
#8291 = CARTESIAN_POINT('',(4.126544231883,-5.529775113384,16.6));
#8292 = CARTESIAN_POINT('',(3.878939375055,-6.582095754905,16.6));
#8293 = CARTESIAN_POINT('',(3.361411168836,-7.442117135024,16.6));
#8294 = CARTESIAN_POINT('',(2.623080425701,-8.10197768673,16.6));
#8295 = CARTESIAN_POINT('',(1.719714983626,-8.543344568891,16.6));
#8296 = CARTESIAN_POINT('',(0.728293939386,-8.784087737804,16.6));
#8297 = CARTESIAN_POINT('',(-0.332064481934,-8.821937339848,16.6));
#8298 = CARTESIAN_POINT('',(-1.389869173963,-8.653049535696,16.6));
#8299 = CARTESIAN_POINT('',(-2.406147284972,-8.277031650655,16.6));
#8300 = CARTESIAN_POINT('',(-3.325050301926,-7.689508449484,16.6));
#8301 = CARTESIAN_POINT('',(-4.093708298437,-6.890104133113,16.6));
#8302 = ADVANCED_FACE('',(#8303),#8307,.T.);
#8303 = FACE_BOUND('',#8304,.T.);
#8304 = EDGE_LOOP('',(#8305,#8306));
#8305 = ORIENTED_EDGE('',*,*,#8046,.T.);
#8306 = ORIENTED_EDGE('',*,*,#8179,.F.);
#8307 = SPHERICAL_SURFACE('',#8308,0.13);
#8308 = AXIS2_PLACEMENT_3D('',#8309,#8310,#8311);
#8309 = CARTESIAN_POINT('',(4.,-5.5,16.6));
#8310 = DIRECTION('',(0.,0.,1.));
#8311 = DIRECTION('',(1.,0.,0.));
#8312 = ADVANCED_FACE('',(#8313),#8318,.T.);
#8313 = FACE_BOUND('',#8314,.T.);
#8314 = EDGE_LOOP('',(#8315,#8316,#8317));
#8315 = ORIENTED_EDGE('',*,*,#8215,.T.);
#8316 = ORIENTED_EDGE('',*,*,#8203,.T.);
#8317 = ORIENTED_EDGE('',*,*,#8191,.T.);
#8318 = SPHERICAL_SURFACE('',#8319,0.13);
#8319 = AXIS2_PLACEMENT_3D('',#8320,#8321,#8322);
#8320 = CARTESIAN_POINT('',(-4.,-6.8,16.6));
#8321 = DIRECTION('',(0.,0.,1.));
#8322 = DIRECTION('',(1.,0.,0.));
#8323 = MANIFOLD_SOLID_BREP('',#8324);
#8324 = CLOSED_SHELL('',(#8325,#8358,#8367));
#8325 = ADVANCED_FACE('',(#8326),#8353,.T.);
#8326 = FACE_BOUND('',#8327,.T.);
#8327 = EDGE_LOOP('',(#8328,#8337,#8345,#8352));
#8328 = ORIENTED_EDGE('',*,*,#8329,.F.);
#8329 = EDGE_CURVE('',#8330,#8330,#8332,.T.);
#8330 = VERTEX_POINT('',#8331);
#8331 = CARTESIAN_POINT('',(-8.812412618674,1.252557908641,5.));
#8332 = CIRCLE('',#8333,0.1);
#8333 = AXIS2_PLACEMENT_3D('',#8334,#8335,#8336);
#8334 = CARTESIAN_POINT('',(-8.912412618674,1.252557908641,5.));
#8335 = DIRECTION('',(0.,0.,1.));
#8336 = DIRECTION('',(1.,0.,0.));
#8337 = ORIENTED_EDGE('',*,*,#8338,.F.);
#8338 = EDGE_CURVE('',#8339,#8330,#8341,.T.);
#8339 = VERTEX_POINT('',#8340);
#8340 = CARTESIAN_POINT('',(-8.812412618674,1.252557908641,2.8));
#8341 = LINE('',#8342,#8343);
#8342 = CARTESIAN_POINT('',(-8.812412618674,1.252557908641,2.8));
#8343 = VECTOR('',#8344,1.);
#8344 = DIRECTION('',(0.,0.,1.));
#8345 = ORIENTED_EDGE('',*,*,#8346,.T.);
#8346 = EDGE_CURVE('',#8339,#8339,#8347,.T.);
#8347 = CIRCLE('',#8348,0.1);
#8348 = AXIS2_PLACEMENT_3D('',#8349,#8350,#8351);
#8349 = CARTESIAN_POINT('',(-8.912412618674,1.252557908641,2.8));
#8350 = DIRECTION('',(0.,0.,1.));
#8351 = DIRECTION('',(1.,0.,0.));
#8352 = ORIENTED_EDGE('',*,*,#8338,.T.);
#8353 = CYLINDRICAL_SURFACE('',#8354,0.1);
#8354 = AXIS2_PLACEMENT_3D('',#8355,#8356,#8357);
#8355 = CARTESIAN_POINT('',(-8.912412618674,1.252557908641,2.8));
#8356 = DIRECTION('',(0.,0.,1.));
#8357 = DIRECTION('',(1.,0.,0.));
#8358 = ADVANCED_FACE('',(#8359),#8362,.T.);
#8359 = FACE_BOUND('',#8360,.T.);
#8360 = EDGE_LOOP('',(#8361));
#8361 = ORIENTED_EDGE('',*,*,#8329,.T.);
#8362 = PLANE('',#8363);
#8363 = AXIS2_PLACEMENT_3D('',#8364,#8365,#8366);
#8364 = CARTESIAN_POINT('',(-8.912412618674,1.252557908641,5.));
#8365 = DIRECTION('',(0.,0.,1.));
#8366 = DIRECTION('',(1.,0.,0.));
#8367 = ADVANCED_FACE('',(#8368),#8371,.F.);
#8368 = FACE_BOUND('',#8369,.T.);
#8369 = EDGE_LOOP('',(#8370));
#8370 = ORIENTED_EDGE('',*,*,#8346,.F.);
#8371 = PLANE('',#8372);
#8372 = AXIS2_PLACEMENT_3D('',#8373,#8374,#8375);
#8373 = CARTESIAN_POINT('',(-8.912412618674,1.252557908641,2.8));
#8374 = DIRECTION('',(0.,0.,1.));
#8375 = DIRECTION('',(1.,0.,0.));
#8376 = MANIFOLD_SOLID_BREP('',#8377);
#8377 = CLOSED_SHELL('',(#8378,#8411,#8420));
#8378 = ADVANCED_FACE('',(#8379),#8406,.T.);
#8379 = FACE_BOUND('',#8380,.T.);
#8380 = EDGE_LOOP('',(#8381,#8390,#8398,#8405));
#8381 = ORIENTED_EDGE('',*,*,#8382,.F.);
#8382 = EDGE_CURVE('',#8383,#8383,#8385,.T.);
#8383 = VERTEX_POINT('',#8384);
#8384 = CARTESIAN_POINT('',(-8.912412618674,10.,5.1));
#8385 = CIRCLE('',#8386,0.1);
#8386 = AXIS2_PLACEMENT_3D('',#8387,#8388,#8389);
#8387 = CARTESIAN_POINT('',(-8.912412618674,10.,5.));
#8388 = DIRECTION('',(0.,1.,0.));
#8389 = DIRECTION('',(0.,0.,1.));
#8390 = ORIENTED_EDGE('',*,*,#8391,.F.);
#8391 = EDGE_CURVE('',#8392,#8383,#8394,.T.);
#8392 = VERTEX_POINT('',#8393);
#8393 = CARTESIAN_POINT('',(-8.912412618674,1.252557908641,5.1));
#8394 = LINE('',#8395,#8396);
#8395 = CARTESIAN_POINT('',(-8.912412618674,1.252557908641,5.1));
#8396 = VECTOR('',#8397,1.);
#8397 = DIRECTION('',(0.,1.,0.));
#8398 = ORIENTED_EDGE('',*,*,#8399,.T.);
#8399 = EDGE_CURVE('',#8392,#8392,#8400,.T.);
#8400 = CIRCLE('',#8401,0.1);
#8401 = AXIS2_PLACEMENT_3D('',#8402,#8403,#8404);
#8402 = CARTESIAN_POINT('',(-8.912412618674,1.252557908641,5.));
#8403 = DIRECTION('',(0.,1.,0.));
#8404 = DIRECTION('',(0.,0.,1.));
#8405 = ORIENTED_EDGE('',*,*,#8391,.T.);
#8406 = CYLINDRICAL_SURFACE('',#8407,0.1);
#8407 = AXIS2_PLACEMENT_3D('',#8408,#8409,#8410);
#8408 = CARTESIAN_POINT('',(-8.912412618674,1.252557908641,5.));
#8409 = DIRECTION('',(0.,1.,0.));
#8410 = DIRECTION('',(0.,0.,1.));
#8411 = ADVANCED_FACE('',(#8412),#8415,.T.);
#8412 = FACE_BOUND('',#8413,.T.);
#8413 = EDGE_LOOP('',(#8414));
#8414 = ORIENTED_EDGE('',*,*,#8382,.T.);
#8415 = PLANE('',#8416);
#8416 = AXIS2_PLACEMENT_3D('',#8417,#8418,#8419);
#8417 = CARTESIAN_POINT('',(-8.912412618674,10.,5.));
#8418 = DIRECTION('',(0.,1.,0.));
#8419 = DIRECTION('',(0.,0.,1.));
#8420 = ADVANCED_FACE('',(#8421),#8424,.F.);
#8421 = FACE_BOUND('',#8422,.T.);
#8422 = EDGE_LOOP('',(#8423));
#8423 = ORIENTED_EDGE('',*,*,#8399,.F.);
#8424 = PLANE('',#8425);
#8425 = AXIS2_PLACEMENT_3D('',#8426,#8427,#8428);
#8426 = CARTESIAN_POINT('',(-8.912412618674,1.252557908641,5.));
#8427 = DIRECTION('',(0.,1.,0.));
#8428 = DIRECTION('',(0.,0.,1.));
#8429 = MANIFOLD_SOLID_BREP('',#8430);
#8430 = CLOSED_SHELL('',(#8431,#8464,#8473));
#8431 = ADVANCED_FACE('',(#8432),#8459,.T.);
#8432 = FACE_BOUND('',#8433,.T.);
#8433 = EDGE_LOOP('',(#8434,#8443,#8451,#8458));
#8434 = ORIENTED_EDGE('',*,*,#8435,.F.);
#8435 = EDGE_CURVE('',#8436,#8436,#8438,.T.);
#8436 = VERTEX_POINT('',#8437);
#8437 = CARTESIAN_POINT('',(-3.8,10.,5.1));
#8438 = CIRCLE('',#8439,0.1);
#8439 = AXIS2_PLACEMENT_3D('',#8440,#8441,#8442);
#8440 = CARTESIAN_POINT('',(-3.8,10.,5.));
#8441 = DIRECTION('',(1.,0.,-0.));
#8442 = DIRECTION('',(0.,0.,1.));
#8443 = ORIENTED_EDGE('',*,*,#8444,.F.);
#8444 = EDGE_CURVE('',#8445,#8436,#8447,.T.);
#8445 = VERTEX_POINT('',#8446);
#8446 = CARTESIAN_POINT('',(-8.912412618674,10.,5.1));
#8447 = LINE('',#8448,#8449);
#8448 = CARTESIAN_POINT('',(-8.912412618674,10.,5.1));
#8449 = VECTOR('',#8450,1.);
#8450 = DIRECTION('',(1.,0.,0.));
#8451 = ORIENTED_EDGE('',*,*,#8452,.T.);
#8452 = EDGE_CURVE('',#8445,#8445,#8453,.T.);
#8453 = CIRCLE('',#8454,0.1);
#8454 = AXIS2_PLACEMENT_3D('',#8455,#8456,#8457);
#8455 = CARTESIAN_POINT('',(-8.912412618674,10.,5.));
#8456 = DIRECTION('',(1.,0.,-0.));
#8457 = DIRECTION('',(0.,0.,1.));
#8458 = ORIENTED_EDGE('',*,*,#8444,.T.);
#8459 = CYLINDRICAL_SURFACE('',#8460,0.1);
#8460 = AXIS2_PLACEMENT_3D('',#8461,#8462,#8463);
#8461 = CARTESIAN_POINT('',(-8.912412618674,10.,5.));
#8462 = DIRECTION('',(1.,0.,0.));
#8463 = DIRECTION('',(0.,0.,1.));
#8464 = ADVANCED_FACE('',(#8465),#8468,.T.);
#8465 = FACE_BOUND('',#8466,.T.);
#8466 = EDGE_LOOP('',(#8467));
#8467 = ORIENTED_EDGE('',*,*,#8435,.T.);
#8468 = PLANE('',#8469);
#8469 = AXIS2_PLACEMENT_3D('',#8470,#8471,#8472);
#8470 = CARTESIAN_POINT('',(-3.8,10.,5.));
#8471 = DIRECTION('',(1.,0.,0.));
#8472 = DIRECTION('',(0.,0.,1.));
#8473 = ADVANCED_FACE('',(#8474),#8477,.F.);
#8474 = FACE_BOUND('',#8475,.T.);
#8475 = EDGE_LOOP('',(#8476));
#8476 = ORIENTED_EDGE('',*,*,#8452,.F.);
#8477 = PLANE('',#8478);
#8478 = AXIS2_PLACEMENT_3D('',#8479,#8480,#8481);
#8479 = CARTESIAN_POINT('',(-8.912412618674,10.,5.));
#8480 = DIRECTION('',(1.,0.,0.));
#8481 = DIRECTION('',(0.,0.,1.));
#8482 = MANIFOLD_SOLID_BREP('',#8483);
#8483 = CLOSED_SHELL('',(#8484,#8517,#8526));
#8484 = ADVANCED_FACE('',(#8485),#8512,.T.);
#8485 = FACE_BOUND('',#8486,.T.);
#8486 = EDGE_LOOP('',(#8487,#8496,#8504,#8511));
#8487 = ORIENTED_EDGE('',*,*,#8488,.F.);
#8488 = EDGE_CURVE('',#8489,#8489,#8491,.T.);
#8489 = VERTEX_POINT('',#8490);
#8490 = CARTESIAN_POINT('',(-3.7,10.,16.6));
#8491 = CIRCLE('',#8492,0.1);
#8492 = AXIS2_PLACEMENT_3D('',#8493,#8494,#8495);
#8493 = CARTESIAN_POINT('',(-3.8,10.,16.6));
#8494 = DIRECTION('',(0.,0.,1.));
#8495 = DIRECTION('',(1.,0.,0.));
#8496 = ORIENTED_EDGE('',*,*,#8497,.F.);
#8497 = EDGE_CURVE('',#8498,#8489,#8500,.T.);
#8498 = VERTEX_POINT('',#8499);
#8499 = CARTESIAN_POINT('',(-3.7,10.,5.));
#8500 = LINE('',#8501,#8502);
#8501 = CARTESIAN_POINT('',(-3.7,10.,5.));
#8502 = VECTOR('',#8503,1.);
#8503 = DIRECTION('',(0.,0.,1.));
#8504 = ORIENTED_EDGE('',*,*,#8505,.T.);
#8505 = EDGE_CURVE('',#8498,#8498,#8506,.T.);
#8506 = CIRCLE('',#8507,0.1);
#8507 = AXIS2_PLACEMENT_3D('',#8508,#8509,#8510);
#8508 = CARTESIAN_POINT('',(-3.8,10.,5.));
#8509 = DIRECTION('',(0.,0.,1.));
#8510 = DIRECTION('',(1.,0.,0.));
#8511 = ORIENTED_EDGE('',*,*,#8497,.T.);
#8512 = CYLINDRICAL_SURFACE('',#8513,0.1);
#8513 = AXIS2_PLACEMENT_3D('',#8514,#8515,#8516);
#8514 = CARTESIAN_POINT('',(-3.8,10.,5.));
#8515 = DIRECTION('',(0.,0.,1.));
#8516 = DIRECTION('',(1.,0.,0.));
#8517 = ADVANCED_FACE('',(#8518),#8521,.T.);
#8518 = FACE_BOUND('',#8519,.T.);
#8519 = EDGE_LOOP('',(#8520));
#8520 = ORIENTED_EDGE('',*,*,#8488,.T.);
#8521 = PLANE('',#8522);
#8522 = AXIS2_PLACEMENT_3D('',#8523,#8524,#8525);
#8523 = CARTESIAN_POINT('',(-3.8,10.,16.6));
#8524 = DIRECTION('',(0.,0.,1.));
#8525 = DIRECTION('',(1.,0.,0.));
#8526 = ADVANCED_FACE('',(#8527),#8530,.F.);
#8527 = FACE_BOUND('',#8528,.T.);
#8528 = EDGE_LOOP('',(#8529));
#8529 = ORIENTED_EDGE('',*,*,#8505,.F.);
#8530 = PLANE('',#8531);
#8531 = AXIS2_PLACEMENT_3D('',#8532,#8533,#8534);
#8532 = CARTESIAN_POINT('',(-3.8,10.,5.));
#8533 = DIRECTION('',(0.,0.,1.));
#8534 = DIRECTION('',(1.,0.,0.));
#8535 = MANIFOLD_SOLID_BREP('',#8536);
#8536 = CLOSED_SHELL('',(#8537,#8570,#8579));
#8537 = ADVANCED_FACE('',(#8538),#8565,.T.);
#8538 = FACE_BOUND('',#8539,.T.);
#8539 = EDGE_LOOP('',(#8540,#8549,#8557,#8564));
#8540 = ORIENTED_EDGE('',*,*,#8541,.F.);
#8541 = EDGE_CURVE('',#8542,#8542,#8544,.T.);
#8542 = VERTEX_POINT('',#8543);
#8543 = CARTESIAN_POINT('',(-3.8,6.9,16.5));
#8544 = CIRCLE('',#8545,0.1);
#8545 = AXIS2_PLACEMENT_3D('',#8546,#8547,#8548);
#8546 = CARTESIAN_POINT('',(-3.8,6.9,16.6));
#8547 = DIRECTION('',(0.,-1.,0.));
#8548 = DIRECTION('',(0.,0.,-1.));
#8549 = ORIENTED_EDGE('',*,*,#8550,.F.);
#8550 = EDGE_CURVE('',#8551,#8542,#8553,.T.);
#8551 = VERTEX_POINT('',#8552);
#8552 = CARTESIAN_POINT('',(-3.8,10.,16.5));
#8553 = LINE('',#8554,#8555);
#8554 = CARTESIAN_POINT('',(-3.8,10.,16.5));
#8555 = VECTOR('',#8556,1.);
#8556 = DIRECTION('',(0.,-1.,0.));
#8557 = ORIENTED_EDGE('',*,*,#8558,.T.);
#8558 = EDGE_CURVE('',#8551,#8551,#8559,.T.);
#8559 = CIRCLE('',#8560,0.1);
#8560 = AXIS2_PLACEMENT_3D('',#8561,#8562,#8563);
#8561 = CARTESIAN_POINT('',(-3.8,10.,16.6));
#8562 = DIRECTION('',(0.,-1.,0.));
#8563 = DIRECTION('',(0.,0.,-1.));
#8564 = ORIENTED_EDGE('',*,*,#8550,.T.);
#8565 = CYLINDRICAL_SURFACE('',#8566,0.1);
#8566 = AXIS2_PLACEMENT_3D('',#8567,#8568,#8569);
#8567 = CARTESIAN_POINT('',(-3.8,10.,16.6));
#8568 = DIRECTION('',(0.,-1.,0.));
#8569 = DIRECTION('',(0.,0.,-1.));
#8570 = ADVANCED_FACE('',(#8571),#8574,.T.);
#8571 = FACE_BOUND('',#8572,.T.);
#8572 = EDGE_LOOP('',(#8573));
#8573 = ORIENTED_EDGE('',*,*,#8541,.T.);
#8574 = PLANE('',#8575);
#8575 = AXIS2_PLACEMENT_3D('',#8576,#8577,#8578);
#8576 = CARTESIAN_POINT('',(-3.8,6.9,16.6));
#8577 = DIRECTION('',(0.,-1.,0.));
#8578 = DIRECTION('',(0.,0.,-1.));
#8579 = ADVANCED_FACE('',(#8580),#8583,.F.);
#8580 = FACE_BOUND('',#8581,.T.);
#8581 = EDGE_LOOP('',(#8582));
#8582 = ORIENTED_EDGE('',*,*,#8558,.F.);
#8583 = PLANE('',#8584);
#8584 = AXIS2_PLACEMENT_3D('',#8585,#8586,#8587);
#8585 = CARTESIAN_POINT('',(-3.8,10.,16.6));
#8586 = DIRECTION('',(0.,-1.,0.));
#8587 = DIRECTION('',(0.,0.,-1.));
#8588 = MANIFOLD_SOLID_BREP('',#8589);
#8589 = CLOSED_SHELL('',(#8590,#8625,#8685,#8730,#8747,#8772,#8823,#8859
    ,#8875,#8885));
#8590 = ADVANCED_FACE('',(#8591),#8620,.T.);
#8591 = FACE_BOUND('',#8592,.T.);
#8592 = EDGE_LOOP('',(#8593,#8604,#8613));
#8593 = ORIENTED_EDGE('',*,*,#8594,.F.);
#8594 = EDGE_CURVE('',#8595,#8597,#8599,.T.);
#8595 = VERTEX_POINT('',#8596);
#8596 = CARTESIAN_POINT('',(2.3,8.5,18.38));
#8597 = VERTEX_POINT('',#8598);
#8598 = CARTESIAN_POINT('',(2.189355487429,8.5682480171,18.25));
#8599 = CIRCLE('',#8600,0.13);
#8600 = AXIS2_PLACEMENT_3D('',#8601,#8602,#8603);
#8601 = CARTESIAN_POINT('',(2.3,8.5,18.25));
#8602 = DIRECTION('',(-0.52498474692,-0.851111635158,-0.));
#8603 = DIRECTION('',(-0.851111635158,0.52498474692,0.));
#8604 = ORIENTED_EDGE('',*,*,#8605,.F.);
#8605 = EDGE_CURVE('',#8606,#8595,#8608,.T.);
#8606 = VERTEX_POINT('',#8607);
#8607 = CARTESIAN_POINT('',(2.3,8.5,18.12));
#8608 = CIRCLE('',#8609,0.13);
#8609 = AXIS2_PLACEMENT_3D('',#8610,#8611,#8612);
#8610 = CARTESIAN_POINT('',(2.3,8.5,18.25));
#8611 = DIRECTION('',(-2.449293598295E-16,-1.,0.));
#8612 = DIRECTION('',(1.,-2.449293598295E-16,0.));
#8613 = ORIENTED_EDGE('',*,*,#8614,.F.);
#8614 = EDGE_CURVE('',#8597,#8606,#8615,.T.);
#8615 = CIRCLE('',#8616,0.13);
#8616 = AXIS2_PLACEMENT_3D('',#8617,#8618,#8619);
#8617 = CARTESIAN_POINT('',(2.3,8.5,18.25));
#8618 = DIRECTION('',(-0.52498474692,-0.851111635158,-0.));
#8619 = DIRECTION('',(-0.851111635158,0.52498474692,0.));
#8620 = SPHERICAL_SURFACE('',#8621,0.13);
#8621 = AXIS2_PLACEMENT_3D('',#8622,#8623,#8624);
#8622 = CARTESIAN_POINT('',(2.3,8.5,18.25));
#8623 = DIRECTION('',(0.,0.,1.));
#8624 = DIRECTION('',(1.,0.,0.));
#8625 = ADVANCED_FACE('',(#8626),#8680,.T.);
#8626 = FACE_BOUND('',#8627,.T.);
#8627 = EDGE_LOOP('',(#8628,#8636,#8637,#8646,#8653,#8654,#8655,#8664,
    #8673));
#8628 = ORIENTED_EDGE('',*,*,#8629,.F.);
#8629 = EDGE_CURVE('',#8597,#8630,#8632,.T.);
#8630 = VERTEX_POINT('',#8631);
#8631 = CARTESIAN_POINT('',(-4.410644512571,-2.1317519829,18.25));
#8632 = LINE('',#8633,#8634);
#8633 = CARTESIAN_POINT('',(2.189355487429,8.5682480171,18.25));
#8634 = VECTOR('',#8635,1.);
#8635 = DIRECTION('',(-0.52498474692,-0.851111635158,1.404833379785E-33)
  );
#8636 = ORIENTED_EDGE('',*,*,#8614,.T.);
#8637 = ORIENTED_EDGE('',*,*,#8638,.T.);
#8638 = EDGE_CURVE('',#8606,#8639,#8641,.T.);
#8639 = VERTEX_POINT('',#8640);
#8640 = CARTESIAN_POINT('',(2.17,8.041616182218,18.25));
#8641 = ELLIPSE('',#8642,0.476461671496,0.13);
#8642 = AXIS2_PLACEMENT_3D('',#8643,#8644,#8645);
#8643 = CARTESIAN_POINT('',(2.3,8.5,18.25));
#8644 = DIRECTION('',(-0.962058115489,0.272844612226,0.));
#8645 = DIRECTION('',(-0.272844612226,-0.962058115489,0.));
#8646 = ORIENTED_EDGE('',*,*,#8647,.T.);
#8647 = EDGE_CURVE('',#8639,#8595,#8648,.T.);
#8648 = ELLIPSE('',#8649,0.476461671496,0.13);
#8649 = AXIS2_PLACEMENT_3D('',#8650,#8651,#8652);
#8650 = CARTESIAN_POINT('',(2.3,8.5,18.25));
#8651 = DIRECTION('',(-0.962058115489,0.272844612226,0.));
#8652 = DIRECTION('',(-0.272844612226,-0.962058115489,0.));
#8653 = ORIENTED_EDGE('',*,*,#8594,.T.);
#8654 = ORIENTED_EDGE('',*,*,#8629,.T.);
#8655 = ORIENTED_EDGE('',*,*,#8656,.F.);
#8656 = EDGE_CURVE('',#8657,#8630,#8659,.T.);
#8657 = VERTEX_POINT('',#8658);
#8658 = CARTESIAN_POINT('',(-4.3,-2.2,18.38));
#8659 = CIRCLE('',#8660,0.13);
#8660 = AXIS2_PLACEMENT_3D('',#8661,#8662,#8663);
#8661 = CARTESIAN_POINT('',(-4.3,-2.2,18.25));
#8662 = DIRECTION('',(-0.52498474692,-0.851111635158,-0.));
#8663 = DIRECTION('',(-0.851111635158,0.52498474692,0.));
#8664 = ORIENTED_EDGE('',*,*,#8665,.F.);
#8665 = EDGE_CURVE('',#8666,#8657,#8668,.T.);
#8666 = VERTEX_POINT('',#8667);
#8667 = CARTESIAN_POINT('',(-4.3,-2.2,18.12));
#8668 = ELLIPSE('',#8669,0.266750088671,0.13);
#8669 = AXIS2_PLACEMENT_3D('',#8670,#8671,#8672);
#8670 = CARTESIAN_POINT('',(-4.3,-2.2,18.25));
#8671 = DIRECTION('',(0.487347541843,-0.873208092874,0.));
#8672 = DIRECTION('',(-0.873208092874,-0.487347541843,0.));
#8673 = ORIENTED_EDGE('',*,*,#8674,.F.);
#8674 = EDGE_CURVE('',#8630,#8666,#8675,.T.);
#8675 = CIRCLE('',#8676,0.13);
#8676 = AXIS2_PLACEMENT_3D('',#8677,#8678,#8679);
#8677 = CARTESIAN_POINT('',(-4.3,-2.2,18.25));
#8678 = DIRECTION('',(-0.52498474692,-0.851111635158,-0.));
#8679 = DIRECTION('',(-0.851111635158,0.52498474692,0.));
#8680 = CYLINDRICAL_SURFACE('',#8681,0.13);
#8681 = AXIS2_PLACEMENT_3D('',#8682,#8683,#8684);
#8682 = CARTESIAN_POINT('',(2.3,8.5,18.25));
#8683 = DIRECTION('',(-0.52498474692,-0.851111635158,0.));
#8684 = DIRECTION('',(-0.851111635158,0.52498474692,0.));
#8685 = ADVANCED_FACE('',(#8686),#8725,.T.);
#8686 = FACE_BOUND('',#8687,.T.);
#8687 = EDGE_LOOP('',(#8688,#8699,#8705,#8706,#8707,#8708,#8709,#8718));
#8688 = ORIENTED_EDGE('',*,*,#8689,.F.);
#8689 = EDGE_CURVE('',#8690,#8692,#8694,.T.);
#8690 = VERTEX_POINT('',#8691);
#8691 = CARTESIAN_POINT('',(2.3,-2.2,18.12));
#8692 = VERTEX_POINT('',#8693);
#8693 = CARTESIAN_POINT('',(2.43,-2.07,18.25));
#8694 = ELLIPSE('',#8695,0.183847763109,0.13);
#8695 = AXIS2_PLACEMENT_3D('',#8696,#8697,#8698);
#8696 = CARTESIAN_POINT('',(2.3,-2.2,18.25));
#8697 = DIRECTION('',(0.707106781187,-0.707106781187,0.));
#8698 = DIRECTION('',(0.707106781187,0.707106781187,0.));
#8699 = ORIENTED_EDGE('',*,*,#8700,.F.);
#8700 = EDGE_CURVE('',#8606,#8690,#8701,.T.);
#8701 = LINE('',#8702,#8703);
#8702 = CARTESIAN_POINT('',(2.3,8.5,18.12));
#8703 = VECTOR('',#8704,1.);
#8704 = DIRECTION('',(0.,-1.,0.));
#8705 = ORIENTED_EDGE('',*,*,#8605,.T.);
#8706 = ORIENTED_EDGE('',*,*,#8647,.F.);
#8707 = ORIENTED_EDGE('',*,*,#8638,.F.);
#8708 = ORIENTED_EDGE('',*,*,#8700,.T.);
#8709 = ORIENTED_EDGE('',*,*,#8710,.T.);
#8710 = EDGE_CURVE('',#8690,#8711,#8713,.T.);
#8711 = VERTEX_POINT('',#8712);
#8712 = CARTESIAN_POINT('',(2.3,-2.2,18.38));
#8713 = ELLIPSE('',#8714,0.183847763109,0.13);
#8714 = AXIS2_PLACEMENT_3D('',#8715,#8716,#8717);
#8715 = CARTESIAN_POINT('',(2.3,-2.2,18.25));
#8716 = DIRECTION('',(0.707106781187,0.707106781187,0.));
#8717 = DIRECTION('',(0.707106781187,-0.707106781187,0.));
#8718 = ORIENTED_EDGE('',*,*,#8719,.F.);
#8719 = EDGE_CURVE('',#8692,#8711,#8720,.T.);
#8720 = ELLIPSE('',#8721,0.183847763109,0.13);
#8721 = AXIS2_PLACEMENT_3D('',#8722,#8723,#8724);
#8722 = CARTESIAN_POINT('',(2.3,-2.2,18.25));
#8723 = DIRECTION('',(0.707106781187,-0.707106781187,0.));
#8724 = DIRECTION('',(0.707106781187,0.707106781187,0.));
#8725 = CYLINDRICAL_SURFACE('',#8726,0.13);
#8726 = AXIS2_PLACEMENT_3D('',#8727,#8728,#8729);
#8727 = CARTESIAN_POINT('',(2.3,8.5,18.25));
#8728 = DIRECTION('',(0.,-1.,0.));
#8729 = DIRECTION('',(0.,0.,-1.));
#8730 = ADVANCED_FACE('',(#8731),#8742,.T.);
#8731 = FACE_BOUND('',#8732,.T.);
#8732 = EDGE_LOOP('',(#8733,#8734,#8741));
#8733 = ORIENTED_EDGE('',*,*,#8674,.T.);
#8734 = ORIENTED_EDGE('',*,*,#8735,.F.);
#8735 = EDGE_CURVE('',#8657,#8666,#8736,.T.);
#8736 = CIRCLE('',#8737,0.13);
#8737 = AXIS2_PLACEMENT_3D('',#8738,#8739,#8740);
#8738 = CARTESIAN_POINT('',(-4.3,-2.2,18.25));
#8739 = DIRECTION('',(1.,0.,-0.));
#8740 = DIRECTION('',(0.,0.,1.));
#8741 = ORIENTED_EDGE('',*,*,#8656,.T.);
#8742 = SPHERICAL_SURFACE('',#8743,0.13);
#8743 = AXIS2_PLACEMENT_3D('',#8744,#8745,#8746);
#8744 = CARTESIAN_POINT('',(-4.3,-2.2,18.25));
#8745 = DIRECTION('',(0.,0.,1.));
#8746 = DIRECTION('',(1.,0.,0.));
#8747 = ADVANCED_FACE('',(#8748),#8767,.T.);
#8748 = FACE_BOUND('',#8749,.T.);
#8749 = EDGE_LOOP('',(#8750,#8751,#8752,#8758,#8759,#8766));
#8750 = ORIENTED_EDGE('',*,*,#8735,.T.);
#8751 = ORIENTED_EDGE('',*,*,#8665,.T.);
#8752 = ORIENTED_EDGE('',*,*,#8753,.T.);
#8753 = EDGE_CURVE('',#8657,#8711,#8754,.T.);
#8754 = LINE('',#8755,#8756);
#8755 = CARTESIAN_POINT('',(-4.3,-2.2,18.38));
#8756 = VECTOR('',#8757,1.);
#8757 = DIRECTION('',(1.,0.,0.));
#8758 = ORIENTED_EDGE('',*,*,#8710,.F.);
#8759 = ORIENTED_EDGE('',*,*,#8760,.F.);
#8760 = EDGE_CURVE('',#8711,#8690,#8761,.T.);
#8761 = ELLIPSE('',#8762,0.183847763109,0.13);
#8762 = AXIS2_PLACEMENT_3D('',#8763,#8764,#8765);
#8763 = CARTESIAN_POINT('',(2.3,-2.2,18.25));
#8764 = DIRECTION('',(0.707106781187,-0.707106781187,0.));
#8765 = DIRECTION('',(0.707106781187,0.707106781187,0.));
#8766 = ORIENTED_EDGE('',*,*,#8753,.F.);
#8767 = CYLINDRICAL_SURFACE('',#8768,0.13);
#8768 = AXIS2_PLACEMENT_3D('',#8769,#8770,#8771);
#8769 = CARTESIAN_POINT('',(-4.3,-2.2,18.25));
#8770 = DIRECTION('',(1.,0.,0.));
#8771 = DIRECTION('',(0.,0.,1.));
#8772 = ADVANCED_FACE('',(#8773),#8818,.T.);
#8773 = FACE_BOUND('',#8774,.T.);
#8774 = EDGE_LOOP('',(#8775,#8776,#8784,#8793,#8800,#8801,#8810,#8817));
#8775 = ORIENTED_EDGE('',*,*,#8719,.T.);
#8776 = ORIENTED_EDGE('',*,*,#8777,.T.);
#8777 = EDGE_CURVE('',#8711,#8778,#8780,.T.);
#8778 = VERTEX_POINT('',#8779);
#8779 = CARTESIAN_POINT('',(4.5,-2.2,18.38));
#8780 = LINE('',#8781,#8782);
#8781 = CARTESIAN_POINT('',(-4.3,-2.2,18.38));
#8782 = VECTOR('',#8783,1.);
#8783 = DIRECTION('',(1.,0.,0.));
#8784 = ORIENTED_EDGE('',*,*,#8785,.F.);
#8785 = EDGE_CURVE('',#8786,#8778,#8788,.T.);
#8786 = VERTEX_POINT('',#8787);
#8787 = CARTESIAN_POINT('',(4.5,-2.2,18.12));
#8788 = CIRCLE('',#8789,0.13);
#8789 = AXIS2_PLACEMENT_3D('',#8790,#8791,#8792);
#8790 = CARTESIAN_POINT('',(4.5,-2.2,18.25));
#8791 = DIRECTION('',(1.,0.,-0.));
#8792 = DIRECTION('',(0.,0.,1.));
#8793 = ORIENTED_EDGE('',*,*,#8794,.F.);
#8794 = EDGE_CURVE('',#8778,#8786,#8795,.T.);
#8795 = CIRCLE('',#8796,0.13);
#8796 = AXIS2_PLACEMENT_3D('',#8797,#8798,#8799);
#8797 = CARTESIAN_POINT('',(4.5,-2.2,18.25));
#8798 = DIRECTION('',(1.,0.,-0.));
#8799 = DIRECTION('',(0.,0.,1.));
#8800 = ORIENTED_EDGE('',*,*,#8777,.F.);
#8801 = ORIENTED_EDGE('',*,*,#8802,.T.);
#8802 = EDGE_CURVE('',#8711,#8803,#8805,.T.);
#8803 = VERTEX_POINT('',#8804);
#8804 = CARTESIAN_POINT('',(2.43,-2.33,18.25));
#8805 = ELLIPSE('',#8806,0.183847763109,0.13);
#8806 = AXIS2_PLACEMENT_3D('',#8807,#8808,#8809);
#8807 = CARTESIAN_POINT('',(2.3,-2.2,18.25));
#8808 = DIRECTION('',(0.707106781187,0.707106781187,0.));
#8809 = DIRECTION('',(0.707106781187,-0.707106781187,0.));
#8810 = ORIENTED_EDGE('',*,*,#8811,.T.);
#8811 = EDGE_CURVE('',#8803,#8690,#8812,.T.);
#8812 = ELLIPSE('',#8813,0.183847763109,0.13);
#8813 = AXIS2_PLACEMENT_3D('',#8814,#8815,#8816);
#8814 = CARTESIAN_POINT('',(2.3,-2.2,18.25));
#8815 = DIRECTION('',(0.707106781187,0.707106781187,0.));
#8816 = DIRECTION('',(0.707106781187,-0.707106781187,0.));
#8817 = ORIENTED_EDGE('',*,*,#8689,.T.);
#8818 = CYLINDRICAL_SURFACE('',#8819,0.13);
#8819 = AXIS2_PLACEMENT_3D('',#8820,#8821,#8822);
#8820 = CARTESIAN_POINT('',(-4.3,-2.2,18.25));
#8821 = DIRECTION('',(1.,0.,0.));
#8822 = DIRECTION('',(0.,0.,1.));
#8823 = ADVANCED_FACE('',(#8824),#8854,.T.);
#8824 = FACE_BOUND('',#8825,.T.);
#8825 = EDGE_LOOP('',(#8826,#8827,#8835,#8844,#8851,#8852,#8853));
#8826 = ORIENTED_EDGE('',*,*,#8760,.T.);
#8827 = ORIENTED_EDGE('',*,*,#8828,.T.);
#8828 = EDGE_CURVE('',#8690,#8829,#8831,.T.);
#8829 = VERTEX_POINT('',#8830);
#8830 = CARTESIAN_POINT('',(2.3,-8.5,18.12));
#8831 = LINE('',#8832,#8833);
#8832 = CARTESIAN_POINT('',(2.3,8.5,18.12));
#8833 = VECTOR('',#8834,1.);
#8834 = DIRECTION('',(0.,-1.,0.));
#8835 = ORIENTED_EDGE('',*,*,#8836,.F.);
#8836 = EDGE_CURVE('',#8837,#8829,#8839,.T.);
#8837 = VERTEX_POINT('',#8838);
#8838 = CARTESIAN_POINT('',(2.3,-8.5,18.38));
#8839 = CIRCLE('',#8840,0.13);
#8840 = AXIS2_PLACEMENT_3D('',#8841,#8842,#8843);
#8841 = CARTESIAN_POINT('',(2.3,-8.5,18.25));
#8842 = DIRECTION('',(0.,-1.,0.));
#8843 = DIRECTION('',(0.,0.,-1.));
#8844 = ORIENTED_EDGE('',*,*,#8845,.F.);
#8845 = EDGE_CURVE('',#8829,#8837,#8846,.T.);
#8846 = CIRCLE('',#8847,0.13);
#8847 = AXIS2_PLACEMENT_3D('',#8848,#8849,#8850);
#8848 = CARTESIAN_POINT('',(2.3,-8.5,18.25));
#8849 = DIRECTION('',(0.,-1.,0.));
#8850 = DIRECTION('',(0.,0.,-1.));
#8851 = ORIENTED_EDGE('',*,*,#8828,.F.);
#8852 = ORIENTED_EDGE('',*,*,#8811,.F.);
#8853 = ORIENTED_EDGE('',*,*,#8802,.F.);
#8854 = CYLINDRICAL_SURFACE('',#8855,0.13);
#8855 = AXIS2_PLACEMENT_3D('',#8856,#8857,#8858);
#8856 = CARTESIAN_POINT('',(2.3,8.5,18.25));
#8857 = DIRECTION('',(0.,-1.,0.));
#8858 = DIRECTION('',(0.,0.,-1.));
#8859 = ADVANCED_FACE('',(#8860),#8870,.T.);
#8860 = FACE_BOUND('',#8861,.T.);
#8861 = EDGE_LOOP('',(#8862,#8869));
#8862 = ORIENTED_EDGE('',*,*,#8863,.T.);
#8863 = EDGE_CURVE('',#8786,#8778,#8864,.T.);
#8864 = CIRCLE('',#8865,0.13);
#8865 = AXIS2_PLACEMENT_3D('',#8866,#8867,#8868);
#8866 = CARTESIAN_POINT('',(4.5,-2.2,18.25));
#8867 = DIRECTION('',(-2.449293598295E-16,-1.,0.));
#8868 = DIRECTION('',(1.,-2.449293598295E-16,0.));
#8869 = ORIENTED_EDGE('',*,*,#8794,.T.);
#8870 = SPHERICAL_SURFACE('',#8871,0.13);
#8871 = AXIS2_PLACEMENT_3D('',#8872,#8873,#8874);
#8872 = CARTESIAN_POINT('',(4.5,-2.2,18.25));
#8873 = DIRECTION('',(0.,0.,1.));
#8874 = DIRECTION('',(1.,0.,0.));
#8875 = ADVANCED_FACE('',(#8876),#8880,.T.);
#8876 = FACE_BOUND('',#8877,.T.);
#8877 = EDGE_LOOP('',(#8878,#8879));
#8878 = ORIENTED_EDGE('',*,*,#8785,.T.);
#8879 = ORIENTED_EDGE('',*,*,#8863,.F.);
#8880 = SPHERICAL_SURFACE('',#8881,0.13);
#8881 = AXIS2_PLACEMENT_3D('',#8882,#8883,#8884);
#8882 = CARTESIAN_POINT('',(4.5,-2.2,18.25));
#8883 = DIRECTION('',(0.,0.,1.));
#8884 = DIRECTION('',(1.,0.,0.));
#8885 = ADVANCED_FACE('',(#8886),#8890,.T.);
#8886 = FACE_BOUND('',#8887,.T.);
#8887 = EDGE_LOOP('',(#8888,#8889));
#8888 = ORIENTED_EDGE('',*,*,#8845,.T.);
#8889 = ORIENTED_EDGE('',*,*,#8836,.T.);
#8890 = SPHERICAL_SURFACE('',#8891,0.13);
#8891 = AXIS2_PLACEMENT_3D('',#8892,#8893,#8894);
#8892 = CARTESIAN_POINT('',(2.3,-8.5,18.25));
#8893 = DIRECTION('',(0.,0.,1.));
#8894 = DIRECTION('',(1.,0.,0.));
#8895 = MANIFOLD_SOLID_BREP('',#8896);
#8896 = CLOSED_SHELL('',(#8897,#8930,#8939));
#8897 = ADVANCED_FACE('',(#8898),#8925,.T.);
#8898 = FACE_BOUND('',#8899,.T.);
#8899 = EDGE_LOOP('',(#8900,#8909,#8917,#8924));
#8900 = ORIENTED_EDGE('',*,*,#8901,.F.);
#8901 = EDGE_CURVE('',#8902,#8902,#8904,.T.);
#8902 = VERTEX_POINT('',#8903);
#8903 = CARTESIAN_POINT('',(5.001751315135,7.548035111509,5.));
#8904 = CIRCLE('',#8905,0.1);
#8905 = AXIS2_PLACEMENT_3D('',#8906,#8907,#8908);
#8906 = CARTESIAN_POINT('',(4.901751315135,7.548035111509,5.));
#8907 = DIRECTION('',(0.,0.,1.));
#8908 = DIRECTION('',(1.,0.,0.));
#8909 = ORIENTED_EDGE('',*,*,#8910,.F.);
#8910 = EDGE_CURVE('',#8911,#8902,#8913,.T.);
#8911 = VERTEX_POINT('',#8912);
#8912 = CARTESIAN_POINT('',(5.001751315135,7.548035111509,2.8));
#8913 = LINE('',#8914,#8915);
#8914 = CARTESIAN_POINT('',(5.001751315135,7.548035111509,2.8));
#8915 = VECTOR('',#8916,1.);
#8916 = DIRECTION('',(0.,0.,1.));
#8917 = ORIENTED_EDGE('',*,*,#8918,.T.);
#8918 = EDGE_CURVE('',#8911,#8911,#8919,.T.);
#8919 = CIRCLE('',#8920,0.1);
#8920 = AXIS2_PLACEMENT_3D('',#8921,#8922,#8923);
#8921 = CARTESIAN_POINT('',(4.901751315135,7.548035111509,2.8));
#8922 = DIRECTION('',(0.,0.,1.));
#8923 = DIRECTION('',(1.,0.,0.));
#8924 = ORIENTED_EDGE('',*,*,#8910,.T.);
#8925 = CYLINDRICAL_SURFACE('',#8926,0.1);
#8926 = AXIS2_PLACEMENT_3D('',#8927,#8928,#8929);
#8927 = CARTESIAN_POINT('',(4.901751315135,7.548035111509,2.8));
#8928 = DIRECTION('',(0.,0.,1.));
#8929 = DIRECTION('',(1.,0.,0.));
#8930 = ADVANCED_FACE('',(#8931),#8934,.T.);
#8931 = FACE_BOUND('',#8932,.T.);
#8932 = EDGE_LOOP('',(#8933));
#8933 = ORIENTED_EDGE('',*,*,#8901,.T.);
#8934 = PLANE('',#8935);
#8935 = AXIS2_PLACEMENT_3D('',#8936,#8937,#8938);
#8936 = CARTESIAN_POINT('',(4.901751315135,7.548035111509,5.));
#8937 = DIRECTION('',(0.,0.,1.));
#8938 = DIRECTION('',(1.,0.,0.));
#8939 = ADVANCED_FACE('',(#8940),#8943,.F.);
#8940 = FACE_BOUND('',#8941,.T.);
#8941 = EDGE_LOOP('',(#8942));
#8942 = ORIENTED_EDGE('',*,*,#8918,.F.);
#8943 = PLANE('',#8944);
#8944 = AXIS2_PLACEMENT_3D('',#8945,#8946,#8947);
#8945 = CARTESIAN_POINT('',(4.901751315135,7.548035111509,2.8));
#8946 = DIRECTION('',(0.,0.,1.));
#8947 = DIRECTION('',(1.,0.,0.));
#8948 = MANIFOLD_SOLID_BREP('',#8949);
#8949 = CLOSED_SHELL('',(#8950,#8983,#8992));
#8950 = ADVANCED_FACE('',(#8951),#8978,.T.);
#8951 = FACE_BOUND('',#8952,.T.);
#8952 = EDGE_LOOP('',(#8953,#8962,#8970,#8977));
#8953 = ORIENTED_EDGE('',*,*,#8954,.F.);
#8954 = EDGE_CURVE('',#8955,#8955,#8957,.T.);
#8955 = VERTEX_POINT('',#8956);
#8956 = CARTESIAN_POINT('',(4.901751315135,10.,5.1));
#8957 = CIRCLE('',#8958,0.1);
#8958 = AXIS2_PLACEMENT_3D('',#8959,#8960,#8961);
#8959 = CARTESIAN_POINT('',(4.901751315135,10.,5.));
#8960 = DIRECTION('',(0.,1.,0.));
#8961 = DIRECTION('',(0.,0.,1.));
#8962 = ORIENTED_EDGE('',*,*,#8963,.F.);
#8963 = EDGE_CURVE('',#8964,#8955,#8966,.T.);
#8964 = VERTEX_POINT('',#8965);
#8965 = CARTESIAN_POINT('',(4.901751315135,7.548035111509,5.1));
#8966 = LINE('',#8967,#8968);
#8967 = CARTESIAN_POINT('',(4.901751315135,7.548035111509,5.1));
#8968 = VECTOR('',#8969,1.);
#8969 = DIRECTION('',(0.,1.,0.));
#8970 = ORIENTED_EDGE('',*,*,#8971,.T.);
#8971 = EDGE_CURVE('',#8964,#8964,#8972,.T.);
#8972 = CIRCLE('',#8973,0.1);
#8973 = AXIS2_PLACEMENT_3D('',#8974,#8975,#8976);
#8974 = CARTESIAN_POINT('',(4.901751315135,7.548035111509,5.));
#8975 = DIRECTION('',(0.,1.,0.));
#8976 = DIRECTION('',(0.,0.,1.));
#8977 = ORIENTED_EDGE('',*,*,#8963,.T.);
#8978 = CYLINDRICAL_SURFACE('',#8979,0.1);
#8979 = AXIS2_PLACEMENT_3D('',#8980,#8981,#8982);
#8980 = CARTESIAN_POINT('',(4.901751315135,7.548035111509,5.));
#8981 = DIRECTION('',(0.,1.,0.));
#8982 = DIRECTION('',(0.,0.,1.));
#8983 = ADVANCED_FACE('',(#8984),#8987,.T.);
#8984 = FACE_BOUND('',#8985,.T.);
#8985 = EDGE_LOOP('',(#8986));
#8986 = ORIENTED_EDGE('',*,*,#8954,.T.);
#8987 = PLANE('',#8988);
#8988 = AXIS2_PLACEMENT_3D('',#8989,#8990,#8991);
#8989 = CARTESIAN_POINT('',(4.901751315135,10.,5.));
#8990 = DIRECTION('',(0.,1.,0.));
#8991 = DIRECTION('',(0.,0.,1.));
#8992 = ADVANCED_FACE('',(#8993),#8996,.F.);
#8993 = FACE_BOUND('',#8994,.T.);
#8994 = EDGE_LOOP('',(#8995));
#8995 = ORIENTED_EDGE('',*,*,#8971,.F.);
#8996 = PLANE('',#8997);
#8997 = AXIS2_PLACEMENT_3D('',#8998,#8999,#9000);
#8998 = CARTESIAN_POINT('',(4.901751315135,7.548035111509,5.));
#8999 = DIRECTION('',(0.,1.,0.));
#9000 = DIRECTION('',(0.,0.,1.));
#9001 = MANIFOLD_SOLID_BREP('',#9002);
#9002 = CLOSED_SHELL('',(#9003,#9036,#9045));
#9003 = ADVANCED_FACE('',(#9004),#9031,.T.);
#9004 = FACE_BOUND('',#9005,.T.);
#9005 = EDGE_LOOP('',(#9006,#9015,#9023,#9030));
#9006 = ORIENTED_EDGE('',*,*,#9007,.F.);
#9007 = EDGE_CURVE('',#9008,#9008,#9010,.T.);
#9008 = VERTEX_POINT('',#9009);
#9009 = CARTESIAN_POINT('',(2.3,10.,4.9));
#9010 = CIRCLE('',#9011,0.1);
#9011 = AXIS2_PLACEMENT_3D('',#9012,#9013,#9014);
#9012 = CARTESIAN_POINT('',(2.3,10.,5.));
#9013 = DIRECTION('',(-1.,0.,0.));
#9014 = DIRECTION('',(0.,0.,-1.));
#9015 = ORIENTED_EDGE('',*,*,#9016,.F.);
#9016 = EDGE_CURVE('',#9017,#9008,#9019,.T.);
#9017 = VERTEX_POINT('',#9018);
#9018 = CARTESIAN_POINT('',(4.901751315135,10.,4.9));
#9019 = LINE('',#9020,#9021);
#9020 = CARTESIAN_POINT('',(4.901751315135,10.,4.9));
#9021 = VECTOR('',#9022,1.);
#9022 = DIRECTION('',(-1.,0.,0.));
#9023 = ORIENTED_EDGE('',*,*,#9024,.T.);
#9024 = EDGE_CURVE('',#9017,#9017,#9025,.T.);
#9025 = CIRCLE('',#9026,0.1);
#9026 = AXIS2_PLACEMENT_3D('',#9027,#9028,#9029);
#9027 = CARTESIAN_POINT('',(4.901751315135,10.,5.));
#9028 = DIRECTION('',(-1.,0.,0.));
#9029 = DIRECTION('',(0.,0.,-1.));
#9030 = ORIENTED_EDGE('',*,*,#9016,.T.);
#9031 = CYLINDRICAL_SURFACE('',#9032,0.1);
#9032 = AXIS2_PLACEMENT_3D('',#9033,#9034,#9035);
#9033 = CARTESIAN_POINT('',(4.901751315135,10.,5.));
#9034 = DIRECTION('',(-1.,0.,0.));
#9035 = DIRECTION('',(0.,0.,-1.));
#9036 = ADVANCED_FACE('',(#9037),#9040,.T.);
#9037 = FACE_BOUND('',#9038,.T.);
#9038 = EDGE_LOOP('',(#9039));
#9039 = ORIENTED_EDGE('',*,*,#9007,.T.);
#9040 = PLANE('',#9041);
#9041 = AXIS2_PLACEMENT_3D('',#9042,#9043,#9044);
#9042 = CARTESIAN_POINT('',(2.3,10.,5.));
#9043 = DIRECTION('',(-1.,0.,0.));
#9044 = DIRECTION('',(0.,0.,-1.));
#9045 = ADVANCED_FACE('',(#9046),#9049,.F.);
#9046 = FACE_BOUND('',#9047,.T.);
#9047 = EDGE_LOOP('',(#9048));
#9048 = ORIENTED_EDGE('',*,*,#9024,.F.);
#9049 = PLANE('',#9050);
#9050 = AXIS2_PLACEMENT_3D('',#9051,#9052,#9053);
#9051 = CARTESIAN_POINT('',(4.901751315135,10.,5.));
#9052 = DIRECTION('',(-1.,0.,0.));
#9053 = DIRECTION('',(0.,0.,-1.));
#9054 = MANIFOLD_SOLID_BREP('',#9055);
#9055 = CLOSED_SHELL('',(#9056,#9089,#9098));
#9056 = ADVANCED_FACE('',(#9057),#9084,.T.);
#9057 = FACE_BOUND('',#9058,.T.);
#9058 = EDGE_LOOP('',(#9059,#9068,#9076,#9083));
#9059 = ORIENTED_EDGE('',*,*,#9060,.F.);
#9060 = EDGE_CURVE('',#9061,#9061,#9063,.T.);
#9061 = VERTEX_POINT('',#9062);
#9062 = CARTESIAN_POINT('',(2.4,10.,18.25));
#9063 = CIRCLE('',#9064,0.1);
#9064 = AXIS2_PLACEMENT_3D('',#9065,#9066,#9067);
#9065 = CARTESIAN_POINT('',(2.3,10.,18.25));
#9066 = DIRECTION('',(0.,0.,1.));
#9067 = DIRECTION('',(1.,0.,0.));
#9068 = ORIENTED_EDGE('',*,*,#9069,.F.);
#9069 = EDGE_CURVE('',#9070,#9061,#9072,.T.);
#9070 = VERTEX_POINT('',#9071);
#9071 = CARTESIAN_POINT('',(2.4,10.,5.));
#9072 = LINE('',#9073,#9074);
#9073 = CARTESIAN_POINT('',(2.4,10.,5.));
#9074 = VECTOR('',#9075,1.);
#9075 = DIRECTION('',(0.,0.,1.));
#9076 = ORIENTED_EDGE('',*,*,#9077,.T.);
#9077 = EDGE_CURVE('',#9070,#9070,#9078,.T.);
#9078 = CIRCLE('',#9079,0.1);
#9079 = AXIS2_PLACEMENT_3D('',#9080,#9081,#9082);
#9080 = CARTESIAN_POINT('',(2.3,10.,5.));
#9081 = DIRECTION('',(0.,0.,1.));
#9082 = DIRECTION('',(1.,0.,0.));
#9083 = ORIENTED_EDGE('',*,*,#9069,.T.);
#9084 = CYLINDRICAL_SURFACE('',#9085,0.1);
#9085 = AXIS2_PLACEMENT_3D('',#9086,#9087,#9088);
#9086 = CARTESIAN_POINT('',(2.3,10.,5.));
#9087 = DIRECTION('',(0.,0.,1.));
#9088 = DIRECTION('',(1.,0.,0.));
#9089 = ADVANCED_FACE('',(#9090),#9093,.T.);
#9090 = FACE_BOUND('',#9091,.T.);
#9091 = EDGE_LOOP('',(#9092));
#9092 = ORIENTED_EDGE('',*,*,#9060,.T.);
#9093 = PLANE('',#9094);
#9094 = AXIS2_PLACEMENT_3D('',#9095,#9096,#9097);
#9095 = CARTESIAN_POINT('',(2.3,10.,18.25));
#9096 = DIRECTION('',(0.,0.,1.));
#9097 = DIRECTION('',(1.,0.,0.));
#9098 = ADVANCED_FACE('',(#9099),#9102,.F.);
#9099 = FACE_BOUND('',#9100,.T.);
#9100 = EDGE_LOOP('',(#9101));
#9101 = ORIENTED_EDGE('',*,*,#9077,.F.);
#9102 = PLANE('',#9103);
#9103 = AXIS2_PLACEMENT_3D('',#9104,#9105,#9106);
#9104 = CARTESIAN_POINT('',(2.3,10.,5.));
#9105 = DIRECTION('',(0.,0.,1.));
#9106 = DIRECTION('',(1.,0.,0.));
#9107 = MANIFOLD_SOLID_BREP('',#9108);
#9108 = CLOSED_SHELL('',(#9109,#9142,#9151));
#9109 = ADVANCED_FACE('',(#9110),#9137,.T.);
#9110 = FACE_BOUND('',#9111,.T.);
#9111 = EDGE_LOOP('',(#9112,#9121,#9129,#9136));
#9112 = ORIENTED_EDGE('',*,*,#9113,.F.);
#9113 = EDGE_CURVE('',#9114,#9114,#9116,.T.);
#9114 = VERTEX_POINT('',#9115);
#9115 = CARTESIAN_POINT('',(2.3,8.5,18.15));
#9116 = CIRCLE('',#9117,0.1);
#9117 = AXIS2_PLACEMENT_3D('',#9118,#9119,#9120);
#9118 = CARTESIAN_POINT('',(2.3,8.5,18.25));
#9119 = DIRECTION('',(0.,-1.,0.));
#9120 = DIRECTION('',(0.,0.,-1.));
#9121 = ORIENTED_EDGE('',*,*,#9122,.F.);
#9122 = EDGE_CURVE('',#9123,#9114,#9125,.T.);
#9123 = VERTEX_POINT('',#9124);
#9124 = CARTESIAN_POINT('',(2.3,10.,18.15));
#9125 = LINE('',#9126,#9127);
#9126 = CARTESIAN_POINT('',(2.3,10.,18.15));
#9127 = VECTOR('',#9128,1.);
#9128 = DIRECTION('',(0.,-1.,0.));
#9129 = ORIENTED_EDGE('',*,*,#9130,.T.);
#9130 = EDGE_CURVE('',#9123,#9123,#9131,.T.);
#9131 = CIRCLE('',#9132,0.1);
#9132 = AXIS2_PLACEMENT_3D('',#9133,#9134,#9135);
#9133 = CARTESIAN_POINT('',(2.3,10.,18.25));
#9134 = DIRECTION('',(0.,-1.,0.));
#9135 = DIRECTION('',(0.,0.,-1.));
#9136 = ORIENTED_EDGE('',*,*,#9122,.T.);
#9137 = CYLINDRICAL_SURFACE('',#9138,0.1);
#9138 = AXIS2_PLACEMENT_3D('',#9139,#9140,#9141);
#9139 = CARTESIAN_POINT('',(2.3,10.,18.25));
#9140 = DIRECTION('',(0.,-1.,0.));
#9141 = DIRECTION('',(0.,0.,-1.));
#9142 = ADVANCED_FACE('',(#9143),#9146,.T.);
#9143 = FACE_BOUND('',#9144,.T.);
#9144 = EDGE_LOOP('',(#9145));
#9145 = ORIENTED_EDGE('',*,*,#9113,.T.);
#9146 = PLANE('',#9147);
#9147 = AXIS2_PLACEMENT_3D('',#9148,#9149,#9150);
#9148 = CARTESIAN_POINT('',(2.3,8.5,18.25));
#9149 = DIRECTION('',(0.,-1.,0.));
#9150 = DIRECTION('',(0.,0.,-1.));
#9151 = ADVANCED_FACE('',(#9152),#9155,.F.);
#9152 = FACE_BOUND('',#9153,.T.);
#9153 = EDGE_LOOP('',(#9154));
#9154 = ORIENTED_EDGE('',*,*,#9130,.F.);
#9155 = PLANE('',#9156);
#9156 = AXIS2_PLACEMENT_3D('',#9157,#9158,#9159);
#9157 = CARTESIAN_POINT('',(2.3,10.,18.25));
#9158 = DIRECTION('',(0.,-1.,0.));
#9159 = DIRECTION('',(0.,0.,-1.));
#9160 = MANIFOLD_SOLID_BREP('',#9161);
#9161 = CLOSED_SHELL('',(#9162,#9390,#9574,#9757));
#9162 = ADVANCED_FACE('',(#9163),#9270,.T.);
#9163 = FACE_BOUND('',#9164,.T.);
#9164 = EDGE_LOOP('',(#9165,#9179,#9201,#9213,#9225,#9235,#9236,#9248,
    #9260));
#9165 = ORIENTED_EDGE('',*,*,#9166,.T.);
#9166 = EDGE_CURVE('',#9167,#9169,#9171,.T.);
#9167 = VERTEX_POINT('',#9168);
#9168 = CARTESIAN_POINT('',(7.960204194458E-18,8.5,19.77));
#9169 = VERTEX_POINT('',#9170);
#9170 = CARTESIAN_POINT('',(4.440892098501E-16,8.63,19.9));
#9171 = ( BOUNDED_CURVE() B_SPLINE_CURVE(6,(#9172,#9173,#9174,#9175,
#9176,#9177,#9178),.UNSPECIFIED.,.T.,.F.) B_SPLINE_CURVE_WITH_KNOTS((1,6
    ,6,1),(-6.28318530718,0.,6.28318530718,12.566370614359),
.UNSPECIFIED.) CURVE() GEOMETRIC_REPRESENTATION_ITEM() 
RATIONAL_B_SPLINE_CURVE((1.669078461068,1.03672962321,1.038346699848,
    0.853534330196,1.038346699848,1.03672962321,1.669078461068)) 
REPRESENTATION_ITEM('') );
#9172 = CARTESIAN_POINT('',(4.440892098501E-16,8.63,19.9));
#9173 = CARTESIAN_POINT('',(0.,8.63,20.116000599824));
#9174 = CARTESIAN_POINT('',(-4.440892098501E-16,8.362908735229,
    20.147014609822));
#9175 = CARTESIAN_POINT('',(0.,8.142614800269,19.9));
#9176 = CARTESIAN_POINT('',(0.,8.362908735229,19.652985390178));
#9177 = CARTESIAN_POINT('',(0.,8.63,19.683999400176));
#9178 = CARTESIAN_POINT('',(4.440892098501E-16,8.63,19.9));
#9179 = ORIENTED_EDGE('',*,*,#9180,.T.);
#9180 = EDGE_CURVE('',#9169,#9181,#9183,.T.);
#9181 = VERTEX_POINT('',#9182);
#9182 = CARTESIAN_POINT('',(4.43,-1.475358884377E-16,19.9));
#9183 = ( BOUNDED_CURVE() B_SPLINE_CURVE(9,(#9184,#9185,#9186,#9187,
    #9188,#9189,#9190,#9191,#9192,#9193,#9194,#9195,#9196,#9197,#9198,
#9199,#9200),.UNSPECIFIED.,.F.,.F.) B_SPLINE_CURVE_WITH_KNOTS((10,7,10),
(0.,0.5,1.),.UNSPECIFIED.) CURVE() GEOMETRIC_REPRESENTATION_ITEM() 
RATIONAL_B_SPLINE_CURVE((1.669078461068,1.669078461068,1.669078461068,
    1.669078461068,1.669078461068,1.669078461068,1.669078461068,
    1.669078461068,1.669078461068,1.669078461068,1.669078461068,
    1.669078461068,1.669078461068,1.669078461068,1.669078461068,
1.669078461068,1.669078461068)) REPRESENTATION_ITEM('') );
#9184 = CARTESIAN_POINT('',(4.440892098501E-16,8.63,19.9));
#9185 = CARTESIAN_POINT('',(0.666296296296,8.63,19.9));
#9186 = CARTESIAN_POINT('',(1.262244183286,8.536035137702,19.9));
#9187 = CARTESIAN_POINT('',(1.79181103148,8.353867778222,19.9));
#9188 = CARTESIAN_POINT('',(2.259223695693,8.089227567549,19.9));
#9189 = CARTESIAN_POINT('',(2.661482550503,7.747396516795,19.9));
#9190 = CARTESIAN_POINT('',(3.003869852571,7.34471902877,19.9));
#9191 = CARTESIAN_POINT('',(3.293386559104,6.886031938414,19.9));
#9192 = CARTESIAN_POINT('',(3.776936830989,5.873011917843,19.9));
#9193 = CARTESIAN_POINT('',(4.091321681838,4.695954686654,19.9));
#9194 = CARTESIAN_POINT('',(4.211596031953,4.073317231227,19.9));
#9195 = CARTESIAN_POINT('',(4.299984516168,3.423295616763,19.9));
#9196 = CARTESIAN_POINT('',(4.361314744786,2.752595538382,19.9));
#9197 = CARTESIAN_POINT('',(4.40030945353,2.067998113951,19.9));
#9198 = CARTESIAN_POINT('',(4.421649481129,1.37639190462,19.9));
#9199 = CARTESIAN_POINT('',(4.43,0.684742547425,19.9));
#9200 = CARTESIAN_POINT('',(4.43,0.,19.9));
#9201 = ORIENTED_EDGE('',*,*,#9202,.F.);
#9202 = EDGE_CURVE('',#9203,#9181,#9205,.T.);
#9203 = VERTEX_POINT('',#9204);
#9204 = CARTESIAN_POINT('',(4.3,0.,19.77));
#9205 = ( BOUNDED_CURVE() B_SPLINE_CURVE(6,(#9206,#9207,#9208,#9209,
#9210,#9211,#9212),.UNSPECIFIED.,.T.,.F.) B_SPLINE_CURVE_WITH_KNOTS((1,6
    ,6,1),(-6.28318530718,0.,6.28318530718,12.566370614359),
.UNSPECIFIED.) CURVE() GEOMETRIC_REPRESENTATION_ITEM() 
RATIONAL_B_SPLINE_CURVE((1.669078461068,1.03672962321,1.038346699848,
    0.853534330196,1.038346699848,1.03672962321,1.669078461068)) 
REPRESENTATION_ITEM('') );
#9206 = CARTESIAN_POINT('',(4.43,0.,19.9));
#9207 = CARTESIAN_POINT('',(4.43,0.,20.116000599824));
#9208 = CARTESIAN_POINT('',(4.162908735229,0.,20.147014609822));
#9209 = CARTESIAN_POINT('',(3.942614800269,0.,19.9));
#9210 = CARTESIAN_POINT('',(4.162908735229,0.,19.652985390178));
#9211 = CARTESIAN_POINT('',(4.43,0.,19.683999400176));
#9212 = CARTESIAN_POINT('',(4.43,0.,19.9));
#9213 = ORIENTED_EDGE('',*,*,#9214,.F.);
#9214 = EDGE_CURVE('',#9215,#9203,#9217,.T.);
#9215 = VERTEX_POINT('',#9216);
#9216 = CARTESIAN_POINT('',(4.3,0.,20.03));
#9217 = ( BOUNDED_CURVE() B_SPLINE_CURVE(6,(#9218,#9219,#9220,#9221,
#9222,#9223,#9224),.UNSPECIFIED.,.T.,.F.) B_SPLINE_CURVE_WITH_KNOTS((1,6
    ,6,1),(-6.28318530718,0.,6.28318530718,12.566370614359),
.UNSPECIFIED.) CURVE() GEOMETRIC_REPRESENTATION_ITEM() 
RATIONAL_B_SPLINE_CURVE((1.669078461068,1.03672962321,1.038346699848,
    0.853534330196,1.038346699848,1.03672962321,1.669078461068)) 
REPRESENTATION_ITEM('') );
#9218 = CARTESIAN_POINT('',(4.43,0.,19.9));
#9219 = CARTESIAN_POINT('',(4.43,0.,20.116000599824));
#9220 = CARTESIAN_POINT('',(4.162908735229,0.,20.147014609822));
#9221 = CARTESIAN_POINT('',(3.942614800269,0.,19.9));
#9222 = CARTESIAN_POINT('',(4.162908735229,0.,19.652985390178));
#9223 = CARTESIAN_POINT('',(4.43,0.,19.683999400176));
#9224 = CARTESIAN_POINT('',(4.43,0.,19.9));
#9225 = ORIENTED_EDGE('',*,*,#9226,.F.);
#9226 = EDGE_CURVE('',#9181,#9215,#9227,.T.);
#9227 = ( BOUNDED_CURVE() B_SPLINE_CURVE(6,(#9228,#9229,#9230,#9231,
#9232,#9233,#9234),.UNSPECIFIED.,.T.,.F.) B_SPLINE_CURVE_WITH_KNOTS((1,6
    ,6,1),(-6.28318530718,0.,6.28318530718,12.566370614359),
.UNSPECIFIED.) CURVE() GEOMETRIC_REPRESENTATION_ITEM() 
RATIONAL_B_SPLINE_CURVE((1.669078461068,1.03672962321,1.038346699848,
    0.853534330196,1.038346699848,1.03672962321,1.669078461068)) 
REPRESENTATION_ITEM('') );
#9228 = CARTESIAN_POINT('',(4.43,0.,19.9));
#9229 = CARTESIAN_POINT('',(4.43,0.,20.116000599824));
#9230 = CARTESIAN_POINT('',(4.162908735229,0.,20.147014609822));
#9231 = CARTESIAN_POINT('',(3.942614800269,0.,19.9));
#9232 = CARTESIAN_POINT('',(4.162908735229,0.,19.652985390178));
#9233 = CARTESIAN_POINT('',(4.43,0.,19.683999400176));
#9234 = CARTESIAN_POINT('',(4.43,0.,19.9));
#9235 = ORIENTED_EDGE('',*,*,#9180,.F.);
#9236 = ORIENTED_EDGE('',*,*,#9237,.T.);
#9237 = EDGE_CURVE('',#9169,#9238,#9240,.T.);
#9238 = VERTEX_POINT('',#9239);
#9239 = CARTESIAN_POINT('',(7.960204194458E-18,8.5,20.03));
#9240 = ( BOUNDED_CURVE() B_SPLINE_CURVE(6,(#9241,#9242,#9243,#9244,
#9245,#9246,#9247),.UNSPECIFIED.,.T.,.F.) B_SPLINE_CURVE_WITH_KNOTS((1,6
    ,6,1),(-6.28318530718,0.,6.28318530718,12.566370614359),
.UNSPECIFIED.) CURVE() GEOMETRIC_REPRESENTATION_ITEM() 
RATIONAL_B_SPLINE_CURVE((1.669078461068,1.03672962321,1.038346699848,
    0.853534330196,1.038346699848,1.03672962321,1.669078461068)) 
REPRESENTATION_ITEM('') );
#9241 = CARTESIAN_POINT('',(4.440892098501E-16,8.63,19.9));
#9242 = CARTESIAN_POINT('',(0.,8.63,20.116000599824));
#9243 = CARTESIAN_POINT('',(-4.440892098501E-16,8.362908735229,
    20.147014609822));
#9244 = CARTESIAN_POINT('',(0.,8.142614800269,19.9));
#9245 = CARTESIAN_POINT('',(0.,8.362908735229,19.652985390178));
#9246 = CARTESIAN_POINT('',(0.,8.63,19.683999400176));
#9247 = CARTESIAN_POINT('',(4.440892098501E-16,8.63,19.9));
#9248 = ORIENTED_EDGE('',*,*,#9249,.T.);
#9249 = EDGE_CURVE('',#9238,#9250,#9252,.T.);
#9250 = VERTEX_POINT('',#9251);
#9251 = CARTESIAN_POINT('',(4.440892098501E-16,8.37,19.9));
#9252 = ( BOUNDED_CURVE() B_SPLINE_CURVE(6,(#9253,#9254,#9255,#9256,
#9257,#9258,#9259),.UNSPECIFIED.,.T.,.F.) B_SPLINE_CURVE_WITH_KNOTS((1,6
    ,6,1),(-6.28318530718,0.,6.28318530718,12.566370614359),
.UNSPECIFIED.) CURVE() GEOMETRIC_REPRESENTATION_ITEM() 
RATIONAL_B_SPLINE_CURVE((1.669078461068,1.03672962321,1.038346699848,
    0.853534330196,1.038346699848,1.03672962321,1.669078461068)) 
REPRESENTATION_ITEM('') );
#9253 = CARTESIAN_POINT('',(4.440892098501E-16,8.63,19.9));
#9254 = CARTESIAN_POINT('',(0.,8.63,20.116000599824));
#9255 = CARTESIAN_POINT('',(-4.440892098501E-16,8.362908735229,
    20.147014609822));
#9256 = CARTESIAN_POINT('',(0.,8.142614800269,19.9));
#9257 = CARTESIAN_POINT('',(0.,8.362908735229,19.652985390178));
#9258 = CARTESIAN_POINT('',(0.,8.63,19.683999400176));
#9259 = CARTESIAN_POINT('',(4.440892098501E-16,8.63,19.9));
#9260 = ORIENTED_EDGE('',*,*,#9261,.T.);
#9261 = EDGE_CURVE('',#9250,#9167,#9262,.T.);
#9262 = ( BOUNDED_CURVE() B_SPLINE_CURVE(6,(#9263,#9264,#9265,#9266,
#9267,#9268,#9269),.UNSPECIFIED.,.T.,.F.) B_SPLINE_CURVE_WITH_KNOTS((1,6
    ,6,1),(-6.28318530718,0.,6.28318530718,12.566370614359),
.UNSPECIFIED.) CURVE() GEOMETRIC_REPRESENTATION_ITEM() 
RATIONAL_B_SPLINE_CURVE((1.669078461068,1.03672962321,1.038346699848,
    0.853534330196,1.038346699848,1.03672962321,1.669078461068)) 
REPRESENTATION_ITEM('') );
#9263 = CARTESIAN_POINT('',(4.440892098501E-16,8.63,19.9));
#9264 = CARTESIAN_POINT('',(0.,8.63,20.116000599824));
#9265 = CARTESIAN_POINT('',(-4.440892098501E-16,8.362908735229,
    20.147014609822));
#9266 = CARTESIAN_POINT('',(0.,8.142614800269,19.9));
#9267 = CARTESIAN_POINT('',(0.,8.362908735229,19.652985390178));
#9268 = CARTESIAN_POINT('',(0.,8.63,19.683999400176));
#9269 = CARTESIAN_POINT('',(4.440892098501E-16,8.63,19.9));
#9270 = ( BOUNDED_SURFACE() B_SPLINE_SURFACE(6,9,(
    (#9271,#9272,#9273,#9274,#9275,#9276,#9277,#9278,#9279,#9280,#9281
      ,#9282,#9283,#9284,#9285,#9286,#9287)
    ,(#9288,#9289,#9290,#9291,#9292,#9293,#9294,#9295,#9296,#9297,#9298
      ,#9299,#9300,#9301,#9302,#9303,#9304)
    ,(#9305,#9306,#9307,#9308,#9309,#9310,#9311,#9312,#9313,#9314,#9315
      ,#9316,#9317,#9318,#9319,#9320,#9321)
    ,(#9322,#9323,#9324,#9325,#9326,#9327,#9328,#9329,#9330,#9331,#9332
      ,#9333,#9334,#9335,#9336,#9337,#9338)
    ,(#9339,#9340,#9341,#9342,#9343,#9344,#9345,#9346,#9347,#9348,#9349
      ,#9350,#9351,#9352,#9353,#9354,#9355)
    ,(#9356,#9357,#9358,#9359,#9360,#9361,#9362,#9363,#9364,#9365,#9366
      ,#9367,#9368,#9369,#9370,#9371,#9372)
    ,(#9373,#9374,#9375,#9376,#9377,#9378,#9379,#9380,#9381,#9382,#9383
      ,#9384,#9385,#9386,#9387,#9388,#9389
)),.UNSPECIFIED.,.T.,.F.,.F.) B_SPLINE_SURFACE_WITH_KNOTS((1,6,6,1),(10,
    7,10),(-6.28318530718,0.,6.28318530718,12.566370614359),(0.,0.5,1.),
.UNSPECIFIED.) GEOMETRIC_REPRESENTATION_ITEM() RATIONAL_B_SPLINE_SURFACE
((
    (1.669078461068,1.669078461068,1.669078461068,1.669078461068
      ,1.669078461068,1.669078461068,1.669078461068,1.669078461068
      ,1.669078461068,1.669078461068,1.669078461068,1.669078461068
      ,1.669078461068,1.669078461068,1.669078461068,1.669078461068
      ,1.669078461068)
    ,(1.03672962321,1.03672962321,1.03672962321,1.03672962321
      ,1.03672962321,1.03672962321,1.03672962321,1.03672962321
      ,1.03672962321,1.03672962321,1.03672962321,1.03672962321
      ,1.03672962321,1.03672962321,1.03672962321,1.03672962321
      ,1.03672962321)
    ,(1.038346699848,1.038346699848,1.038346699848,1.038346699847
      ,1.038346699848,1.038346699847,1.038346699848,1.038346699848
      ,1.038346699848,1.038346699848,1.038346699848,1.038346699848
      ,1.038346699848,1.038346699848,1.038346699848,1.038346699848
      ,1.038346699848)
    ,(0.853534330196,0.853534330196,0.853534330196,0.853534330196
      ,0.853534330196,0.853534330196,0.853534330196,0.853534330196
      ,0.853534330196,0.853534330196,0.853534330196,0.853534330196
      ,0.853534330196,0.853534330196,0.853534330196,0.853534330196
      ,0.853534330196)
    ,(1.038346699848,1.038346699848,1.038346699848,1.038346699847
      ,1.038346699848,1.038346699847,1.038346699848,1.038346699848
      ,1.038346699848,1.038346699848,1.038346699848,1.038346699848
      ,1.038346699848,1.038346699848,1.038346699848,1.038346699848
      ,1.038346699848)
    ,(1.03672962321,1.03672962321,1.03672962321,1.03672962321
      ,1.03672962321,1.03672962321,1.03672962321,1.03672962321
      ,1.03672962321,1.03672962321,1.03672962321,1.03672962321
      ,1.03672962321,1.03672962321,1.03672962321,1.03672962321
      ,1.03672962321)
    ,(1.669078461068,1.669078461068,1.669078461068,1.669078461068
      ,1.669078461068,1.669078461068,1.669078461068,1.669078461068
      ,1.669078461068,1.669078461068,1.669078461068,1.669078461068
      ,1.669078461068,1.669078461068,1.669078461068,1.669078461068
,1.669078461068))) REPRESENTATION_ITEM('') SURFACE() );
#9271 = CARTESIAN_POINT('',(4.440892098501E-16,8.63,19.9));
#9272 = CARTESIAN_POINT('',(0.666296296296,8.63,19.9));
#9273 = CARTESIAN_POINT('',(1.262244183286,8.536035137702,19.9));
#9274 = CARTESIAN_POINT('',(1.79181103148,8.353867778222,19.9));
#9275 = CARTESIAN_POINT('',(2.259223695693,8.089227567549,19.9));
#9276 = CARTESIAN_POINT('',(2.661482550503,7.747396516795,19.9));
#9277 = CARTESIAN_POINT('',(3.003869852571,7.34471902877,19.9));
#9278 = CARTESIAN_POINT('',(3.293386559104,6.886031938414,19.9));
#9279 = CARTESIAN_POINT('',(3.776936830989,5.873011917843,19.9));
#9280 = CARTESIAN_POINT('',(4.091321681838,4.695954686654,19.9));
#9281 = CARTESIAN_POINT('',(4.211596031953,4.073317231227,19.9));
#9282 = CARTESIAN_POINT('',(4.299984516168,3.423295616763,19.9));
#9283 = CARTESIAN_POINT('',(4.361314744786,2.752595538382,19.9));
#9284 = CARTESIAN_POINT('',(4.40030945353,2.067998113951,19.9));
#9285 = CARTESIAN_POINT('',(4.421649481129,1.37639190462,19.9));
#9286 = CARTESIAN_POINT('',(4.43,0.684742547425,19.9));
#9287 = CARTESIAN_POINT('',(4.43,0.,19.9));
#9288 = CARTESIAN_POINT('',(0.,8.63,20.116000599824));
#9289 = CARTESIAN_POINT('',(0.666296296296,8.63,20.116000599824));
#9290 = CARTESIAN_POINT('',(1.262244183286,8.536035137702,
    20.116000599824));
#9291 = CARTESIAN_POINT('',(1.791811031481,8.353867778222,
    20.116000599824));
#9292 = CARTESIAN_POINT('',(2.259223695693,8.089227567549,
    20.116000599824));
#9293 = CARTESIAN_POINT('',(2.661482550503,7.747396516795,
    20.116000599824));
#9294 = CARTESIAN_POINT('',(3.003869852571,7.34471902877,20.116000599824
    ));
#9295 = CARTESIAN_POINT('',(3.293386559104,6.886031938414,
    20.116000599824));
#9296 = CARTESIAN_POINT('',(3.776936830989,5.873011917843,
    20.116000599824));
#9297 = CARTESIAN_POINT('',(4.091321681838,4.695954686654,
    20.116000599824));
#9298 = CARTESIAN_POINT('',(4.211596031954,4.073317231227,
    20.116000599824));
#9299 = CARTESIAN_POINT('',(4.299984516167,3.423295616764,
    20.116000599824));
#9300 = CARTESIAN_POINT('',(4.361314744787,2.752595538381,
    20.116000599824));
#9301 = CARTESIAN_POINT('',(4.40030945353,2.067998113952,20.116000599824
    ));
#9302 = CARTESIAN_POINT('',(4.421649481129,1.37639190462,20.116000599824
    ));
#9303 = CARTESIAN_POINT('',(4.43,0.684742547426,20.116000599824));
#9304 = CARTESIAN_POINT('',(4.43,0.,20.116000599824));
#9305 = CARTESIAN_POINT('',(-4.440892098501E-16,8.362908735229,
    20.147014609822));
#9306 = CARTESIAN_POINT('',(0.632814770228,8.362908735229,
    20.147014609822));
#9307 = CARTESIAN_POINT('',(1.190004522638,8.273665626607,
    20.147014609822));
#9308 = CARTESIAN_POINT('',(1.676863300309,8.103472325537,
    20.147014609822));
#9309 = CARTESIAN_POINT('',(2.09841150762,7.860656252087,20.147014609822
    ));
#9310 = CARTESIAN_POINT('',(2.467290220608,7.554016878882,
    20.147014609822));
#9311 = CARTESIAN_POINT('',(2.78740687154,7.180687853388,20.147014609822
    ));
#9312 = CARTESIAN_POINT('',(3.060856440137,6.749938107954,
    20.147014609822));
#9313 = CARTESIAN_POINT('',(3.522559457662,5.78506989074,20.147014609822
    ));
#9314 = CARTESIAN_POINT('',(3.828791482879,4.642201501279,
    20.147014609822));
#9315 = CARTESIAN_POINT('',(3.946851191237,4.033360000786,
    20.147014609822));
#9316 = CARTESIAN_POINT('',(4.034025714493,3.394389302443,
    20.147014609822));
#9317 = CARTESIAN_POINT('',(4.094701931407,2.732587535478,
    20.147014609822));
#9318 = CARTESIAN_POINT('',(4.133377316047,2.055173292192,
    20.147014609822));
#9319 = CARTESIAN_POINT('',(4.154593524873,1.369251860771,
    20.147014609822));
#9320 = CARTESIAN_POINT('',(4.162908735229,0.681847249162,
    20.147014609822));
#9321 = CARTESIAN_POINT('',(4.162908735229,0.,20.147014609822));
#9322 = CARTESIAN_POINT('',(0.,8.142614800269,19.9));
#9323 = CARTESIAN_POINT('',(0.605199576102,8.142614800269,19.9));
#9324 = CARTESIAN_POINT('',(1.130422045772,8.057266142101,19.9));
#9325 = CARTESIAN_POINT('',(1.582055677018,7.896948912592,19.9));
#9326 = CARTESIAN_POINT('',(1.965775385168,7.672133147278,19.9));
#9327 = CARTESIAN_POINT('',(2.307122524639,7.394519482315,19.9));
#9328 = CARTESIAN_POINT('',(2.608870587677,7.04539674564,19.9));
#9329 = CARTESIAN_POINT('',(2.869068157777,6.637689414754,19.9));
#9330 = CARTESIAN_POINT('',(3.312751800406,5.712536274878,19.9));
#9331 = CARTESIAN_POINT('',(3.612259464791,4.597866465714,19.9));
#9332 = CARTESIAN_POINT('',(3.728492561008,4.000403716981,19.9));
#9333 = CARTESIAN_POINT('',(3.814665822628,3.370547692601,19.9));
#9334 = CARTESIAN_POINT('',(3.874802617888,2.716085154938,19.9));
#9335 = CARTESIAN_POINT('',(3.913214627523,2.044595520384,19.9));
#9336 = CARTESIAN_POINT('',(3.934328711988,1.363362831204,19.9));
#9337 = CARTESIAN_POINT('',(3.942614800269,0.679459239027,19.9));
#9338 = CARTESIAN_POINT('',(3.942614800269,0.,19.9));
#9339 = CARTESIAN_POINT('',(0.,8.362908735229,19.652985390178));
#9340 = CARTESIAN_POINT('',(0.632814770228,8.362908735229,
    19.652985390178));
#9341 = CARTESIAN_POINT('',(1.190004522638,8.273665626607,
    19.652985390178));
#9342 = CARTESIAN_POINT('',(1.676863300309,8.103472325537,
    19.652985390178));
#9343 = CARTESIAN_POINT('',(2.09841150762,7.860656252088,19.652985390178
    ));
#9344 = CARTESIAN_POINT('',(2.467290220608,7.554016878882,
    19.652985390178));
#9345 = CARTESIAN_POINT('',(2.78740687154,7.180687853389,19.652985390178
    ));
#9346 = CARTESIAN_POINT('',(3.060856440137,6.749938107954,
    19.652985390178));
#9347 = CARTESIAN_POINT('',(3.522559457662,5.78506989074,19.652985390178
    ));
#9348 = CARTESIAN_POINT('',(3.828791482879,4.642201501279,
    19.652985390178));
#9349 = CARTESIAN_POINT('',(3.946851191237,4.033360000786,
    19.652985390178));
#9350 = CARTESIAN_POINT('',(4.034025714493,3.394389302443,
    19.652985390178));
#9351 = CARTESIAN_POINT('',(4.094701931407,2.732587535478,
    19.652985390178));
#9352 = CARTESIAN_POINT('',(4.133377316047,2.055173292192,
    19.652985390178));
#9353 = CARTESIAN_POINT('',(4.154593524873,1.369251860771,
    19.652985390178));
#9354 = CARTESIAN_POINT('',(4.162908735229,0.681847249162,
    19.652985390178));
#9355 = CARTESIAN_POINT('',(4.162908735229,0.,19.652985390178));
#9356 = CARTESIAN_POINT('',(0.,8.63,19.683999400176));
#9357 = CARTESIAN_POINT('',(0.666296296296,8.63,19.683999400176));
#9358 = CARTESIAN_POINT('',(1.262244183286,8.536035137702,
    19.683999400176));
#9359 = CARTESIAN_POINT('',(1.791811031481,8.353867778222,
    19.683999400176));
#9360 = CARTESIAN_POINT('',(2.259223695693,8.08922756755,19.683999400176
    ));
#9361 = CARTESIAN_POINT('',(2.661482550503,7.747396516794,
    19.683999400176));
#9362 = CARTESIAN_POINT('',(3.003869852571,7.34471902877,19.683999400176
    ));
#9363 = CARTESIAN_POINT('',(3.293386559104,6.886031938414,
    19.683999400176));
#9364 = CARTESIAN_POINT('',(3.776936830989,5.873011917843,
    19.683999400176));
#9365 = CARTESIAN_POINT('',(4.091321681838,4.695954686654,
    19.683999400176));
#9366 = CARTESIAN_POINT('',(4.211596031954,4.073317231227,
    19.683999400176));
#9367 = CARTESIAN_POINT('',(4.299984516167,3.423295616763,
    19.683999400176));
#9368 = CARTESIAN_POINT('',(4.361314744787,2.752595538381,
    19.683999400176));
#9369 = CARTESIAN_POINT('',(4.40030945353,2.067998113952,19.683999400176
    ));
#9370 = CARTESIAN_POINT('',(4.421649481129,1.37639190462,19.683999400176
    ));
#9371 = CARTESIAN_POINT('',(4.43,0.684742547426,19.683999400176));
#9372 = CARTESIAN_POINT('',(4.43,0.,19.683999400176));
#9373 = CARTESIAN_POINT('',(4.440892098501E-16,8.63,19.9));
#9374 = CARTESIAN_POINT('',(0.666296296296,8.63,19.9));
#9375 = CARTESIAN_POINT('',(1.262244183286,8.536035137702,19.9));
#9376 = CARTESIAN_POINT('',(1.79181103148,8.353867778222,19.9));
#9377 = CARTESIAN_POINT('',(2.259223695693,8.089227567549,19.9));
#9378 = CARTESIAN_POINT('',(2.661482550503,7.747396516795,19.9));
#9379 = CARTESIAN_POINT('',(3.003869852571,7.34471902877,19.9));
#9380 = CARTESIAN_POINT('',(3.293386559104,6.886031938414,19.9));
#9381 = CARTESIAN_POINT('',(3.776936830989,5.873011917843,19.9));
#9382 = CARTESIAN_POINT('',(4.091321681838,4.695954686654,19.9));
#9383 = CARTESIAN_POINT('',(4.211596031953,4.073317231227,19.9));
#9384 = CARTESIAN_POINT('',(4.299984516168,3.423295616763,19.9));
#9385 = CARTESIAN_POINT('',(4.361314744786,2.752595538382,19.9));
#9386 = CARTESIAN_POINT('',(4.40030945353,2.067998113951,19.9));
#9387 = CARTESIAN_POINT('',(4.421649481129,1.37639190462,19.9));
#9388 = CARTESIAN_POINT('',(4.43,0.684742547425,19.9));
#9389 = CARTESIAN_POINT('',(4.43,0.,19.9));
#9390 = ADVANCED_FACE('',(#9391),#9454,.T.);
#9391 = FACE_BOUND('',#9392,.T.);
#9392 = EDGE_LOOP('',(#9393,#9407,#9419,#9439,#9440,#9441,#9442,#9443,
    #9444));
#9393 = ORIENTED_EDGE('',*,*,#9394,.T.);
#9394 = EDGE_CURVE('',#9395,#9397,#9399,.T.);
#9395 = VERTEX_POINT('',#9396);
#9396 = CARTESIAN_POINT('',(-4.3,0.,19.77));
#9397 = VERTEX_POINT('',#9398);
#9398 = CARTESIAN_POINT('',(-4.3,0.,20.03));
#9399 = ( BOUNDED_CURVE() B_SPLINE_CURVE(6,(#9400,#9401,#9402,#9403,
#9404,#9405,#9406),.UNSPECIFIED.,.T.,.F.) B_SPLINE_CURVE_WITH_KNOTS((1,6
    ,6,1),(-6.28318530718,0.,6.28318530718,12.566370614359),
.UNSPECIFIED.) CURVE() GEOMETRIC_REPRESENTATION_ITEM() 
RATIONAL_B_SPLINE_CURVE((1.669078461068,1.03672962321,1.038346699848,
    0.853534330196,1.038346699848,1.03672962321,1.669078461068)) 
REPRESENTATION_ITEM('') );
#9400 = CARTESIAN_POINT('',(-4.3,0.,20.03));
#9401 = CARTESIAN_POINT('',(-4.083999400176,0.,20.03));
#9402 = CARTESIAN_POINT('',(-4.052985390178,0.,19.762908735229));
#9403 = CARTESIAN_POINT('',(-4.3,0.,19.542614800269));
#9404 = CARTESIAN_POINT('',(-4.547014609822,0.,19.762908735229));
#9405 = CARTESIAN_POINT('',(-4.516000599824,8.881784197001E-16,20.03));
#9406 = CARTESIAN_POINT('',(-4.3,0.,20.03));
#9407 = ORIENTED_EDGE('',*,*,#9408,.T.);
#9408 = EDGE_CURVE('',#9397,#9409,#9411,.T.);
#9409 = VERTEX_POINT('',#9410);
#9410 = CARTESIAN_POINT('',(-4.17,-1.7763568394E-15,19.9));
#9411 = ( BOUNDED_CURVE() B_SPLINE_CURVE(6,(#9412,#9413,#9414,#9415,
#9416,#9417,#9418),.UNSPECIFIED.,.T.,.F.) B_SPLINE_CURVE_WITH_KNOTS((1,6
    ,6,1),(-6.28318530718,0.,6.28318530718,12.566370614359),
.UNSPECIFIED.) CURVE() GEOMETRIC_REPRESENTATION_ITEM() 
RATIONAL_B_SPLINE_CURVE((1.669078461068,1.03672962321,1.038346699848,
    0.853534330196,1.038346699848,1.03672962321,1.669078461068)) 
REPRESENTATION_ITEM('') );
#9412 = CARTESIAN_POINT('',(-4.3,0.,20.03));
#9413 = CARTESIAN_POINT('',(-4.083999400176,0.,20.03));
#9414 = CARTESIAN_POINT('',(-4.052985390178,0.,19.762908735229));
#9415 = CARTESIAN_POINT('',(-4.3,0.,19.542614800269));
#9416 = CARTESIAN_POINT('',(-4.547014609822,0.,19.762908735229));
#9417 = CARTESIAN_POINT('',(-4.516000599824,8.881784197001E-16,20.03));
#9418 = CARTESIAN_POINT('',(-4.3,0.,20.03));
#9419 = ORIENTED_EDGE('',*,*,#9420,.T.);
#9420 = EDGE_CURVE('',#9409,#9250,#9421,.T.);
#9421 = ( BOUNDED_CURVE() B_SPLINE_CURVE(9,(#9422,#9423,#9424,#9425,
    #9426,#9427,#9428,#9429,#9430,#9431,#9432,#9433,#9434,#9435,#9436,
#9437,#9438),.UNSPECIFIED.,.F.,.F.) B_SPLINE_CURVE_WITH_KNOTS((10,7,10),
(0.,0.5,1.),.UNSPECIFIED.) CURVE() GEOMETRIC_REPRESENTATION_ITEM() 
RATIONAL_B_SPLINE_CURVE((1.669078461068,1.669078461068,1.669078461068,
    1.669078461068,1.669078461068,1.669078461068,1.669078461068,
    1.669078461068,1.669078461068,1.669078461068,1.669078461068,
    1.669078461068,1.669078461068,1.669078461068,1.669078461068,
1.669078461068,1.669078461068)) REPRESENTATION_ITEM('') );
#9422 = CARTESIAN_POINT('',(-4.17,-1.7763568394E-15,19.9));
#9423 = CARTESIAN_POINT('',(-4.17,0.681924119241,19.9));
#9424 = CARTESIAN_POINT('',(-4.161683852204,1.369441428713,19.9));
#9425 = CARTESIAN_POINT('',(-4.140464355994,2.05551379081,19.9));
#9426 = CARTESIAN_POINT('',(-4.101780493309,2.733118747333,19.9));
#9427 = CARTESIAN_POINT('',(-4.041086912404,3.395156764189,19.9));
#9428 = CARTESIAN_POINT('',(-3.953880158523,4.034420864011,19.9));
#9429 = CARTESIAN_POINT('',(-3.835761651495,4.643628646679,19.9));
#9430 = CARTESIAN_POINT('',(-3.529313169011,5.787404748824,19.9));
#9431 = CARTESIAN_POINT('',(-3.067030107562,6.753551394919,19.9));
#9432 = CARTESIAN_POINT('',(-2.793153956953,7.185042875992,19.9));
#9433 = CARTESIAN_POINT('',(-2.472446020926,7.559151102253,19.9));
#9434 = CARTESIAN_POINT('',(-2.102681066211,7.866724813403,19.9));
#9435 = CARTESIAN_POINT('',(-1.679915158996,8.110120317016,19.9));
#9436 = CARTESIAN_POINT('',(-1.191922483381,8.280631528965,19.9));
#9437 = CARTESIAN_POINT('',(-0.633703703704,8.37,19.9));
#9438 = CARTESIAN_POINT('',(4.440892098501E-16,8.37,19.9));
#9439 = ORIENTED_EDGE('',*,*,#9249,.F.);
#9440 = ORIENTED_EDGE('',*,*,#9237,.F.);
#9441 = ORIENTED_EDGE('',*,*,#9166,.F.);
#9442 = ORIENTED_EDGE('',*,*,#9261,.F.);
#9443 = ORIENTED_EDGE('',*,*,#9420,.F.);
#9444 = ORIENTED_EDGE('',*,*,#9445,.T.);
#9445 = EDGE_CURVE('',#9409,#9395,#9446,.T.);
#9446 = ( BOUNDED_CURVE() B_SPLINE_CURVE(6,(#9447,#9448,#9449,#9450,
#9451,#9452,#9453),.UNSPECIFIED.,.T.,.F.) B_SPLINE_CURVE_WITH_KNOTS((1,6
    ,6,1),(-6.28318530718,0.,6.28318530718,12.566370614359),
.UNSPECIFIED.) CURVE() GEOMETRIC_REPRESENTATION_ITEM() 
RATIONAL_B_SPLINE_CURVE((1.669078461068,1.03672962321,1.038346699848,
    0.853534330196,1.038346699848,1.03672962321,1.669078461068)) 
REPRESENTATION_ITEM('') );
#9447 = CARTESIAN_POINT('',(-4.3,0.,20.03));
#9448 = CARTESIAN_POINT('',(-4.083999400176,0.,20.03));
#9449 = CARTESIAN_POINT('',(-4.052985390178,0.,19.762908735229));
#9450 = CARTESIAN_POINT('',(-4.3,0.,19.542614800269));
#9451 = CARTESIAN_POINT('',(-4.547014609822,0.,19.762908735229));
#9452 = CARTESIAN_POINT('',(-4.516000599824,8.881784197001E-16,20.03));
#9453 = CARTESIAN_POINT('',(-4.3,0.,20.03));
#9454 = ( BOUNDED_SURFACE() B_SPLINE_SURFACE(6,9,(
    (#9455,#9456,#9457,#9458,#9459,#9460,#9461,#9462,#9463,#9464,#9465
      ,#9466,#9467,#9468,#9469,#9470,#9471)
    ,(#9472,#9473,#9474,#9475,#9476,#9477,#9478,#9479,#9480,#9481,#9482
      ,#9483,#9484,#9485,#9486,#9487,#9488)
    ,(#9489,#9490,#9491,#9492,#9493,#9494,#9495,#9496,#9497,#9498,#9499
      ,#9500,#9501,#9502,#9503,#9504,#9505)
    ,(#9506,#9507,#9508,#9509,#9510,#9511,#9512,#9513,#9514,#9515,#9516
      ,#9517,#9518,#9519,#9520,#9521,#9522)
    ,(#9523,#9524,#9525,#9526,#9527,#9528,#9529,#9530,#9531,#9532,#9533
      ,#9534,#9535,#9536,#9537,#9538,#9539)
    ,(#9540,#9541,#9542,#9543,#9544,#9545,#9546,#9547,#9548,#9549,#9550
      ,#9551,#9552,#9553,#9554,#9555,#9556)
    ,(#9557,#9558,#9559,#9560,#9561,#9562,#9563,#9564,#9565,#9566,#9567
      ,#9568,#9569,#9570,#9571,#9572,#9573
)),.UNSPECIFIED.,.T.,.F.,.F.) B_SPLINE_SURFACE_WITH_KNOTS((1,6,6,1),(10,
    7,10),(-6.28318530718,0.,6.28318530718,12.566370614359),(0.,0.5,1.),
.UNSPECIFIED.) GEOMETRIC_REPRESENTATION_ITEM() RATIONAL_B_SPLINE_SURFACE
((
    (1.669078461068,1.669078461068,1.669078461068,1.669078461068
      ,1.669078461068,1.669078461068,1.669078461068,1.669078461068
      ,1.669078461068,1.669078461068,1.669078461068,1.669078461068
      ,1.669078461068,1.669078461068,1.669078461068,1.669078461068
      ,1.669078461068)
    ,(1.03672962321,1.03672962321,1.03672962321,1.03672962321
      ,1.03672962321,1.03672962321,1.03672962321,1.03672962321
      ,1.03672962321,1.03672962321,1.03672962321,1.03672962321
      ,1.03672962321,1.03672962321,1.03672962321,1.03672962321
      ,1.03672962321)
    ,(1.038346699848,1.038346699848,1.038346699848,1.038346699847
      ,1.038346699848,1.038346699847,1.038346699848,1.038346699848
      ,1.038346699848,1.038346699848,1.038346699848,1.038346699848
      ,1.038346699848,1.038346699848,1.038346699848,1.038346699848
      ,1.038346699848)
    ,(0.853534330196,0.853534330196,0.853534330196,0.853534330196
      ,0.853534330196,0.853534330196,0.853534330196,0.853534330196
      ,0.853534330196,0.853534330196,0.853534330196,0.853534330196
      ,0.853534330196,0.853534330196,0.853534330196,0.853534330196
      ,0.853534330196)
    ,(1.038346699848,1.038346699848,1.038346699848,1.038346699847
      ,1.038346699848,1.038346699847,1.038346699848,1.038346699848
      ,1.038346699848,1.038346699848,1.038346699848,1.038346699848
      ,1.038346699848,1.038346699848,1.038346699848,1.038346699848
      ,1.038346699848)
    ,(1.03672962321,1.03672962321,1.03672962321,1.03672962321
      ,1.03672962321,1.03672962321,1.03672962321,1.03672962321
      ,1.03672962321,1.03672962321,1.03672962321,1.03672962321
      ,1.03672962321,1.03672962321,1.03672962321,1.03672962321
      ,1.03672962321)
    ,(1.669078461068,1.669078461068,1.669078461068,1.669078461068
      ,1.669078461068,1.669078461068,1.669078461068,1.669078461068
      ,1.669078461068,1.669078461068,1.669078461068,1.669078461068
      ,1.669078461068,1.669078461068,1.669078461068,1.669078461068
,1.669078461068))) REPRESENTATION_ITEM('') SURFACE() );
#9455 = CARTESIAN_POINT('',(-4.17,-1.7763568394E-15,19.9));
#9456 = CARTESIAN_POINT('',(-4.17,0.681924119241,19.9));
#9457 = CARTESIAN_POINT('',(-4.161683852204,1.369441428713,19.9));
#9458 = CARTESIAN_POINT('',(-4.140464355994,2.05551379081,19.9));
#9459 = CARTESIAN_POINT('',(-4.101780493309,2.733118747333,19.9));
#9460 = CARTESIAN_POINT('',(-4.041086912404,3.395156764189,19.9));
#9461 = CARTESIAN_POINT('',(-3.953880158523,4.034420864011,19.9));
#9462 = CARTESIAN_POINT('',(-3.835761651495,4.643628646679,19.9));
#9463 = CARTESIAN_POINT('',(-3.529313169011,5.787404748824,19.9));
#9464 = CARTESIAN_POINT('',(-3.067030107562,6.753551394919,19.9));
#9465 = CARTESIAN_POINT('',(-2.793153956953,7.185042875992,19.9));
#9466 = CARTESIAN_POINT('',(-2.472446020926,7.559151102253,19.9));
#9467 = CARTESIAN_POINT('',(-2.102681066211,7.866724813403,19.9));
#9468 = CARTESIAN_POINT('',(-1.679915158996,8.110120317016,19.9));
#9469 = CARTESIAN_POINT('',(-1.191922483381,8.280631528965,19.9));
#9470 = CARTESIAN_POINT('',(-0.633703703704,8.37,19.9));
#9471 = CARTESIAN_POINT('',(4.440892098501E-16,8.37,19.9));
#9472 = CARTESIAN_POINT('',(-4.17,-8.881784197001E-16,19.683999400176));
#9473 = CARTESIAN_POINT('',(-4.17,0.681924119241,19.683999400176));
#9474 = CARTESIAN_POINT('',(-4.161683852204,1.369441428713,
    19.683999400176));
#9475 = CARTESIAN_POINT('',(-4.140464355994,2.05551379081,
    19.683999400176));
#9476 = CARTESIAN_POINT('',(-4.101780493309,2.733118747333,
    19.683999400176));
#9477 = CARTESIAN_POINT('',(-4.041086912404,3.395156764189,
    19.683999400176));
#9478 = CARTESIAN_POINT('',(-3.953880158523,4.034420864011,
    19.683999400176));
#9479 = CARTESIAN_POINT('',(-3.835761651495,4.643628646679,
    19.683999400176));
#9480 = CARTESIAN_POINT('',(-3.529313169011,5.787404748824,
    19.683999400176));
#9481 = CARTESIAN_POINT('',(-3.067030107563,6.753551394919,
    19.683999400176));
#9482 = CARTESIAN_POINT('',(-2.793153956953,7.185042875992,
    19.683999400176));
#9483 = CARTESIAN_POINT('',(-2.472446020926,7.559151102253,
    19.683999400176));
#9484 = CARTESIAN_POINT('',(-2.102681066211,7.866724813403,
    19.683999400176));
#9485 = CARTESIAN_POINT('',(-1.679915158996,8.110120317016,
    19.683999400176));
#9486 = CARTESIAN_POINT('',(-1.191922483381,8.280631528965,
    19.683999400176));
#9487 = CARTESIAN_POINT('',(-0.633703703704,8.37,19.683999400176));
#9488 = CARTESIAN_POINT('',(0.,8.37,19.683999400176));
#9489 = CARTESIAN_POINT('',(-4.437091264771,0.,19.652985390178));
#9490 = CARTESIAN_POINT('',(-4.437091264771,0.684819417504,
    19.652985390178));
#9491 = CARTESIAN_POINT('',(-4.42873980846,1.376581472562,
    19.652985390178));
#9492 = CARTESIAN_POINT('',(-4.407396493477,2.06833861257,
    19.652985390178));
#9493 = CARTESIAN_POINT('',(-4.368393306688,2.753126750236,
    19.652985390178));
#9494 = CARTESIAN_POINT('',(-4.307045714079,3.424063078509,
    19.652985390178));
#9495 = CARTESIAN_POINT('',(-4.218624999239,4.074378094452,
    19.652985390178));
#9496 = CARTESIAN_POINT('',(-4.098291850454,4.697381832054,
    19.652985390178));
#9497 = CARTESIAN_POINT('',(-3.783690542338,5.875346775927,
    19.652985390178));
#9498 = CARTESIAN_POINT('',(-3.299560226529,6.889645225379,
    19.652985390178));
#9499 = CARTESIAN_POINT('',(-3.009616937984,7.349074051373,
    19.652985390178));
#9500 = CARTESIAN_POINT('',(-2.666638350821,7.752530740166,
    19.652985390178));
#9501 = CARTESIAN_POINT('',(-2.263493254284,8.095296128865,
    19.652985390178));
#9502 = CARTESIAN_POINT('',(-1.794862890168,8.360515769702,
    19.652985390178));
#9503 = CARTESIAN_POINT('',(-1.264162144029,8.54300104006,
    19.652985390178));
#9504 = CARTESIAN_POINT('',(-0.667185229772,8.637091264771,
    19.652985390178));
#9505 = CARTESIAN_POINT('',(0.,8.637091264771,19.652985390178));
#9506 = CARTESIAN_POINT('',(-4.657385199731,0.,19.9));
#9507 = CARTESIAN_POINT('',(-4.657385199731,0.687207427639,19.9));
#9508 = CARTESIAN_POINT('',(-4.649004621345,1.38247050213,19.9));
#9509 = CARTESIAN_POINT('',(-4.627559182001,2.078916384378,19.9));
#9510 = CARTESIAN_POINT('',(-4.588292620207,2.769629130777,19.9));
#9511 = CARTESIAN_POINT('',(-4.526405605944,3.447904688351,19.9));
#9512 = CARTESIAN_POINT('',(-4.436983629468,4.107334378258,19.9));
#9513 = CARTESIAN_POINT('',(-4.314823868542,4.741716867619,19.9));
#9514 = CARTESIAN_POINT('',(-3.993498199594,5.947880391788,19.9));
#9515 = CARTESIAN_POINT('',(-3.49134850889,7.00189391858,19.9));
#9516 = CARTESIAN_POINT('',(-3.188153221847,7.484365159122,19.9));
#9517 = CARTESIAN_POINT('',(-2.82680604679,7.912028136733,19.9));
#9518 = CARTESIAN_POINT('',(-2.396129376736,8.283819233674,19.9));
#9519 = CARTESIAN_POINT('',(-1.889670513458,8.567039182646,19.9));
#9520 = CARTESIAN_POINT('',(-1.323744620895,8.759400524566,19.9));
#9521 = CARTESIAN_POINT('',(-0.694800423898,8.857385199731,19.9));
#9522 = CARTESIAN_POINT('',(0.,8.857385199731,19.9));
#9523 = CARTESIAN_POINT('',(-4.437091264771,0.,20.147014609822));
#9524 = CARTESIAN_POINT('',(-4.437091264771,0.684819417504,
    20.147014609822));
#9525 = CARTESIAN_POINT('',(-4.42873980846,1.376581472562,
    20.147014609822));
#9526 = CARTESIAN_POINT('',(-4.407396493477,2.06833861257,
    20.147014609822));
#9527 = CARTESIAN_POINT('',(-4.368393306688,2.753126750236,
    20.147014609822));
#9528 = CARTESIAN_POINT('',(-4.307045714079,3.424063078509,
    20.147014609822));
#9529 = CARTESIAN_POINT('',(-4.218624999239,4.074378094452,
    20.147014609822));
#9530 = CARTESIAN_POINT('',(-4.098291850454,4.697381832054,
    20.147014609822));
#9531 = CARTESIAN_POINT('',(-3.783690542338,5.875346775927,
    20.147014609822));
#9532 = CARTESIAN_POINT('',(-3.299560226529,6.889645225379,
    20.147014609822));
#9533 = CARTESIAN_POINT('',(-3.009616937984,7.349074051373,
    20.147014609822));
#9534 = CARTESIAN_POINT('',(-2.666638350821,7.752530740166,
    20.147014609822));
#9535 = CARTESIAN_POINT('',(-2.263493254284,8.095296128865,
    20.147014609822));
#9536 = CARTESIAN_POINT('',(-1.794862890167,8.360515769702,
    20.147014609822));
#9537 = CARTESIAN_POINT('',(-1.264162144029,8.54300104006,
    20.147014609822));
#9538 = CARTESIAN_POINT('',(-0.667185229772,8.637091264771,
    20.147014609822));
#9539 = CARTESIAN_POINT('',(0.,8.637091264771,20.147014609822));
#9540 = CARTESIAN_POINT('',(-4.17,8.881784197001E-16,20.116000599824));
#9541 = CARTESIAN_POINT('',(-4.17,0.681924119241,20.116000599824));
#9542 = CARTESIAN_POINT('',(-4.161683852204,1.369441428713,
    20.116000599824));
#9543 = CARTESIAN_POINT('',(-4.140464355994,2.055513790811,
    20.116000599824));
#9544 = CARTESIAN_POINT('',(-4.101780493309,2.733118747333,
    20.116000599824));
#9545 = CARTESIAN_POINT('',(-4.041086912404,3.395156764189,
    20.116000599824));
#9546 = CARTESIAN_POINT('',(-3.953880158523,4.034420864011,
    20.116000599824));
#9547 = CARTESIAN_POINT('',(-3.835761651495,4.643628646679,
    20.116000599824));
#9548 = CARTESIAN_POINT('',(-3.529313169011,5.787404748824,
    20.116000599824));
#9549 = CARTESIAN_POINT('',(-3.067030107563,6.753551394919,
    20.116000599824));
#9550 = CARTESIAN_POINT('',(-2.793153956953,7.185042875992,
    20.116000599824));
#9551 = CARTESIAN_POINT('',(-2.472446020926,7.559151102253,
    20.116000599824));
#9552 = CARTESIAN_POINT('',(-2.102681066211,7.866724813403,
    20.116000599824));
#9553 = CARTESIAN_POINT('',(-1.679915158996,8.110120317016,
    20.116000599824));
#9554 = CARTESIAN_POINT('',(-1.191922483381,8.280631528965,
    20.116000599824));
#9555 = CARTESIAN_POINT('',(-0.633703703704,8.37,20.116000599824));
#9556 = CARTESIAN_POINT('',(0.,8.37,20.116000599824));
#9557 = CARTESIAN_POINT('',(-4.17,-1.7763568394E-15,19.9));
#9558 = CARTESIAN_POINT('',(-4.17,0.681924119241,19.9));
#9559 = CARTESIAN_POINT('',(-4.161683852204,1.369441428713,19.9));
#9560 = CARTESIAN_POINT('',(-4.140464355994,2.05551379081,19.9));
#9561 = CARTESIAN_POINT('',(-4.101780493309,2.733118747333,19.9));
#9562 = CARTESIAN_POINT('',(-4.041086912404,3.395156764189,19.9));
#9563 = CARTESIAN_POINT('',(-3.953880158523,4.034420864011,19.9));
#9564 = CARTESIAN_POINT('',(-3.835761651495,4.643628646679,19.9));
#9565 = CARTESIAN_POINT('',(-3.529313169011,5.787404748824,19.9));
#9566 = CARTESIAN_POINT('',(-3.067030107562,6.753551394919,19.9));
#9567 = CARTESIAN_POINT('',(-2.793153956953,7.185042875992,19.9));
#9568 = CARTESIAN_POINT('',(-2.472446020926,7.559151102253,19.9));
#9569 = CARTESIAN_POINT('',(-2.102681066211,7.866724813403,19.9));
#9570 = CARTESIAN_POINT('',(-1.679915158996,8.110120317016,19.9));
#9571 = CARTESIAN_POINT('',(-1.191922483381,8.280631528965,19.9));
#9572 = CARTESIAN_POINT('',(-0.633703703704,8.37,19.9));
#9573 = CARTESIAN_POINT('',(4.440892098501E-16,8.37,19.9));
#9574 = ADVANCED_FACE('',(#9575),#9637,.T.);
#9575 = FACE_BOUND('',#9576,.T.);
#9576 = EDGE_LOOP('',(#9577,#9578,#9579,#9580,#9602,#9614,#9626,#9636));
#9577 = ORIENTED_EDGE('',*,*,#9226,.T.);
#9578 = ORIENTED_EDGE('',*,*,#9214,.T.);
#9579 = ORIENTED_EDGE('',*,*,#9202,.T.);
#9580 = ORIENTED_EDGE('',*,*,#9581,.T.);
#9581 = EDGE_CURVE('',#9181,#9582,#9584,.T.);
#9582 = VERTEX_POINT('',#9583);
#9583 = CARTESIAN_POINT('',(0.,-8.63,19.9));
#9584 = ( BOUNDED_CURVE() B_SPLINE_CURVE(9,(#9585,#9586,#9587,#9588,
    #9589,#9590,#9591,#9592,#9593,#9594,#9595,#9596,#9597,#9598,#9599,
#9600,#9601),.UNSPECIFIED.,.F.,.F.) B_SPLINE_CURVE_WITH_KNOTS((10,7,10),
(0.,0.5,1.),.UNSPECIFIED.) CURVE() GEOMETRIC_REPRESENTATION_ITEM() 
RATIONAL_B_SPLINE_CURVE((1.669078461068,1.669078461068,1.669078461068,
    1.669078461068,1.669078461068,1.669078461068,1.669078461068,
    1.669078461068,1.669078461068,1.669078461068,1.669078461068,
    1.669078461068,1.669078461068,1.669078461068,1.669078461068,
1.669078461068,1.669078461068)) REPRESENTATION_ITEM('') );
#9585 = CARTESIAN_POINT('',(4.43,-8.881784197001E-16,19.9));
#9586 = CARTESIAN_POINT('',(4.43,-0.684742547425,19.9));
#9587 = CARTESIAN_POINT('',(4.421649481129,-1.37639190462,19.9));
#9588 = CARTESIAN_POINT('',(4.40030945353,-2.067998113951,19.9));
#9589 = CARTESIAN_POINT('',(4.361314744786,-2.752595538381,19.9));
#9590 = CARTESIAN_POINT('',(4.299984516168,-3.423295616763,19.9));
#9591 = CARTESIAN_POINT('',(4.211596031953,-4.073317231227,19.9));
#9592 = CARTESIAN_POINT('',(4.091321681838,-4.695954686654,19.9));
#9593 = CARTESIAN_POINT('',(3.776936830989,-5.873011917843,19.9));
#9594 = CARTESIAN_POINT('',(3.293386559104,-6.886031938414,19.9));
#9595 = CARTESIAN_POINT('',(3.003869852571,-7.34471902877,19.9));
#9596 = CARTESIAN_POINT('',(2.661482550503,-7.747396516794,19.9));
#9597 = CARTESIAN_POINT('',(2.259223695693,-8.08922756755,19.9));
#9598 = CARTESIAN_POINT('',(1.791811031481,-8.353867778222,19.9));
#9599 = CARTESIAN_POINT('',(1.262244183286,-8.536035137702,19.9));
#9600 = CARTESIAN_POINT('',(0.666296296296,-8.63,19.9));
#9601 = CARTESIAN_POINT('',(0.,-8.63,19.9));
#9602 = ORIENTED_EDGE('',*,*,#9603,.F.);
#9603 = EDGE_CURVE('',#9604,#9582,#9606,.T.);
#9604 = VERTEX_POINT('',#9605);
#9605 = CARTESIAN_POINT('',(7.960204194458E-18,-8.5,19.77));
#9606 = ( BOUNDED_CURVE() B_SPLINE_CURVE(6,(#9607,#9608,#9609,#9610,
#9611,#9612,#9613),.UNSPECIFIED.,.T.,.F.) B_SPLINE_CURVE_WITH_KNOTS((1,6
    ,6,1),(-6.28318530718,0.,6.28318530718,12.566370614359),
.UNSPECIFIED.) CURVE() GEOMETRIC_REPRESENTATION_ITEM() 
RATIONAL_B_SPLINE_CURVE((1.669078461068,1.03672962321,1.038346699848,
    0.853534330196,1.038346699848,1.03672962321,1.669078461068)) 
REPRESENTATION_ITEM('') );
#9607 = CARTESIAN_POINT('',(0.,-8.63,19.9));
#9608 = CARTESIAN_POINT('',(0.,-8.63,20.116000599824));
#9609 = CARTESIAN_POINT('',(0.,-8.362908735229,20.147014609822));
#9610 = CARTESIAN_POINT('',(0.,-8.142614800269,19.9));
#9611 = CARTESIAN_POINT('',(0.,-8.362908735229,19.652985390178));
#9612 = CARTESIAN_POINT('',(0.,-8.63,19.683999400176));
#9613 = CARTESIAN_POINT('',(0.,-8.63,19.9));
#9614 = ORIENTED_EDGE('',*,*,#9615,.F.);
#9615 = EDGE_CURVE('',#9616,#9604,#9618,.T.);
#9616 = VERTEX_POINT('',#9617);
#9617 = CARTESIAN_POINT('',(0.,-8.5,20.03));
#9618 = ( BOUNDED_CURVE() B_SPLINE_CURVE(6,(#9619,#9620,#9621,#9622,
#9623,#9624,#9625),.UNSPECIFIED.,.T.,.F.) B_SPLINE_CURVE_WITH_KNOTS((1,6
    ,6,1),(-6.28318530718,0.,6.28318530718,12.566370614359),
.UNSPECIFIED.) CURVE() GEOMETRIC_REPRESENTATION_ITEM() 
RATIONAL_B_SPLINE_CURVE((1.669078461068,1.03672962321,1.038346699848,
    0.853534330196,1.038346699848,1.03672962321,1.669078461068)) 
REPRESENTATION_ITEM('') );
#9619 = CARTESIAN_POINT('',(0.,-8.63,19.9));
#9620 = CARTESIAN_POINT('',(0.,-8.63,20.116000599824));
#9621 = CARTESIAN_POINT('',(0.,-8.362908735229,20.147014609822));
#9622 = CARTESIAN_POINT('',(0.,-8.142614800269,19.9));
#9623 = CARTESIAN_POINT('',(0.,-8.362908735229,19.652985390178));
#9624 = CARTESIAN_POINT('',(0.,-8.63,19.683999400176));
#9625 = CARTESIAN_POINT('',(0.,-8.63,19.9));
#9626 = ORIENTED_EDGE('',*,*,#9627,.F.);
#9627 = EDGE_CURVE('',#9582,#9616,#9628,.T.);
#9628 = ( BOUNDED_CURVE() B_SPLINE_CURVE(6,(#9629,#9630,#9631,#9632,
#9633,#9634,#9635),.UNSPECIFIED.,.T.,.F.) B_SPLINE_CURVE_WITH_KNOTS((1,6
    ,6,1),(-6.28318530718,0.,6.28318530718,12.566370614359),
.UNSPECIFIED.) CURVE() GEOMETRIC_REPRESENTATION_ITEM() 
RATIONAL_B_SPLINE_CURVE((1.669078461068,1.03672962321,1.038346699848,
    0.853534330196,1.038346699848,1.03672962321,1.669078461068)) 
REPRESENTATION_ITEM('') );
#9629 = CARTESIAN_POINT('',(0.,-8.63,19.9));
#9630 = CARTESIAN_POINT('',(0.,-8.63,20.116000599824));
#9631 = CARTESIAN_POINT('',(0.,-8.362908735229,20.147014609822));
#9632 = CARTESIAN_POINT('',(0.,-8.142614800269,19.9));
#9633 = CARTESIAN_POINT('',(0.,-8.362908735229,19.652985390178));
#9634 = CARTESIAN_POINT('',(0.,-8.63,19.683999400176));
#9635 = CARTESIAN_POINT('',(0.,-8.63,19.9));
#9636 = ORIENTED_EDGE('',*,*,#9581,.F.);
#9637 = ( BOUNDED_SURFACE() B_SPLINE_SURFACE(6,9,(
    (#9638,#9639,#9640,#9641,#9642,#9643,#9644,#9645,#9646,#9647,#9648
      ,#9649,#9650,#9651,#9652,#9653,#9654)
    ,(#9655,#9656,#9657,#9658,#9659,#9660,#9661,#9662,#9663,#9664,#9665
      ,#9666,#9667,#9668,#9669,#9670,#9671)
    ,(#9672,#9673,#9674,#9675,#9676,#9677,#9678,#9679,#9680,#9681,#9682
      ,#9683,#9684,#9685,#9686,#9687,#9688)
    ,(#9689,#9690,#9691,#9692,#9693,#9694,#9695,#9696,#9697,#9698,#9699
      ,#9700,#9701,#9702,#9703,#9704,#9705)
    ,(#9706,#9707,#9708,#9709,#9710,#9711,#9712,#9713,#9714,#9715,#9716
      ,#9717,#9718,#9719,#9720,#9721,#9722)
    ,(#9723,#9724,#9725,#9726,#9727,#9728,#9729,#9730,#9731,#9732,#9733
      ,#9734,#9735,#9736,#9737,#9738,#9739)
    ,(#9740,#9741,#9742,#9743,#9744,#9745,#9746,#9747,#9748,#9749,#9750
      ,#9751,#9752,#9753,#9754,#9755,#9756
)),.UNSPECIFIED.,.T.,.F.,.F.) B_SPLINE_SURFACE_WITH_KNOTS((1,6,6,1),(10,
    7,10),(-6.28318530718,0.,6.28318530718,12.566370614359),(0.,0.5,1.),
.UNSPECIFIED.) GEOMETRIC_REPRESENTATION_ITEM() RATIONAL_B_SPLINE_SURFACE
((
    (1.669078461068,1.669078461068,1.669078461068,1.669078461068
      ,1.669078461068,1.669078461068,1.669078461068,1.669078461068
      ,1.669078461068,1.669078461068,1.669078461068,1.669078461068
      ,1.669078461068,1.669078461068,1.669078461068,1.669078461068
      ,1.669078461068)
    ,(1.03672962321,1.03672962321,1.03672962321,1.03672962321
      ,1.03672962321,1.03672962321,1.03672962321,1.03672962321
      ,1.03672962321,1.03672962321,1.03672962321,1.03672962321
      ,1.03672962321,1.03672962321,1.03672962321,1.03672962321
      ,1.03672962321)
    ,(1.038346699848,1.038346699848,1.038346699848,1.038346699847
      ,1.038346699848,1.038346699847,1.038346699848,1.038346699848
      ,1.038346699848,1.038346699848,1.038346699848,1.038346699848
      ,1.038346699848,1.038346699848,1.038346699848,1.038346699848
      ,1.038346699848)
    ,(0.853534330196,0.853534330196,0.853534330196,0.853534330196
      ,0.853534330196,0.853534330196,0.853534330196,0.853534330196
      ,0.853534330196,0.853534330196,0.853534330196,0.853534330196
      ,0.853534330196,0.853534330196,0.853534330196,0.853534330196
      ,0.853534330196)
    ,(1.038346699848,1.038346699848,1.038346699848,1.038346699847
      ,1.038346699848,1.038346699847,1.038346699848,1.038346699848
      ,1.038346699848,1.038346699848,1.038346699848,1.038346699848
      ,1.038346699848,1.038346699848,1.038346699848,1.038346699848
      ,1.038346699848)
    ,(1.03672962321,1.03672962321,1.03672962321,1.03672962321
      ,1.03672962321,1.03672962321,1.03672962321,1.03672962321
      ,1.03672962321,1.03672962321,1.03672962321,1.03672962321
      ,1.03672962321,1.03672962321,1.03672962321,1.03672962321
      ,1.03672962321)
    ,(1.669078461068,1.669078461068,1.669078461068,1.669078461068
      ,1.669078461068,1.669078461068,1.669078461068,1.669078461068
      ,1.669078461068,1.669078461068,1.669078461068,1.669078461068
      ,1.669078461068,1.669078461068,1.669078461068,1.669078461068
,1.669078461068))) REPRESENTATION_ITEM('') SURFACE() );
#9638 = CARTESIAN_POINT('',(4.43,-8.881784197001E-16,19.9));
#9639 = CARTESIAN_POINT('',(4.43,-0.684742547425,19.9));
#9640 = CARTESIAN_POINT('',(4.421649481129,-1.37639190462,19.9));
#9641 = CARTESIAN_POINT('',(4.40030945353,-2.067998113951,19.9));
#9642 = CARTESIAN_POINT('',(4.361314744786,-2.752595538381,19.9));
#9643 = CARTESIAN_POINT('',(4.299984516168,-3.423295616763,19.9));
#9644 = CARTESIAN_POINT('',(4.211596031953,-4.073317231227,19.9));
#9645 = CARTESIAN_POINT('',(4.091321681838,-4.695954686654,19.9));
#9646 = CARTESIAN_POINT('',(3.776936830989,-5.873011917843,19.9));
#9647 = CARTESIAN_POINT('',(3.293386559104,-6.886031938414,19.9));
#9648 = CARTESIAN_POINT('',(3.003869852571,-7.34471902877,19.9));
#9649 = CARTESIAN_POINT('',(2.661482550503,-7.747396516794,19.9));
#9650 = CARTESIAN_POINT('',(2.259223695693,-8.08922756755,19.9));
#9651 = CARTESIAN_POINT('',(1.791811031481,-8.353867778222,19.9));
#9652 = CARTESIAN_POINT('',(1.262244183286,-8.536035137702,19.9));
#9653 = CARTESIAN_POINT('',(0.666296296296,-8.63,19.9));
#9654 = CARTESIAN_POINT('',(0.,-8.63,19.9));
#9655 = CARTESIAN_POINT('',(4.43,0.,20.116000599824));
#9656 = CARTESIAN_POINT('',(4.43,-0.684742547425,20.116000599824));
#9657 = CARTESIAN_POINT('',(4.421649481129,-1.37639190462,
    20.116000599824));
#9658 = CARTESIAN_POINT('',(4.40030945353,-2.067998113952,
    20.116000599824));
#9659 = CARTESIAN_POINT('',(4.361314744787,-2.752595538381,
    20.116000599824));
#9660 = CARTESIAN_POINT('',(4.299984516168,-3.423295616763,
    20.116000599824));
#9661 = CARTESIAN_POINT('',(4.211596031953,-4.073317231227,
    20.116000599824));
#9662 = CARTESIAN_POINT('',(4.091321681838,-4.695954686654,
    20.116000599824));
#9663 = CARTESIAN_POINT('',(3.776936830989,-5.873011917843,
    20.116000599824));
#9664 = CARTESIAN_POINT('',(3.293386559104,-6.886031938414,
    20.116000599824));
#9665 = CARTESIAN_POINT('',(3.003869852571,-7.34471902877,
    20.116000599824));
#9666 = CARTESIAN_POINT('',(2.661482550503,-7.747396516794,
    20.116000599824));
#9667 = CARTESIAN_POINT('',(2.259223695693,-8.08922756755,
    20.116000599824));
#9668 = CARTESIAN_POINT('',(1.791811031481,-8.353867778222,
    20.116000599824));
#9669 = CARTESIAN_POINT('',(1.262244183286,-8.536035137702,
    20.116000599824));
#9670 = CARTESIAN_POINT('',(0.666296296296,-8.63,20.116000599824));
#9671 = CARTESIAN_POINT('',(0.,-8.63,20.116000599824));
#9672 = CARTESIAN_POINT('',(4.162908735229,0.,20.147014609822));
#9673 = CARTESIAN_POINT('',(4.162908735229,-0.681847249162,
    20.147014609822));
#9674 = CARTESIAN_POINT('',(4.154593524873,-1.369251860771,
    20.147014609822));
#9675 = CARTESIAN_POINT('',(4.133377316047,-2.055173292191,
    20.147014609822));
#9676 = CARTESIAN_POINT('',(4.094701931407,-2.732587535478,
    20.147014609822));
#9677 = CARTESIAN_POINT('',(4.034025714493,-3.394389302443,
    20.147014609822));
#9678 = CARTESIAN_POINT('',(3.946851191237,-4.033360000786,
    20.147014609822));
#9679 = CARTESIAN_POINT('',(3.828791482879,-4.642201501279,
    20.147014609822));
#9680 = CARTESIAN_POINT('',(3.522559457662,-5.78506989074,
    20.147014609822));
#9681 = CARTESIAN_POINT('',(3.060856440137,-6.749938107954,
    20.147014609822));
#9682 = CARTESIAN_POINT('',(2.78740687154,-7.180687853389,
    20.147014609822));
#9683 = CARTESIAN_POINT('',(2.467290220608,-7.554016878882,
    20.147014609822));
#9684 = CARTESIAN_POINT('',(2.09841150762,-7.860656252088,
    20.147014609822));
#9685 = CARTESIAN_POINT('',(1.676863300309,-8.103472325536,
    20.147014609822));
#9686 = CARTESIAN_POINT('',(1.190004522638,-8.273665626607,
    20.147014609822));
#9687 = CARTESIAN_POINT('',(0.632814770228,-8.362908735229,
    20.147014609822));
#9688 = CARTESIAN_POINT('',(0.,-8.362908735229,20.147014609822));
#9689 = CARTESIAN_POINT('',(3.942614800269,0.,19.9));
#9690 = CARTESIAN_POINT('',(3.942614800269,-0.679459239027,19.9));
#9691 = CARTESIAN_POINT('',(3.934328711988,-1.363362831204,19.9));
#9692 = CARTESIAN_POINT('',(3.913214627523,-2.044595520383,19.9));
#9693 = CARTESIAN_POINT('',(3.874802617888,-2.716085154938,19.9));
#9694 = CARTESIAN_POINT('',(3.814665822628,-3.370547692601,19.9));
#9695 = CARTESIAN_POINT('',(3.728492561008,-4.000403716981,19.9));
#9696 = CARTESIAN_POINT('',(3.612259464791,-4.597866465714,19.9));
#9697 = CARTESIAN_POINT('',(3.312751800406,-5.712536274878,19.9));
#9698 = CARTESIAN_POINT('',(2.869068157777,-6.637689414754,19.9));
#9699 = CARTESIAN_POINT('',(2.608870587677,-7.04539674564,19.9));
#9700 = CARTESIAN_POINT('',(2.307122524639,-7.394519482315,19.9));
#9701 = CARTESIAN_POINT('',(1.965775385168,-7.672133147279,19.9));
#9702 = CARTESIAN_POINT('',(1.582055677018,-7.896948912592,19.9));
#9703 = CARTESIAN_POINT('',(1.130422045772,-8.057266142101,19.9));
#9704 = CARTESIAN_POINT('',(0.605199576102,-8.142614800269,19.9));
#9705 = CARTESIAN_POINT('',(0.,-8.142614800269,19.9));
#9706 = CARTESIAN_POINT('',(4.162908735229,0.,19.652985390178));
#9707 = CARTESIAN_POINT('',(4.162908735229,-0.681847249162,
    19.652985390178));
#9708 = CARTESIAN_POINT('',(4.154593524873,-1.369251860771,
    19.652985390178));
#9709 = CARTESIAN_POINT('',(4.133377316047,-2.055173292191,
    19.652985390178));
#9710 = CARTESIAN_POINT('',(4.094701931407,-2.732587535478,
    19.652985390178));
#9711 = CARTESIAN_POINT('',(4.034025714493,-3.394389302443,
    19.652985390178));
#9712 = CARTESIAN_POINT('',(3.946851191237,-4.033360000786,
    19.652985390178));
#9713 = CARTESIAN_POINT('',(3.828791482879,-4.642201501279,
    19.652985390178));
#9714 = CARTESIAN_POINT('',(3.522559457662,-5.78506989074,
    19.652985390178));
#9715 = CARTESIAN_POINT('',(3.060856440137,-6.749938107954,
    19.652985390178));
#9716 = CARTESIAN_POINT('',(2.78740687154,-7.180687853389,
    19.652985390178));
#9717 = CARTESIAN_POINT('',(2.467290220608,-7.554016878882,
    19.652985390178));
#9718 = CARTESIAN_POINT('',(2.09841150762,-7.860656252088,
    19.652985390178));
#9719 = CARTESIAN_POINT('',(1.676863300309,-8.103472325536,
    19.652985390178));
#9720 = CARTESIAN_POINT('',(1.190004522638,-8.273665626607,
    19.652985390178));
#9721 = CARTESIAN_POINT('',(0.632814770228,-8.362908735229,
    19.652985390178));
#9722 = CARTESIAN_POINT('',(0.,-8.362908735229,19.652985390178));
#9723 = CARTESIAN_POINT('',(4.43,0.,19.683999400176));
#9724 = CARTESIAN_POINT('',(4.43,-0.684742547425,19.683999400176));
#9725 = CARTESIAN_POINT('',(4.421649481129,-1.37639190462,
    19.683999400176));
#9726 = CARTESIAN_POINT('',(4.40030945353,-2.067998113952,
    19.683999400176));
#9727 = CARTESIAN_POINT('',(4.361314744787,-2.752595538381,
    19.683999400176));
#9728 = CARTESIAN_POINT('',(4.299984516167,-3.423295616763,
    19.683999400176));
#9729 = CARTESIAN_POINT('',(4.211596031954,-4.073317231227,
    19.683999400176));
#9730 = CARTESIAN_POINT('',(4.091321681838,-4.695954686654,
    19.683999400176));
#9731 = CARTESIAN_POINT('',(3.776936830989,-5.873011917843,
    19.683999400176));
#9732 = CARTESIAN_POINT('',(3.293386559104,-6.886031938414,
    19.683999400176));
#9733 = CARTESIAN_POINT('',(3.003869852571,-7.34471902877,
    19.683999400176));
#9734 = CARTESIAN_POINT('',(2.661482550503,-7.747396516794,
    19.683999400176));
#9735 = CARTESIAN_POINT('',(2.259223695693,-8.08922756755,
    19.683999400176));
#9736 = CARTESIAN_POINT('',(1.791811031481,-8.353867778222,
    19.683999400176));
#9737 = CARTESIAN_POINT('',(1.262244183286,-8.536035137702,
    19.683999400176));
#9738 = CARTESIAN_POINT('',(0.666296296296,-8.63,19.683999400176));
#9739 = CARTESIAN_POINT('',(0.,-8.63,19.683999400176));
#9740 = CARTESIAN_POINT('',(4.43,-8.881784197001E-16,19.9));
#9741 = CARTESIAN_POINT('',(4.43,-0.684742547425,19.9));
#9742 = CARTESIAN_POINT('',(4.421649481129,-1.37639190462,19.9));
#9743 = CARTESIAN_POINT('',(4.40030945353,-2.067998113951,19.9));
#9744 = CARTESIAN_POINT('',(4.361314744786,-2.752595538381,19.9));
#9745 = CARTESIAN_POINT('',(4.299984516168,-3.423295616763,19.9));
#9746 = CARTESIAN_POINT('',(4.211596031953,-4.073317231227,19.9));
#9747 = CARTESIAN_POINT('',(4.091321681838,-4.695954686654,19.9));
#9748 = CARTESIAN_POINT('',(3.776936830989,-5.873011917843,19.9));
#9749 = CARTESIAN_POINT('',(3.293386559104,-6.886031938414,19.9));
#9750 = CARTESIAN_POINT('',(3.003869852571,-7.34471902877,19.9));
#9751 = CARTESIAN_POINT('',(2.661482550503,-7.747396516794,19.9));
#9752 = CARTESIAN_POINT('',(2.259223695693,-8.08922756755,19.9));
#9753 = CARTESIAN_POINT('',(1.791811031481,-8.353867778222,19.9));
#9754 = CARTESIAN_POINT('',(1.262244183286,-8.536035137702,19.9));
#9755 = CARTESIAN_POINT('',(0.666296296296,-8.63,19.9));
#9756 = CARTESIAN_POINT('',(0.,-8.63,19.9));
#9757 = ADVANCED_FACE('',(#9758),#9785,.T.);
#9758 = FACE_BOUND('',#9759,.T.);
#9759 = EDGE_LOOP('',(#9760,#9761,#9762,#9763,#9781,#9782,#9783,#9784));
#9760 = ORIENTED_EDGE('',*,*,#9615,.T.);
#9761 = ORIENTED_EDGE('',*,*,#9603,.T.);
#9762 = ORIENTED_EDGE('',*,*,#9627,.T.);
#9763 = ORIENTED_EDGE('',*,*,#9764,.T.);
#9764 = EDGE_CURVE('',#9616,#9397,#9765,.T.);
#9765 = ( BOUNDED_CURVE() B_SPLINE_CURVE(8,(#9766,#9767,#9768,#9769,
    #9770,#9771,#9772,#9773,#9774,#9775,#9776,#9777,#9778,#9779,#9780),
.UNSPECIFIED.,.F.,.F.) B_SPLINE_CURVE_WITH_KNOTS((9,6,9),(0.,0.5,1.),
.UNSPECIFIED.) CURVE() GEOMETRIC_REPRESENTATION_ITEM() 
RATIONAL_B_SPLINE_CURVE((1.669078461068,1.669078461068,1.669078461068,
    1.669078461068,1.669078461068,1.669078461068,1.669078461068,
    1.669078461068,1.669078461068,1.669078461068,1.669078461068,
    1.669078461068,1.669078461068,1.669078461068,1.669078461068)) 
REPRESENTATION_ITEM('') );
#9766 = CARTESIAN_POINT('',(0.,-8.5,20.03));
#9767 = CARTESIAN_POINT('',(-0.73125,-8.5,20.03));
#9768 = CARTESIAN_POINT('',(-1.36875,-8.382142857143,20.03));
#9769 = CARTESIAN_POINT('',(-1.919419642857,-8.156919642857,20.03));
#9770 = CARTESIAN_POINT('',(-2.390178571429,-7.834821428571,20.03));
#9771 = CARTESIAN_POINT('',(-2.787946428571,-7.426339285714,20.03));
#9772 = CARTESIAN_POINT('',(-3.119642857143,-6.941964285714,20.03));
#9773 = CARTESIAN_POINT('',(-3.664732142857,-5.842410714286,20.03));
#9774 = CARTESIAN_POINT('',(-4.000892857143,-4.523214285714,20.03));
#9775 = CARTESIAN_POINT('',(-4.123660714286,-3.819196428571,20.03));
#9776 = CARTESIAN_POINT('',(-4.208035714286,-3.08125,20.03));
#9777 = CARTESIAN_POINT('',(-4.2609375,-2.319866071429,20.03));
#9778 = CARTESIAN_POINT('',(-4.289285714286,-1.545535714286,20.03));
#9779 = CARTESIAN_POINT('',(-4.3,-0.76875,20.03));
#9780 = CARTESIAN_POINT('',(-4.3,0.,20.03));
#9781 = ORIENTED_EDGE('',*,*,#9394,.F.);
#9782 = ORIENTED_EDGE('',*,*,#9445,.F.);
#9783 = ORIENTED_EDGE('',*,*,#9408,.F.);
#9784 = ORIENTED_EDGE('',*,*,#9764,.F.);
#9785 = ( BOUNDED_SURFACE() B_SPLINE_SURFACE(6,8,(
    (#9786,#9787,#9788,#9789,#9790,#9791,#9792,#9793,#9794,#9795,#9796
      ,#9797,#9798,#9799,#9800)
    ,(#9801,#9802,#9803,#9804,#9805,#9806,#9807,#9808,#9809,#9810,#9811
      ,#9812,#9813,#9814,#9815)
    ,(#9816,#9817,#9818,#9819,#9820,#9821,#9822,#9823,#9824,#9825,#9826
      ,#9827,#9828,#9829,#9830)
    ,(#9831,#9832,#9833,#9834,#9835,#9836,#9837,#9838,#9839,#9840,#9841
      ,#9842,#9843,#9844,#9845)
    ,(#9846,#9847,#9848,#9849,#9850,#9851,#9852,#9853,#9854,#9855,#9856
      ,#9857,#9858,#9859,#9860)
    ,(#9861,#9862,#9863,#9864,#9865,#9866,#9867,#9868,#9869,#9870,#9871
      ,#9872,#9873,#9874,#9875)
    ,(#9876,#9877,#9878,#9879,#9880,#9881,#9882,#9883,#9884,#9885,#9886
      ,#9887,#9888,#9889,#9890
)),.UNSPECIFIED.,.T.,.F.,.F.) B_SPLINE_SURFACE_WITH_KNOTS((1,6,6,1),(9,6
    ,9),(-6.28318530718,0.,6.28318530718,12.566370614359),(0.,0.5,1.),
.UNSPECIFIED.) GEOMETRIC_REPRESENTATION_ITEM() RATIONAL_B_SPLINE_SURFACE
((
    (1.669078461068,1.669078461068,1.669078461068,1.669078461068
      ,1.669078461068,1.669078461068,1.669078461068,1.669078461068
      ,1.669078461068,1.669078461068,1.669078461068,1.669078461068
      ,1.669078461068,1.669078461068,1.669078461068)
    ,(1.03672962321,1.03672962321,1.03672962321,1.03672962321
      ,1.03672962321,1.03672962321,1.03672962321,1.03672962321
      ,1.03672962321,1.03672962321,1.03672962321,1.03672962321
      ,1.03672962321,1.03672962321,1.03672962321)
    ,(1.038346699848,1.038346699848,1.038346699848,1.038346699848
      ,1.038346699848,1.038346699848,1.038346699848,1.038346699848
      ,1.038346699848,1.038346699847,1.038346699848,1.038346699847
      ,1.038346699848,1.038346699848,1.038346699848)
    ,(0.853534330196,0.853534330196,0.853534330196,0.853534330196
      ,0.853534330196,0.853534330196,0.853534330196,0.853534330196
      ,0.853534330196,0.853534330196,0.853534330196,0.853534330196
      ,0.853534330196,0.853534330196,0.853534330196)
    ,(1.038346699848,1.038346699848,1.038346699848,1.038346699848
      ,1.038346699848,1.038346699848,1.038346699848,1.038346699848
      ,1.038346699848,1.038346699847,1.038346699848,1.038346699847
      ,1.038346699848,1.038346699848,1.038346699848)
    ,(1.03672962321,1.03672962321,1.03672962321,1.03672962321
      ,1.03672962321,1.03672962321,1.03672962321,1.03672962321
      ,1.03672962321,1.03672962321,1.03672962321,1.03672962321
      ,1.03672962321,1.03672962321,1.03672962321)
    ,(1.669078461068,1.669078461068,1.669078461068,1.669078461068
      ,1.669078461068,1.669078461068,1.669078461068,1.669078461068
      ,1.669078461068,1.669078461068,1.669078461068,1.669078461068
      ,1.669078461068,1.669078461068,1.669078461068
))) REPRESENTATION_ITEM('') SURFACE() );
#9786 = CARTESIAN_POINT('',(0.,-8.5,20.03));
#9787 = CARTESIAN_POINT('',(-0.73125,-8.5,20.03));
#9788 = CARTESIAN_POINT('',(-1.36875,-8.382142857143,20.03));
#9789 = CARTESIAN_POINT('',(-1.919419642857,-8.156919642857,20.03));
#9790 = CARTESIAN_POINT('',(-2.390178571429,-7.834821428571,20.03));
#9791 = CARTESIAN_POINT('',(-2.787946428571,-7.426339285714,20.03));
#9792 = CARTESIAN_POINT('',(-3.119642857143,-6.941964285714,20.03));
#9793 = CARTESIAN_POINT('',(-3.664732142857,-5.842410714286,20.03));
#9794 = CARTESIAN_POINT('',(-4.000892857143,-4.523214285714,20.03));
#9795 = CARTESIAN_POINT('',(-4.123660714286,-3.819196428571,20.03));
#9796 = CARTESIAN_POINT('',(-4.208035714286,-3.08125,20.03));
#9797 = CARTESIAN_POINT('',(-4.2609375,-2.319866071429,20.03));
#9798 = CARTESIAN_POINT('',(-4.289285714286,-1.545535714286,20.03));
#9799 = CARTESIAN_POINT('',(-4.3,-0.76875,20.03));
#9800 = CARTESIAN_POINT('',(-4.3,0.,20.03));
#9801 = CARTESIAN_POINT('',(-4.440892098501E-16,-8.283999400176,20.03));
#9802 = CARTESIAN_POINT('',(-0.700788376948,-8.283999400176,20.03));
#9803 = CARTESIAN_POINT('',(-1.302340263597,-8.171051822939,20.03));
#9804 = CARTESIAN_POINT('',(-1.812902608553,-7.957966037095,20.03));
#9805 = CARTESIAN_POINT('',(-2.242170414446,-7.663574932482,20.03));
#9806 = CARTESIAN_POINT('',(-2.618514864186,-7.285623884277,20.03));
#9807 = CARTESIAN_POINT('',(-2.933899766842,-6.826934765813,20.03));
#9808 = CARTESIAN_POINT('',(-3.458222389248,-5.77209728988,20.03));
#9809 = CARTESIAN_POINT('',(-3.787855577013,-4.483098605982,20.03));
#9810 = CARTESIAN_POINT('',(-3.909024835628,-3.790783276229,20.03));
#9811 = CARTESIAN_POINT('',(-3.992591848478,-3.061901997789,20.03));
#9812 = CARTESIAN_POINT('',(-4.045111576541,-2.307644355978,20.03));
#9813 = CARTESIAN_POINT('',(-4.073321827404,-1.538864284185,20.03));
#9814 = CARTESIAN_POINT('',(-4.083999400176,-0.766115846344,20.03));
#9815 = CARTESIAN_POINT('',(-4.083999400176,0.,20.03));
#9816 = CARTESIAN_POINT('',(4.440892098501E-16,-8.252985390178,
    19.762908735229));
#9817 = CARTESIAN_POINT('',(-0.696414606307,-8.252985390178,
    19.762908735229));
#9818 = CARTESIAN_POINT('',(-1.292804955683,-8.140742743008,
    19.762908735229));
#9819 = CARTESIAN_POINT('',(-1.797608575251,-7.92939968532,
    19.762908735229));
#9820 = CARTESIAN_POINT('',(-2.22091896207,-7.638986850105,
    19.762908735229));
#9821 = CARTESIAN_POINT('',(-2.594187375114,-7.265419547482,
    19.762908735229));
#9822 = CARTESIAN_POINT('',(-2.907230220256,-6.810418484455,
    19.762908735229));
#9823 = CARTESIAN_POINT('',(-3.428571103241,-5.762001478807,
    19.762908735229));
#9824 = CARTESIAN_POINT('',(-3.757267049291,-4.477338677105,
    19.762908735229));
#9825 = CARTESIAN_POINT('',(-3.878206776363,-3.78670363112,
    19.762908735229));
#9826 = CARTESIAN_POINT('',(-3.96165777601,-3.059123953958,
    19.762908735229));
#9827 = CARTESIAN_POINT('',(-4.014122647097,-2.305889525642,
    19.762908735229));
#9828 = CARTESIAN_POINT('',(-4.042313088761,-1.537906380364,
    19.762908735229));
#9829 = CARTESIAN_POINT('',(-4.052985390178,-0.765737626709,
    19.762908735229));
#9830 = CARTESIAN_POINT('',(-4.052985390178,0.,19.762908735229));
#9831 = CARTESIAN_POINT('',(4.440892098501E-16,-8.5,19.542614800269));
#9832 = CARTESIAN_POINT('',(-0.73125,-8.5,19.542614800269));
#9833 = CARTESIAN_POINT('',(-1.36875,-8.382142857143,19.542614800269));
#9834 = CARTESIAN_POINT('',(-1.919419642857,-8.156919642857,
    19.542614800269));
#9835 = CARTESIAN_POINT('',(-2.390178571429,-7.834821428571,
    19.542614800269));
#9836 = CARTESIAN_POINT('',(-2.787946428571,-7.426339285714,
    19.542614800269));
#9837 = CARTESIAN_POINT('',(-3.119642857143,-6.941964285714,
    19.542614800269));
#9838 = CARTESIAN_POINT('',(-3.664732142857,-5.842410714286,
    19.542614800269));
#9839 = CARTESIAN_POINT('',(-4.000892857143,-4.523214285714,
    19.542614800269));
#9840 = CARTESIAN_POINT('',(-4.123660714286,-3.819196428571,
    19.542614800269));
#9841 = CARTESIAN_POINT('',(-4.208035714286,-3.08125,19.542614800269));
#9842 = CARTESIAN_POINT('',(-4.2609375,-2.319866071429,19.542614800269)
  );
#9843 = CARTESIAN_POINT('',(-4.289285714286,-1.545535714286,
    19.542614800269));
#9844 = CARTESIAN_POINT('',(-4.3,-0.76875,19.542614800269));
#9845 = CARTESIAN_POINT('',(-4.3,0.,19.542614800269));
#9846 = CARTESIAN_POINT('',(-4.440892098501E-16,-8.747014609822,
    19.762908735229));
#9847 = CARTESIAN_POINT('',(-0.766085393693,-8.747014609822,
    19.762908735229));
#9848 = CARTESIAN_POINT('',(-1.444695044317,-8.623542971278,
    19.762908735229));
#9849 = CARTESIAN_POINT('',(-2.041230710463,-8.384439600394,
    19.762908735229));
#9850 = CARTESIAN_POINT('',(-2.559438180787,-8.030656007037,
    19.762908735229));
#9851 = CARTESIAN_POINT('',(-2.981705482029,-7.587259023947,
    19.762908735229));
#9852 = CARTESIAN_POINT('',(-3.332055494029,-7.073510086973,
    19.762908735229));
#9853 = CARTESIAN_POINT('',(-3.900893182473,-5.922819949765,
    19.762908735229));
#9854 = CARTESIAN_POINT('',(-4.244518664995,-4.569089894324,
    19.762908735229));
#9855 = CARTESIAN_POINT('',(-4.369114652208,-3.851689226023,
    19.762908735229));
#9856 = CARTESIAN_POINT('',(-4.454413652561,-3.103376046042,
    19.762908735229));
#9857 = CARTESIAN_POINT('',(-4.507752352903,-2.333842617215,
    19.762908735229));
#9858 = CARTESIAN_POINT('',(-4.536258339811,-1.553165048207,
    19.762908735229));
#9859 = CARTESIAN_POINT('',(-4.547014609822,-0.771762373291,
    19.762908735229));
#9860 = CARTESIAN_POINT('',(-4.547014609822,0.,19.762908735229));
#9861 = CARTESIAN_POINT('',(0.,-8.716000599824,20.03));
#9862 = CARTESIAN_POINT('',(-0.761711623052,-8.716000599824,20.03));
#9863 = CARTESIAN_POINT('',(-1.435159736403,-8.593233891347,20.03));
#9864 = CARTESIAN_POINT('',(-2.025936677162,-8.355873248619,20.03));
#9865 = CARTESIAN_POINT('',(-2.538186728411,-8.006067924661,20.03));
#9866 = CARTESIAN_POINT('',(-2.957377992957,-7.567054687151,20.03));
#9867 = CARTESIAN_POINT('',(-3.305385947444,-7.056993805615,20.03));
#9868 = CARTESIAN_POINT('',(-3.871241896466,-5.912724138692,20.03));
#9869 = CARTESIAN_POINT('',(-4.213930137272,-4.563329965447,20.03));
#9870 = CARTESIAN_POINT('',(-4.338296592944,-3.847609580913,20.03));
#9871 = CARTESIAN_POINT('',(-4.423479580093,-3.100598002211,20.03));
#9872 = CARTESIAN_POINT('',(-4.476763423459,-2.332087786879,20.03));
#9873 = CARTESIAN_POINT('',(-4.505249601167,-1.552207144387,20.03));
#9874 = CARTESIAN_POINT('',(-4.516000599824,-0.771384153656,20.03));
#9875 = CARTESIAN_POINT('',(-4.516000599824,8.881784197001E-16,20.03));
#9876 = CARTESIAN_POINT('',(0.,-8.5,20.03));
#9877 = CARTESIAN_POINT('',(-0.73125,-8.5,20.03));
#9878 = CARTESIAN_POINT('',(-1.36875,-8.382142857143,20.03));
#9879 = CARTESIAN_POINT('',(-1.919419642857,-8.156919642857,20.03));
#9880 = CARTESIAN_POINT('',(-2.390178571429,-7.834821428571,20.03));
#9881 = CARTESIAN_POINT('',(-2.787946428571,-7.426339285714,20.03));
#9882 = CARTESIAN_POINT('',(-3.119642857143,-6.941964285714,20.03));
#9883 = CARTESIAN_POINT('',(-3.664732142857,-5.842410714286,20.03));
#9884 = CARTESIAN_POINT('',(-4.000892857143,-4.523214285714,20.03));
#9885 = CARTESIAN_POINT('',(-4.123660714286,-3.819196428571,20.03));
#9886 = CARTESIAN_POINT('',(-4.208035714286,-3.08125,20.03));
#9887 = CARTESIAN_POINT('',(-4.2609375,-2.319866071429,20.03));
#9888 = CARTESIAN_POINT('',(-4.289285714286,-1.545535714286,20.03));
#9889 = CARTESIAN_POINT('',(-4.3,-0.76875,20.03));
#9890 = CARTESIAN_POINT('',(-4.3,0.,20.03));
#9891 = MANIFOLD_SOLID_BREP('',#9892);
#9892 = CLOSED_SHELL('',(#9893,#9926,#9935));
#9893 = ADVANCED_FACE('',(#9894),#9921,.T.);
#9894 = FACE_BOUND('',#9895,.T.);
#9895 = EDGE_LOOP('',(#9896,#9905,#9913,#9920));
#9896 = ORIENTED_EDGE('',*,*,#9897,.F.);
#9897 = EDGE_CURVE('',#9898,#9898,#9900,.T.);
#9898 = VERTEX_POINT('',#9899);
#9899 = CARTESIAN_POINT('',(-3.632239183906,-8.189651437889,5.));
#9900 = CIRCLE('',#9901,0.1);
#9901 = AXIS2_PLACEMENT_3D('',#9902,#9903,#9904);
#9902 = CARTESIAN_POINT('',(-3.732239183906,-8.189651437889,5.));
#9903 = DIRECTION('',(0.,0.,1.));
#9904 = DIRECTION('',(1.,0.,0.));
#9905 = ORIENTED_EDGE('',*,*,#9906,.F.);
#9906 = EDGE_CURVE('',#9907,#9898,#9909,.T.);
#9907 = VERTEX_POINT('',#9908);
#9908 = CARTESIAN_POINT('',(-3.632239183906,-8.189651437889,2.8));
#9909 = LINE('',#9910,#9911);
#9910 = CARTESIAN_POINT('',(-3.632239183906,-8.189651437889,2.8));
#9911 = VECTOR('',#9912,1.);
#9912 = DIRECTION('',(0.,0.,1.));
#9913 = ORIENTED_EDGE('',*,*,#9914,.T.);
#9914 = EDGE_CURVE('',#9907,#9907,#9915,.T.);
#9915 = CIRCLE('',#9916,0.1);
#9916 = AXIS2_PLACEMENT_3D('',#9917,#9918,#9919);
#9917 = CARTESIAN_POINT('',(-3.732239183906,-8.189651437889,2.8));
#9918 = DIRECTION('',(0.,0.,1.));
#9919 = DIRECTION('',(1.,0.,0.));
#9920 = ORIENTED_EDGE('',*,*,#9906,.T.);
#9921 = CYLINDRICAL_SURFACE('',#9922,0.1);
#9922 = AXIS2_PLACEMENT_3D('',#9923,#9924,#9925);
#9923 = CARTESIAN_POINT('',(-3.732239183906,-8.189651437889,2.8));
#9924 = DIRECTION('',(0.,0.,1.));
#9925 = DIRECTION('',(1.,0.,0.));
#9926 = ADVANCED_FACE('',(#9927),#9930,.T.);
#9927 = FACE_BOUND('',#9928,.T.);
#9928 = EDGE_LOOP('',(#9929));
#9929 = ORIENTED_EDGE('',*,*,#9897,.T.);
#9930 = PLANE('',#9931);
#9931 = AXIS2_PLACEMENT_3D('',#9932,#9933,#9934);
#9932 = CARTESIAN_POINT('',(-3.732239183906,-8.189651437889,5.));
#9933 = DIRECTION('',(0.,0.,1.));
#9934 = DIRECTION('',(1.,0.,0.));
#9935 = ADVANCED_FACE('',(#9936),#9939,.F.);
#9936 = FACE_BOUND('',#9937,.T.);
#9937 = EDGE_LOOP('',(#9938));
#9938 = ORIENTED_EDGE('',*,*,#9914,.F.);
#9939 = PLANE('',#9940);
#9940 = AXIS2_PLACEMENT_3D('',#9941,#9942,#9943);
#9941 = CARTESIAN_POINT('',(-3.732239183906,-8.189651437889,2.8));
#9942 = DIRECTION('',(0.,0.,1.));
#9943 = DIRECTION('',(1.,0.,0.));
#9944 = MANIFOLD_SOLID_BREP('',#9945);
#9945 = CLOSED_SHELL('',(#9946,#9979,#9988));
#9946 = ADVANCED_FACE('',(#9947),#9974,.T.);
#9947 = FACE_BOUND('',#9948,.T.);
#9948 = EDGE_LOOP('',(#9949,#9958,#9966,#9973));
#9949 = ORIENTED_EDGE('',*,*,#9950,.F.);
#9950 = EDGE_CURVE('',#9951,#9951,#9953,.T.);
#9951 = VERTEX_POINT('',#9952);
#9952 = CARTESIAN_POINT('',(-3.732239183906,10.,5.1));
#9953 = CIRCLE('',#9954,0.1);
#9954 = AXIS2_PLACEMENT_3D('',#9955,#9956,#9957);
#9955 = CARTESIAN_POINT('',(-3.732239183906,10.,5.));
#9956 = DIRECTION('',(0.,1.,0.));
#9957 = DIRECTION('',(0.,0.,1.));
#9958 = ORIENTED_EDGE('',*,*,#9959,.F.);
#9959 = EDGE_CURVE('',#9960,#9951,#9962,.T.);
#9960 = VERTEX_POINT('',#9961);
#9961 = CARTESIAN_POINT('',(-3.732239183906,-8.189651437889,5.1));
#9962 = LINE('',#9963,#9964);
#9963 = CARTESIAN_POINT('',(-3.732239183906,-8.189651437889,5.1));
#9964 = VECTOR('',#9965,1.);
#9965 = DIRECTION('',(0.,1.,0.));
#9966 = ORIENTED_EDGE('',*,*,#9967,.T.);
#9967 = EDGE_CURVE('',#9960,#9960,#9968,.T.);
#9968 = CIRCLE('',#9969,0.1);
#9969 = AXIS2_PLACEMENT_3D('',#9970,#9971,#9972);
#9970 = CARTESIAN_POINT('',(-3.732239183906,-8.189651437889,5.));
#9971 = DIRECTION('',(0.,1.,0.));
#9972 = DIRECTION('',(0.,0.,1.));
#9973 = ORIENTED_EDGE('',*,*,#9959,.T.);
#9974 = CYLINDRICAL_SURFACE('',#9975,0.1);
#9975 = AXIS2_PLACEMENT_3D('',#9976,#9977,#9978);
#9976 = CARTESIAN_POINT('',(-3.732239183906,-8.189651437889,5.));
#9977 = DIRECTION('',(0.,1.,0.));
#9978 = DIRECTION('',(0.,0.,1.));
#9979 = ADVANCED_FACE('',(#9980),#9983,.T.);
#9980 = FACE_BOUND('',#9981,.T.);
#9981 = EDGE_LOOP('',(#9982));
#9982 = ORIENTED_EDGE('',*,*,#9950,.T.);
#9983 = PLANE('',#9984);
#9984 = AXIS2_PLACEMENT_3D('',#9985,#9986,#9987);
#9985 = CARTESIAN_POINT('',(-3.732239183906,10.,5.));
#9986 = DIRECTION('',(0.,1.,0.));
#9987 = DIRECTION('',(0.,0.,1.));
#9988 = ADVANCED_FACE('',(#9989),#9992,.F.);
#9989 = FACE_BOUND('',#9990,.T.);
#9990 = EDGE_LOOP('',(#9991));
#9991 = ORIENTED_EDGE('',*,*,#9967,.F.);
#9992 = PLANE('',#9993);
#9993 = AXIS2_PLACEMENT_3D('',#9994,#9995,#9996);
#9994 = CARTESIAN_POINT('',(-3.732239183906,-8.189651437889,5.));
#9995 = DIRECTION('',(0.,1.,0.));
#9996 = DIRECTION('',(0.,0.,1.));
#9997 = MANIFOLD_SOLID_BREP('',#9998);
#9998 = CLOSED_SHELL('',(#9999,#10032,#10041));
#9999 = ADVANCED_FACE('',(#10000),#10027,.T.);
#10000 = FACE_BOUND('',#10001,.T.);
#10001 = EDGE_LOOP('',(#10002,#10011,#10019,#10026));
#10002 = ORIENTED_EDGE('',*,*,#10003,.F.);
#10003 = EDGE_CURVE('',#10004,#10004,#10006,.T.);
#10004 = VERTEX_POINT('',#10005);
#10005 = CARTESIAN_POINT('',(0.,10.,5.1));
#10006 = CIRCLE('',#10007,0.1);
#10007 = AXIS2_PLACEMENT_3D('',#10008,#10009,#10010);
#10008 = CARTESIAN_POINT('',(0.,10.,5.));
#10009 = DIRECTION('',(1.,0.,-0.));
#10010 = DIRECTION('',(0.,0.,1.));
#10011 = ORIENTED_EDGE('',*,*,#10012,.F.);
#10012 = EDGE_CURVE('',#10013,#10004,#10015,.T.);
#10013 = VERTEX_POINT('',#10014);
#10014 = CARTESIAN_POINT('',(-3.732239183906,10.,5.1));
#10015 = LINE('',#10016,#10017);
#10016 = CARTESIAN_POINT('',(-3.732239183906,10.,5.1));
#10017 = VECTOR('',#10018,1.);
#10018 = DIRECTION('',(1.,0.,0.));
#10019 = ORIENTED_EDGE('',*,*,#10020,.T.);
#10020 = EDGE_CURVE('',#10013,#10013,#10021,.T.);
#10021 = CIRCLE('',#10022,0.1);
#10022 = AXIS2_PLACEMENT_3D('',#10023,#10024,#10025);
#10023 = CARTESIAN_POINT('',(-3.732239183906,10.,5.));
#10024 = DIRECTION('',(1.,0.,-0.));
#10025 = DIRECTION('',(0.,0.,1.));
#10026 = ORIENTED_EDGE('',*,*,#10012,.T.);
#10027 = CYLINDRICAL_SURFACE('',#10028,0.1);
#10028 = AXIS2_PLACEMENT_3D('',#10029,#10030,#10031);
#10029 = CARTESIAN_POINT('',(-3.732239183906,10.,5.));
#10030 = DIRECTION('',(1.,0.,0.));
#10031 = DIRECTION('',(0.,0.,1.));
#10032 = ADVANCED_FACE('',(#10033),#10036,.T.);
#10033 = FACE_BOUND('',#10034,.T.);
#10034 = EDGE_LOOP('',(#10035));
#10035 = ORIENTED_EDGE('',*,*,#10003,.T.);
#10036 = PLANE('',#10037);
#10037 = AXIS2_PLACEMENT_3D('',#10038,#10039,#10040);
#10038 = CARTESIAN_POINT('',(0.,10.,5.));
#10039 = DIRECTION('',(1.,0.,0.));
#10040 = DIRECTION('',(0.,0.,1.));
#10041 = ADVANCED_FACE('',(#10042),#10045,.F.);
#10042 = FACE_BOUND('',#10043,.T.);
#10043 = EDGE_LOOP('',(#10044));
#10044 = ORIENTED_EDGE('',*,*,#10020,.F.);
#10045 = PLANE('',#10046);
#10046 = AXIS2_PLACEMENT_3D('',#10047,#10048,#10049);
#10047 = CARTESIAN_POINT('',(-3.732239183906,10.,5.));
#10048 = DIRECTION('',(1.,0.,0.));
#10049 = DIRECTION('',(0.,0.,1.));
#10050 = MANIFOLD_SOLID_BREP('',#10051);
#10051 = CLOSED_SHELL('',(#10052,#10085,#10094));
#10052 = ADVANCED_FACE('',(#10053),#10080,.T.);
#10053 = FACE_BOUND('',#10054,.T.);
#10054 = EDGE_LOOP('',(#10055,#10064,#10072,#10079));
#10055 = ORIENTED_EDGE('',*,*,#10056,.F.);
#10056 = EDGE_CURVE('',#10057,#10057,#10059,.T.);
#10057 = VERTEX_POINT('',#10058);
#10058 = CARTESIAN_POINT('',(0.1,10.,19.9));
#10059 = CIRCLE('',#10060,0.1);
#10060 = AXIS2_PLACEMENT_3D('',#10061,#10062,#10063);
#10061 = CARTESIAN_POINT('',(0.,10.,19.9));
#10062 = DIRECTION('',(0.,0.,1.));
#10063 = DIRECTION('',(1.,0.,0.));
#10064 = ORIENTED_EDGE('',*,*,#10065,.F.);
#10065 = EDGE_CURVE('',#10066,#10057,#10068,.T.);
#10066 = VERTEX_POINT('',#10067);
#10067 = CARTESIAN_POINT('',(0.1,10.,5.));
#10068 = LINE('',#10069,#10070);
#10069 = CARTESIAN_POINT('',(0.1,10.,5.));
#10070 = VECTOR('',#10071,1.);
#10071 = DIRECTION('',(0.,0.,1.));
#10072 = ORIENTED_EDGE('',*,*,#10073,.T.);
#10073 = EDGE_CURVE('',#10066,#10066,#10074,.T.);
#10074 = CIRCLE('',#10075,0.1);
#10075 = AXIS2_PLACEMENT_3D('',#10076,#10077,#10078);
#10076 = CARTESIAN_POINT('',(0.,10.,5.));
#10077 = DIRECTION('',(0.,0.,1.));
#10078 = DIRECTION('',(1.,0.,0.));
#10079 = ORIENTED_EDGE('',*,*,#10065,.T.);
#10080 = CYLINDRICAL_SURFACE('',#10081,0.1);
#10081 = AXIS2_PLACEMENT_3D('',#10082,#10083,#10084);
#10082 = CARTESIAN_POINT('',(0.,10.,5.));
#10083 = DIRECTION('',(0.,0.,1.));
#10084 = DIRECTION('',(1.,0.,0.));
#10085 = ADVANCED_FACE('',(#10086),#10089,.T.);
#10086 = FACE_BOUND('',#10087,.T.);
#10087 = EDGE_LOOP('',(#10088));
#10088 = ORIENTED_EDGE('',*,*,#10056,.T.);
#10089 = PLANE('',#10090);
#10090 = AXIS2_PLACEMENT_3D('',#10091,#10092,#10093);
#10091 = CARTESIAN_POINT('',(0.,10.,19.9));
#10092 = DIRECTION('',(0.,0.,1.));
#10093 = DIRECTION('',(1.,0.,0.));
#10094 = ADVANCED_FACE('',(#10095),#10098,.F.);
#10095 = FACE_BOUND('',#10096,.T.);
#10096 = EDGE_LOOP('',(#10097));
#10097 = ORIENTED_EDGE('',*,*,#10073,.F.);
#10098 = PLANE('',#10099);
#10099 = AXIS2_PLACEMENT_3D('',#10100,#10101,#10102);
#10100 = CARTESIAN_POINT('',(0.,10.,5.));
#10101 = DIRECTION('',(0.,0.,1.));
#10102 = DIRECTION('',(1.,0.,0.));
#10103 = MANIFOLD_SOLID_BREP('',#10104);
#10104 = CLOSED_SHELL('',(#10105,#10138,#10147));
#10105 = ADVANCED_FACE('',(#10106),#10133,.T.);
#10106 = FACE_BOUND('',#10107,.T.);
#10107 = EDGE_LOOP('',(#10108,#10117,#10125,#10132));
#10108 = ORIENTED_EDGE('',*,*,#10109,.F.);
#10109 = EDGE_CURVE('',#10110,#10110,#10112,.T.);
#10110 = VERTEX_POINT('',#10111);
#10111 = CARTESIAN_POINT('',(-2.449293598295E-17,8.5,19.8));
#10112 = CIRCLE('',#10113,0.1);
#10113 = AXIS2_PLACEMENT_3D('',#10114,#10115,#10116);
#10114 = CARTESIAN_POINT('',(0.,8.5,19.9));
#10115 = DIRECTION('',(0.,-1.,0.));
#10116 = DIRECTION('',(0.,0.,-1.));
#10117 = ORIENTED_EDGE('',*,*,#10118,.F.);
#10118 = EDGE_CURVE('',#10119,#10110,#10121,.T.);
#10119 = VERTEX_POINT('',#10120);
#10120 = CARTESIAN_POINT('',(-2.449293598295E-17,10.,19.8));
#10121 = LINE('',#10122,#10123);
#10122 = CARTESIAN_POINT('',(-2.449293598295E-17,10.,19.8));
#10123 = VECTOR('',#10124,1.);
#10124 = DIRECTION('',(0.,-1.,0.));
#10125 = ORIENTED_EDGE('',*,*,#10126,.T.);
#10126 = EDGE_CURVE('',#10119,#10119,#10127,.T.);
#10127 = CIRCLE('',#10128,0.1);
#10128 = AXIS2_PLACEMENT_3D('',#10129,#10130,#10131);
#10129 = CARTESIAN_POINT('',(0.,10.,19.9));
#10130 = DIRECTION('',(0.,-1.,0.));
#10131 = DIRECTION('',(0.,0.,-1.));
#10132 = ORIENTED_EDGE('',*,*,#10118,.T.);
#10133 = CYLINDRICAL_SURFACE('',#10134,0.1);
#10134 = AXIS2_PLACEMENT_3D('',#10135,#10136,#10137);
#10135 = CARTESIAN_POINT('',(0.,10.,19.9));
#10136 = DIRECTION('',(0.,-1.,0.));
#10137 = DIRECTION('',(0.,0.,-1.));
#10138 = ADVANCED_FACE('',(#10139),#10142,.T.);
#10139 = FACE_BOUND('',#10140,.T.);
#10140 = EDGE_LOOP('',(#10141));
#10141 = ORIENTED_EDGE('',*,*,#10109,.T.);
#10142 = PLANE('',#10143);
#10143 = AXIS2_PLACEMENT_3D('',#10144,#10145,#10146);
#10144 = CARTESIAN_POINT('',(0.,8.5,19.9));
#10145 = DIRECTION('',(0.,-1.,0.));
#10146 = DIRECTION('',(0.,0.,-1.));
#10147 = ADVANCED_FACE('',(#10148),#10151,.F.);
#10148 = FACE_BOUND('',#10149,.T.);
#10149 = EDGE_LOOP('',(#10150));
#10150 = ORIENTED_EDGE('',*,*,#10126,.F.);
#10151 = PLANE('',#10152);
#10152 = AXIS2_PLACEMENT_3D('',#10153,#10154,#10155);
#10153 = CARTESIAN_POINT('',(0.,10.,19.9));
#10154 = DIRECTION('',(0.,-1.,0.));
#10155 = DIRECTION('',(0.,0.,-1.));
#10156 = MANIFOLD_SOLID_BREP('',#10157);
#10157 = CLOSED_SHELL('',(#10158,#10187,#10361,#10371,#10554,#10694,
    #10714));
#10158 = ADVANCED_FACE('',(#10159),#10182,.T.);
#10159 = FACE_BOUND('',#10160,.T.);
#10160 = EDGE_LOOP('',(#10161,#10175));
#10161 = ORIENTED_EDGE('',*,*,#10162,.F.);
#10162 = EDGE_CURVE('',#10163,#10165,#10167,.T.);
#10163 = VERTEX_POINT('',#10164);
#10164 = CARTESIAN_POINT('',(2.9,8.5,21.68));
#10165 = VERTEX_POINT('',#10166);
#10166 = CARTESIAN_POINT('',(2.9,8.5,21.42));
#10167 = ( BOUNDED_CURVE() B_SPLINE_CURVE(6,(#10168,#10169,#10170,#10171
    ,#10172,#10173,#10174),.UNSPECIFIED.,.T.,.F.) 
B_SPLINE_CURVE_WITH_KNOTS((1,6,6,1),(-6.28318530718,0.,6.28318530718,
12.566370614359),.UNSPECIFIED.) CURVE() GEOMETRIC_REPRESENTATION_ITEM() 
RATIONAL_B_SPLINE_CURVE((1.669078461068,1.03672962321,1.038346699848,
    0.853534330196,1.038346699848,1.03672962321,1.669078461068)) 
REPRESENTATION_ITEM('') );
#10168 = CARTESIAN_POINT('',(2.9,8.5,21.68));
#10169 = CARTESIAN_POINT('',(2.9,8.716000599824,21.68));
#10170 = CARTESIAN_POINT('',(2.9,8.747014609822,21.412908735229));
#10171 = CARTESIAN_POINT('',(2.9,8.5,21.192614800269));
#10172 = CARTESIAN_POINT('',(2.9,8.252985390178,21.412908735229));
#10173 = CARTESIAN_POINT('',(2.9,8.283999400176,21.68));
#10174 = CARTESIAN_POINT('',(2.9,8.5,21.68));
#10175 = ORIENTED_EDGE('',*,*,#10176,.F.);
#10176 = EDGE_CURVE('',#10165,#10163,#10177,.T.);
#10177 = CIRCLE('',#10178,0.13);
#10178 = AXIS2_PLACEMENT_3D('',#10179,#10180,#10181);
#10179 = CARTESIAN_POINT('',(2.9,8.5,21.55));
#10180 = DIRECTION('',(-2.449293598295E-16,-1.,0.));
#10181 = DIRECTION('',(1.,-2.449293598295E-16,0.));
#10182 = SPHERICAL_SURFACE('',#10183,0.13);
#10183 = AXIS2_PLACEMENT_3D('',#10184,#10185,#10186);
#10184 = CARTESIAN_POINT('',(2.9,8.5,21.55));
#10185 = DIRECTION('',(0.,0.,1.));
#10186 = DIRECTION('',(1.,0.,0.));
#10187 = ADVANCED_FACE('',(#10188),#10283,.T.);
#10188 = FACE_BOUND('',#10189,.T.);
#10189 = EDGE_LOOP('',(#10190,#10191,#10201,#10217,#10245,#10272,#10282)
  );
#10190 = ORIENTED_EDGE('',*,*,#10162,.T.);
#10191 = ORIENTED_EDGE('',*,*,#10192,.T.);
#10192 = EDGE_CURVE('',#10165,#10163,#10193,.T.);
#10193 = ( BOUNDED_CURVE() B_SPLINE_CURVE(6,(#10194,#10195,#10196,#10197
    ,#10198,#10199,#10200),.UNSPECIFIED.,.T.,.F.) 
B_SPLINE_CURVE_WITH_KNOTS((1,6,6,1),(-6.28318530718,0.,6.28318530718,
12.566370614359),.UNSPECIFIED.) CURVE() GEOMETRIC_REPRESENTATION_ITEM() 
RATIONAL_B_SPLINE_CURVE((1.669078461068,1.03672962321,1.038346699848,
    0.853534330196,1.038346699848,1.03672962321,1.669078461068)) 
REPRESENTATION_ITEM('') );
#10194 = CARTESIAN_POINT('',(2.9,8.5,21.68));
#10195 = CARTESIAN_POINT('',(2.9,8.716000599824,21.68));
#10196 = CARTESIAN_POINT('',(2.9,8.747014609822,21.412908735229));
#10197 = CARTESIAN_POINT('',(2.9,8.5,21.192614800269));
#10198 = CARTESIAN_POINT('',(2.9,8.252985390178,21.412908735229));
#10199 = CARTESIAN_POINT('',(2.9,8.283999400176,21.68));
#10200 = CARTESIAN_POINT('',(2.9,8.5,21.68));
#10201 = ORIENTED_EDGE('',*,*,#10202,.T.);
#10202 = EDGE_CURVE('',#10163,#10203,#10205,.T.);
#10203 = VERTEX_POINT('',#10204);
#10204 = CARTESIAN_POINT('',(-4.1,-3.,21.68));
#10205 = ( BOUNDED_CURVE() B_SPLINE_CURVE(10,(#10206,#10207,#10208,
    #10209,#10210,#10211,#10212,#10213,#10214,#10215,#10216),
.UNSPECIFIED.,.F.,.F.) B_SPLINE_CURVE_WITH_KNOTS((11,11),(0.,1.),
.PIECEWISE_BEZIER_KNOTS.) CURVE() GEOMETRIC_REPRESENTATION_ITEM() 
RATIONAL_B_SPLINE_CURVE((1.669078461068,1.669078461068,1.669078461068,
    1.669078461069,1.669078461068,1.669078461069,1.669078461068,
    1.669078461069,1.669078461068,1.669078461068,1.669078461068)) 
REPRESENTATION_ITEM('') );
#10206 = CARTESIAN_POINT('',(2.9,8.5,21.68));
#10207 = CARTESIAN_POINT('',(1.49,8.5,21.68));
#10208 = CARTESIAN_POINT('',(0.24,8.166666666667,21.68));
#10209 = CARTESIAN_POINT('',(-0.850833333334,7.529166666666,21.68));
#10210 = CARTESIAN_POINT('',(-1.783333333333,6.616666666667,21.68));
#10211 = CARTESIAN_POINT('',(-2.558333333333,5.458333333333,21.68));
#10212 = CARTESIAN_POINT('',(-3.176666666667,4.083333333333,21.68));
#10213 = CARTESIAN_POINT('',(-3.639166666667,2.520833333334,21.68));
#10214 = CARTESIAN_POINT('',(-3.946666666667,0.8,21.68));
#10215 = CARTESIAN_POINT('',(-4.1,-1.05,21.68));
#10216 = CARTESIAN_POINT('',(-4.1,-3.,21.68));
#10217 = ORIENTED_EDGE('',*,*,#10218,.T.);
#10218 = EDGE_CURVE('',#10203,#10219,#10221,.T.);
#10219 = VERTEX_POINT('',#10220);
#10220 = CARTESIAN_POINT('',(-3.966605515733,-2.570811677088,21.55));
#10221 = B_SPLINE_CURVE_WITH_KNOTS('',8,(#10222,#10223,#10224,#10225,
    #10226,#10227,#10228,#10229,#10230,#10231,#10232,#10233,#10234,
    #10235,#10236,#10237,#10238,#10239,#10240,#10241,#10242,#10243,
    #10244),.UNSPECIFIED.,.F.,.F.,(9,7,7,9),(0.,9.766875692842E-02,
    0.634618618766,1.),.UNSPECIFIED.);
#10222 = CARTESIAN_POINT('',(-4.1,-2.999995656916,21.68));
#10223 = CARTESIAN_POINT('',(-4.097577461782,-2.991714592144,
    21.67999997853));
#10224 = CARTESIAN_POINT('',(-4.095156737465,-2.983439556997,
    21.679948480934));
#10225 = CARTESIAN_POINT('',(-4.092726319973,-2.975179053027,
    21.679845400588));
#10226 = CARTESIAN_POINT('',(-4.090299865256,-2.96693289544,
    21.679690660544));
#10227 = CARTESIAN_POINT('',(-4.087868847316,-2.958708536611,
    21.67948421367));
#10228 = CARTESIAN_POINT('',(-4.085440550152,-2.95050796685,
    21.679226043341));
#10229 = CARTESIAN_POINT('',(-4.083013417405,-2.942336209855,
    21.678916163833));
#10230 = CARTESIAN_POINT('',(-4.067264656459,-2.889450202797,
    21.676567032529));
#10231 = CARTESIAN_POINT('',(-4.054038135204,-2.845692959993,
    21.673017905829));
#10232 = CARTESIAN_POINT('',(-4.041120523455,-2.803587381377,
    21.66791591666));
#10233 = CARTESIAN_POINT('',(-4.02873629127,-2.763788263266,
    21.661295750525));
#10234 = CARTESIAN_POINT('',(-4.017120665169,-2.726936643106,
    21.653227342794));
#10235 = CARTESIAN_POINT('',(-4.006510024915,-2.69364203972,
    21.643821936258));
#10236 = CARTESIAN_POINT('',(-3.997126003031,-2.664453347644,
    21.633234956039));
#10237 = CARTESIAN_POINT('',(-3.983728114589,-2.623054933837,
    21.613792965038));
#10238 = CARTESIAN_POINT('',(-3.978956017688,-2.60839914361,
    21.60546525161));
#10239 = CARTESIAN_POINT('',(-3.974896525654,-2.595994987223,
    21.5967452678));
#10240 = CARTESIAN_POINT('',(-3.971599763935,-2.585961142149,
    21.587705292842));
#10241 = CARTESIAN_POINT('',(-3.969104527725,-2.578387322651,
    21.57842492681));
#10242 = CARTESIAN_POINT('',(-3.967436355559,-2.573330611447,
    21.568988838447));
#10243 = CARTESIAN_POINT('',(-3.966605602899,-2.570811791381,
    21.559484512989));
#10244 = CARTESIAN_POINT('',(-3.966605515733,-2.570811677088,21.55));
#10245 = ORIENTED_EDGE('',*,*,#10246,.T.);
#10246 = EDGE_CURVE('',#10219,#10247,#10249,.T.);
#10247 = VERTEX_POINT('',#10248);
#10248 = CARTESIAN_POINT('',(-4.1,-3.,21.42));
#10249 = B_SPLINE_CURVE_WITH_KNOTS('',6,(#10250,#10251,#10252,#10253,
    #10254,#10255,#10256,#10257,#10258,#10259,#10260,#10261,#10262,
    #10263,#10264,#10265,#10266,#10267,#10268,#10269,#10270,#10271),
  .UNSPECIFIED.,.F.,.F.,(7,5,5,5,7),(0.,2.949155276291E-02,
    0.460719893716,0.906783314555,1.),.UNSPECIFIED.);
#10250 = CARTESIAN_POINT('',(-3.966605515733,-2.570811677088,21.55));
#10251 = CARTESIAN_POINT('',(-3.966605515733,-2.570811677088,
    21.5489797279));
#10252 = CARTESIAN_POINT('',(-3.966615612559,-2.570842285295,
    21.547959256899));
#10253 = CARTESIAN_POINT('',(-3.966635813594,-2.570903524082,
    21.546938714126));
#10254 = CARTESIAN_POINT('',(-3.966666123183,-2.570995408567,
    21.545918226787));
#10255 = CARTESIAN_POINT('',(-3.966706542639,-2.571117946609,
    21.544897922163));
#10256 = CARTESIAN_POINT('',(-3.967496083676,-2.573511340804,
    21.528963509816));
#10257 = CARTESIAN_POINT('',(-3.970395494127,-2.582305263222,
    21.514110971088));
#10258 = CARTESIAN_POINT('',(-3.975454676396,-2.59766201003,
    21.49973022355));
#10259 = CARTESIAN_POINT('',(-3.982518149486,-2.619230610773,
    21.486204875755));
#10260 = CARTESIAN_POINT('',(-3.991328786883,-2.646404440284,
    21.473857584672));
#10261 = CARTESIAN_POINT('',(-4.012186089396,-2.711548509125,
    21.451597157121));
#10262 = CARTESIAN_POINT('',(-4.024335185489,-2.749861291764,
    21.441783070838));
#10263 = CARTESIAN_POINT('',(-4.037696464655,-2.792540222599,
    21.433727364998));
#10264 = CARTESIAN_POINT('',(-4.051892278127,-2.838610287928,
    21.427589812513));
#10265 = CARTESIAN_POINT('',(-4.066565108021,-2.887063782354,
    21.423448446043));
#10266 = CARTESIAN_POINT('',(-4.084481009729,-2.947273475154,
    21.420886465246));
#10267 = CARTESIAN_POINT('',(-4.087584179228,-2.9577396845,
    21.420531930616));
#10268 = CARTESIAN_POINT('',(-4.090690641037,-2.968255096223,
    21.420265940695));
#10269 = CARTESIAN_POINT('',(-4.093797395375,-2.978810098912,
    21.420088622118));
#10270 = CARTESIAN_POINT('',(-4.096901485907,-2.989394994847,
    21.420000000413));
#10271 = CARTESIAN_POINT('',(-4.099999999736,-3.,21.42));
#10272 = ORIENTED_EDGE('',*,*,#10273,.F.);
#10273 = EDGE_CURVE('',#10203,#10247,#10274,.T.);
#10274 = ( BOUNDED_CURVE() B_SPLINE_CURVE(6,(#10275,#10276,#10277,#10278
    ,#10279,#10280,#10281),.UNSPECIFIED.,.T.,.F.) 
B_SPLINE_CURVE_WITH_KNOTS((1,6,6,1),(-6.28318530718,0.,6.28318530718,
12.566370614359),.UNSPECIFIED.) CURVE() GEOMETRIC_REPRESENTATION_ITEM() 
RATIONAL_B_SPLINE_CURVE((1.669078461068,1.03672962321,1.038346699848,
    0.853534330196,1.038346699848,1.03672962321,1.669078461068)) 
REPRESENTATION_ITEM('') );
#10275 = CARTESIAN_POINT('',(-4.1,-3.,21.68));
#10276 = CARTESIAN_POINT('',(-4.316000599824,-3.,21.68));
#10277 = CARTESIAN_POINT('',(-4.347014609822,-3.,21.412908735229));
#10278 = CARTESIAN_POINT('',(-4.1,-3.,21.192614800269));
#10279 = CARTESIAN_POINT('',(-3.852985390178,-3.,21.412908735229));
#10280 = CARTESIAN_POINT('',(-3.883999400176,-3.,21.68));
#10281 = CARTESIAN_POINT('',(-4.1,-3.,21.68));
#10282 = ORIENTED_EDGE('',*,*,#10202,.F.);
#10283 = ( BOUNDED_SURFACE() B_SPLINE_SURFACE(6,10,(
    (#10284,#10285,#10286,#10287,#10288,#10289,#10290,#10291,#10292
      ,#10293,#10294)
    ,(#10295,#10296,#10297,#10298,#10299,#10300,#10301,#10302,#10303
      ,#10304,#10305)
    ,(#10306,#10307,#10308,#10309,#10310,#10311,#10312,#10313,#10314
      ,#10315,#10316)
    ,(#10317,#10318,#10319,#10320,#10321,#10322,#10323,#10324,#10325
      ,#10326,#10327)
    ,(#10328,#10329,#10330,#10331,#10332,#10333,#10334,#10335,#10336
      ,#10337,#10338)
    ,(#10339,#10340,#10341,#10342,#10343,#10344,#10345,#10346,#10347
      ,#10348,#10349)
    ,(#10350,#10351,#10352,#10353,#10354,#10355,#10356,#10357,#10358
      ,#10359,#10360
)),.UNSPECIFIED.,.T.,.F.,.F.) B_SPLINE_SURFACE_WITH_KNOTS((1,6,6,1),(11,
    11),(-6.28318530718,0.,6.28318530718,12.566370614359),(0.,1.),
.UNSPECIFIED.) GEOMETRIC_REPRESENTATION_ITEM() RATIONAL_B_SPLINE_SURFACE
((
    (1.669078461068,1.669078461068,1.669078461068,1.669078461069
      ,1.669078461068,1.669078461069,1.669078461068,1.669078461069
      ,1.669078461068,1.669078461068,1.669078461068)
    ,(1.03672962321,1.03672962321,1.03672962321,1.03672962321
      ,1.036729623209,1.03672962321,1.036729623209,1.03672962321
      ,1.03672962321,1.03672962321,1.03672962321)
    ,(1.038346699848,1.038346699848,1.038346699847,1.038346699848
      ,1.038346699847,1.038346699848,1.038346699847,1.038346699848
      ,1.038346699847,1.038346699848,1.038346699848)
    ,(0.853534330196,0.853534330196,0.853534330196,0.853534330196
      ,0.853534330196,0.853534330196,0.853534330196,0.853534330196
      ,0.853534330196,0.853534330196,0.853534330196)
    ,(1.038346699848,1.038346699848,1.038346699847,1.038346699848
      ,1.038346699847,1.038346699848,1.038346699847,1.038346699848
      ,1.038346699847,1.038346699848,1.038346699848)
    ,(1.03672962321,1.03672962321,1.03672962321,1.03672962321
      ,1.036729623209,1.03672962321,1.036729623209,1.03672962321
      ,1.03672962321,1.03672962321,1.03672962321)
    ,(1.669078461068,1.669078461068,1.669078461068,1.669078461069
      ,1.669078461068,1.669078461069,1.669078461068,1.669078461069
      ,1.669078461068,1.669078461068,1.669078461068
))) REPRESENTATION_ITEM('') SURFACE() );
#10284 = CARTESIAN_POINT('',(2.9,8.5,21.68));
#10285 = CARTESIAN_POINT('',(1.49,8.5,21.68));
#10286 = CARTESIAN_POINT('',(0.24,8.166666666667,21.68));
#10287 = CARTESIAN_POINT('',(-0.850833333334,7.529166666666,21.68));
#10288 = CARTESIAN_POINT('',(-1.783333333333,6.616666666667,21.68));
#10289 = CARTESIAN_POINT('',(-2.558333333333,5.458333333333,21.68));
#10290 = CARTESIAN_POINT('',(-3.176666666667,4.083333333333,21.68));
#10291 = CARTESIAN_POINT('',(-3.639166666667,2.520833333334,21.68));
#10292 = CARTESIAN_POINT('',(-3.946666666667,0.8,21.68));
#10293 = CARTESIAN_POINT('',(-4.1,-1.05,21.68));
#10294 = CARTESIAN_POINT('',(-4.1,-3.,21.68));
#10295 = CARTESIAN_POINT('',(2.9,8.716000599824,21.68));
#10296 = CARTESIAN_POINT('',(1.444042425569,8.716000599824,21.68));
#10297 = CARTESIAN_POINT('',(0.141229241336,8.371802591685,21.68));
#10298 = CARTESIAN_POINT('',(-1.003829905784,7.708305921661,21.68));
#10299 = CARTESIAN_POINT('',(-1.973793848088,6.742515363989,21.68));
#10300 = CARTESIAN_POINT('',(-2.748196901969,5.561132441554,21.68));
#10301 = CARTESIAN_POINT('',(-3.387167041292,4.156591672097,21.68));
#10302 = CARTESIAN_POINT('',(-3.850257385233,2.572291114042,21.68));
#10303 = CARTESIAN_POINT('',(-4.161465274987,0.832214053954,21.68));
#10304 = CARTESIAN_POINT('',(-4.316000599824,-1.034713803705,21.68));
#10305 = CARTESIAN_POINT('',(-4.316000599824,-3.,21.68));
#10306 = CARTESIAN_POINT('',(2.9,8.747014609822,21.412908735229));
#10307 = CARTESIAN_POINT('',(1.437443700038,8.747014609822,
    21.412908735229));
#10308 = CARTESIAN_POINT('',(0.127047441382,8.401256619287,
    21.412908735229));
#10309 = CARTESIAN_POINT('',(-1.025797609723,7.734027269888,
    21.412908735229));
#10310 = CARTESIAN_POINT('',(-2.001140736539,6.760585095093,
    21.412908735229));
#10311 = CARTESIAN_POINT('',(-2.775458079117,5.575892643944,
    21.412908735229));
#10312 = CARTESIAN_POINT('',(-3.41739131256,4.167110322753,
    21.412908735229));
#10313 = CARTESIAN_POINT('',(-3.880566419844,2.579679575586,
    21.412908735229));
#10314 = CARTESIAN_POINT('',(-4.192306699462,0.836839443847,
    21.412908735229));
#10315 = CARTESIAN_POINT('',(-4.347014609822,-1.032518966074,
    21.412908735229));
#10316 = CARTESIAN_POINT('',(-4.347014609822,-3.,21.412908735229));
#10317 = CARTESIAN_POINT('',(2.9,8.5,21.192614800269));
#10318 = CARTESIAN_POINT('',(1.49,8.5,21.192614800269));
#10319 = CARTESIAN_POINT('',(0.24,8.166666666667,21.192614800269));
#10320 = CARTESIAN_POINT('',(-0.850833333334,7.529166666666,
    21.192614800269));
#10321 = CARTESIAN_POINT('',(-1.783333333333,6.616666666667,
    21.192614800269));
#10322 = CARTESIAN_POINT('',(-2.558333333333,5.458333333333,
    21.192614800269));
#10323 = CARTESIAN_POINT('',(-3.176666666667,4.083333333334,
    21.192614800269));
#10324 = CARTESIAN_POINT('',(-3.639166666667,2.520833333333,
    21.192614800269));
#10325 = CARTESIAN_POINT('',(-3.946666666667,0.8,21.192614800269));
#10326 = CARTESIAN_POINT('',(-4.1,-1.05,21.192614800269));
#10327 = CARTESIAN_POINT('',(-4.1,-3.,21.192614800269));
#10328 = CARTESIAN_POINT('',(2.9,8.252985390178,21.412908735229));
#10329 = CARTESIAN_POINT('',(1.542556299962,8.252985390178,
    21.412908735229));
#10330 = CARTESIAN_POINT('',(0.352952558619,7.932076714046,
    21.412908735229));
#10331 = CARTESIAN_POINT('',(-0.675869056944,7.324306063445,
    21.412908735229));
#10332 = CARTESIAN_POINT('',(-1.565525930127,6.472748238241,
    21.412908735229));
#10333 = CARTESIAN_POINT('',(-2.341208587549,5.340774022721,
    21.412908735229));
#10334 = CARTESIAN_POINT('',(-2.935942020774,3.999556343914,
    21.412908735229));
#10335 = CARTESIAN_POINT('',(-3.397766913489,2.461987091081,
    21.412908735229));
#10336 = CARTESIAN_POINT('',(-3.701026633871,0.763160556152,
    21.412908735229));
#10337 = CARTESIAN_POINT('',(-3.852985390178,-1.067481033926,
    21.412908735229));
#10338 = CARTESIAN_POINT('',(-3.852985390178,-3.,21.412908735229));
#10339 = CARTESIAN_POINT('',(2.9,8.283999400176,21.68));
#10340 = CARTESIAN_POINT('',(1.535957574431,8.283999400176,21.68));
#10341 = CARTESIAN_POINT('',(0.338770758664,7.961530741649,21.68));
#10342 = CARTESIAN_POINT('',(-0.697836760883,7.350027411672,21.68));
#10343 = CARTESIAN_POINT('',(-1.592872818578,6.490817969345,21.68));
#10344 = CARTESIAN_POINT('',(-2.368469764697,5.355534225112,21.68));
#10345 = CARTESIAN_POINT('',(-2.966166292042,4.010074994569,21.68));
#10346 = CARTESIAN_POINT('',(-3.4280759481,2.469375552625,21.68));
#10347 = CARTESIAN_POINT('',(-3.731868058346,0.767785946046,21.68));
#10348 = CARTESIAN_POINT('',(-3.883999400176,-1.065286196295,21.68));
#10349 = CARTESIAN_POINT('',(-3.883999400176,-3.,21.68));
#10350 = CARTESIAN_POINT('',(2.9,8.5,21.68));
#10351 = CARTESIAN_POINT('',(1.49,8.5,21.68));
#10352 = CARTESIAN_POINT('',(0.24,8.166666666667,21.68));
#10353 = CARTESIAN_POINT('',(-0.850833333334,7.529166666666,21.68));
#10354 = CARTESIAN_POINT('',(-1.783333333333,6.616666666667,21.68));
#10355 = CARTESIAN_POINT('',(-2.558333333333,5.458333333333,21.68));
#10356 = CARTESIAN_POINT('',(-3.176666666667,4.083333333333,21.68));
#10357 = CARTESIAN_POINT('',(-3.639166666667,2.520833333334,21.68));
#10358 = CARTESIAN_POINT('',(-3.946666666667,0.8,21.68));
#10359 = CARTESIAN_POINT('',(-4.1,-1.05,21.68));
#10360 = CARTESIAN_POINT('',(-4.1,-3.,21.68));
#10361 = ADVANCED_FACE('',(#10362),#10366,.T.);
#10362 = FACE_BOUND('',#10363,.T.);
#10363 = EDGE_LOOP('',(#10364,#10365));
#10364 = ORIENTED_EDGE('',*,*,#10176,.T.);
#10365 = ORIENTED_EDGE('',*,*,#10192,.F.);
#10366 = SPHERICAL_SURFACE('',#10367,0.13);
#10367 = AXIS2_PLACEMENT_3D('',#10368,#10369,#10370);
#10368 = CARTESIAN_POINT('',(2.9,8.5,21.55));
#10369 = DIRECTION('',(0.,0.,1.));
#10370 = DIRECTION('',(1.,0.,0.));
#10371 = ADVANCED_FACE('',(#10372),#10448,.T.);
#10372 = FACE_BOUND('',#10373,.T.);
#10373 = EDGE_LOOP('',(#10374,#10396,#10425,#10426,#10437,#10438));
#10374 = ORIENTED_EDGE('',*,*,#10375,.F.);
#10375 = EDGE_CURVE('',#10376,#10378,#10380,.T.);
#10376 = VERTEX_POINT('',#10377);
#10377 = CARTESIAN_POINT('',(-3.969961914751,-3.038086238058,21.55));
#10378 = VERTEX_POINT('',#10379);
#10379 = CARTESIAN_POINT('',(0.,-8.37,21.55));
#10380 = ( BOUNDED_CURVE() B_SPLINE_CURVE(8,(#10381,#10382,#10383,#10384
    ,#10385,#10386,#10387,#10388,#10389,#10390,#10391,#10392,#10393,
#10394,#10395),.UNSPECIFIED.,.F.,.F.) B_SPLINE_CURVE_WITH_KNOTS((9,6,9),
(0.,0.5,1.),.UNSPECIFIED.) CURVE() GEOMETRIC_REPRESENTATION_ITEM() 
RATIONAL_B_SPLINE_CURVE((1.669078461068,1.669078461068,1.669078461068,
    1.669078461068,1.669078461068,1.669078461068,1.669078461068,
    1.669078461068,1.669078461068,1.669078461068,1.669078461068,
    1.669078461068,1.669078461068,1.669078461068,1.669078461068)) 
REPRESENTATION_ITEM('') );
#10381 = CARTESIAN_POINT('',(-3.97,-3.,21.55));
#10382 = CARTESIAN_POINT('',(-3.97,-3.633198529412,21.55));
#10383 = CARTESIAN_POINT('',(-3.946055517795,-4.230627780524,21.55));
#10384 = CARTESIAN_POINT('',(-3.895153702804,-4.790282018257,21.55));
#10385 = CARTESIAN_POINT('',(-3.814442390163,-5.310230840538,21.55));
#10386 = CARTESIAN_POINT('',(-3.701016009811,-5.7882715079,21.55));
#10387 = CARTESIAN_POINT('',(-3.552443071702,-6.222290883521,21.55));
#10388 = CARTESIAN_POINT('',(-3.181261850862,-6.999420512894,21.55));
#10389 = CARTESIAN_POINT('',(-2.650616343806,-7.593067509923,21.55));
#10390 = CARTESIAN_POINT('',(-2.342508380917,-7.843494822053,21.55));
#10391 = CARTESIAN_POINT('',(-1.988395974861,-8.048144461235,21.55));
#10392 = CARTESIAN_POINT('',(-1.580421913986,-8.206742281586,21.55));
#10393 = CARTESIAN_POINT('',(-1.115164969308,-8.314749755859,21.55));
#10394 = CARTESIAN_POINT('',(-0.5893359375,-8.37,21.55));
#10395 = CARTESIAN_POINT('',(0.,-8.37,21.55));
#10396 = ORIENTED_EDGE('',*,*,#10397,.T.);
#10397 = EDGE_CURVE('',#10376,#10203,#10398,.T.);
#10398 = B_SPLINE_CURVE_WITH_KNOTS('',7,(#10399,#10400,#10401,#10402,
    #10403,#10404,#10405,#10406,#10407,#10408,#10409,#10410,#10411,
    #10412,#10413,#10414,#10415,#10416,#10417,#10418,#10419,#10420,
    #10421,#10422,#10423,#10424),.UNSPECIFIED.,.F.,.F.,(8,6,6,6,8),(0.,
    0.907248865361,0.955243209587,0.977643222549,1.),.UNSPECIFIED.);
#10399 = CARTESIAN_POINT('',(-3.969961914751,-3.038086238058,21.55));
#10400 = CARTESIAN_POINT('',(-3.969961961129,-3.038086224529,
    21.576278553254));
#10401 = CARTESIAN_POINT('',(-3.97616265013,-3.036265677169,
    21.60269589235));
#10402 = CARTESIAN_POINT('',(-3.988683926425,-3.03258939109,
    21.627431276882));
#10403 = CARTESIAN_POINT('',(-4.006920362095,-3.02723777068,
    21.64859088923));
#10404 = CARTESIAN_POINT('',(-4.029542419273,-3.020607137525,
    21.664666127717));
#10405 = CARTESIAN_POINT('',(-4.05486238932,-3.013195375181,
    21.674762548397));
#10406 = CARTESIAN_POINT('',(-4.08248103508,-3.005120249104,
    21.678821878679));
#10407 = CARTESIAN_POINT('',(-4.083871235767,-3.004713807274,
    21.679008370725));
#10408 = CARTESIAN_POINT('',(-4.085263728239,-3.004306719916,
    21.679177360441));
#10409 = CARTESIAN_POINT('',(-4.086658248089,-3.003899064459,
    21.679328814121));
#10410 = CARTESIAN_POINT('',(-4.088054530404,-3.003490918454,
    21.679462703057));
#10411 = CARTESIAN_POINT('',(-4.089452309764,-3.003082359568,
    21.679579003534));
#10412 = CARTESIAN_POINT('',(-4.09150426912,-3.002482625805,
    21.679723759157));
#10413 = CARTESIAN_POINT('',(-4.092157498288,-3.002291709484,
    21.679765986978));
#10414 = CARTESIAN_POINT('',(-4.092810980759,-3.002100724523,
    21.679804378136));
#10415 = CARTESIAN_POINT('',(-4.093464689521,-3.001909678824,
    21.679838930711));
#10416 = CARTESIAN_POINT('',(-4.09411859754,-3.001718580291,
    21.679869643019));
#10417 = CARTESIAN_POINT('',(-4.094772677767,-3.001527436835,
    21.679896513615));
#10418 = CARTESIAN_POINT('',(-4.096079869244,-3.001145457084,
    21.679942525802));
#10419 = CARTESIAN_POINT('',(-4.096733045547,-3.000954570665,
    21.679961681361));
#10420 = CARTESIAN_POINT('',(-4.097386310526,-3.000763670484,
    21.679977007019));
#10421 = CARTESIAN_POINT('',(-4.098039600404,-3.000572789926,
    21.679988502067));
#10422 = CARTESIAN_POINT('',(-4.098692909141,-3.000381922386,
    21.679996166032));
#10423 = CARTESIAN_POINT('',(-4.099346288434,-3.000191021271,
    21.679999998676));
#10424 = CARTESIAN_POINT('',(-4.099999847714,-3.,21.68));
#10425 = ORIENTED_EDGE('',*,*,#10273,.T.);
#10426 = ORIENTED_EDGE('',*,*,#10427,.T.);
#10427 = EDGE_CURVE('',#10247,#10376,#10428,.T.);
#10428 = B_SPLINE_CURVE_WITH_KNOTS('',7,(#10429,#10430,#10431,#10432,
    #10433,#10434,#10435,#10436),.UNSPECIFIED.,.F.,.F.,(8,8),(0.,1.),
  .PIECEWISE_BEZIER_KNOTS.);
#10429 = CARTESIAN_POINT('',(-4.09999726247,-3.000000798057,
    21.420000000029));
#10430 = CARTESIAN_POINT('',(-4.070777146283,-3.008538184118,
    21.420000519882));
#10431 = CARTESIAN_POINT('',(-4.041549124667,-3.017088636043,
    21.427664238538));
#10432 = CARTESIAN_POINT('',(-4.014732030873,-3.024945530891,
    21.442990532022));
#10433 = CARTESIAN_POINT('',(-3.992723060354,-3.031403469092,
    21.465036678875));
#10434 = CARTESIAN_POINT('',(-3.977494676783,-3.035874597315,
    21.491901928627));
#10435 = CARTESIAN_POINT('',(-3.969962034668,-3.038086201146,
    21.521035379659));
#10436 = CARTESIAN_POINT('',(-3.969961914751,-3.038086238058,21.55));
#10437 = ORIENTED_EDGE('',*,*,#10375,.T.);
#10438 = ORIENTED_EDGE('',*,*,#10439,.F.);
#10439 = EDGE_CURVE('',#10378,#10378,#10440,.T.);
#10440 = ( BOUNDED_CURVE() B_SPLINE_CURVE(6,(#10441,#10442,#10443,#10444
    ,#10445,#10446,#10447),.UNSPECIFIED.,.T.,.F.) 
B_SPLINE_CURVE_WITH_KNOTS((1,6,6,1),(-6.28318530718,0.,6.28318530718,
12.566370614359),.UNSPECIFIED.) CURVE() GEOMETRIC_REPRESENTATION_ITEM() 
RATIONAL_B_SPLINE_CURVE((1.669078461068,1.03672962321,1.038346699848,
    0.853534330196,1.038346699848,1.03672962321,1.669078461068)) 
REPRESENTATION_ITEM('') );
#10441 = CARTESIAN_POINT('',(0.,-8.37,21.55));
#10442 = CARTESIAN_POINT('',(0.,-8.37,21.766000599824));
#10443 = CARTESIAN_POINT('',(4.440892098501E-16,-8.637091264771,
    21.797014609822));
#10444 = CARTESIAN_POINT('',(0.,-8.857385199731,21.55));
#10445 = CARTESIAN_POINT('',(0.,-8.637091264771,21.302985390178));
#10446 = CARTESIAN_POINT('',(0.,-8.37,21.333999400176));
#10447 = CARTESIAN_POINT('',(0.,-8.37,21.55));
#10448 = ( BOUNDED_SURFACE() B_SPLINE_SURFACE(6,8,(
    (#10449,#10450,#10451,#10452,#10453,#10454,#10455,#10456,#10457
      ,#10458,#10459,#10460,#10461,#10462,#10463)
    ,(#10464,#10465,#10466,#10467,#10468,#10469,#10470,#10471,#10472
      ,#10473,#10474,#10475,#10476,#10477,#10478)
    ,(#10479,#10480,#10481,#10482,#10483,#10484,#10485,#10486,#10487
      ,#10488,#10489,#10490,#10491,#10492,#10493)
    ,(#10494,#10495,#10496,#10497,#10498,#10499,#10500,#10501,#10502
      ,#10503,#10504,#10505,#10506,#10507,#10508)
    ,(#10509,#10510,#10511,#10512,#10513,#10514,#10515,#10516,#10517
      ,#10518,#10519,#10520,#10521,#10522,#10523)
    ,(#10524,#10525,#10526,#10527,#10528,#10529,#10530,#10531,#10532
      ,#10533,#10534,#10535,#10536,#10537,#10538)
    ,(#10539,#10540,#10541,#10542,#10543,#10544,#10545,#10546,#10547
      ,#10548,#10549,#10550,#10551,#10552,#10553
)),.UNSPECIFIED.,.T.,.F.,.F.) B_SPLINE_SURFACE_WITH_KNOTS((1,6,6,1),(9,6
    ,9),(-6.28318530718,0.,6.28318530718,12.566370614359),(0.,0.5,1.),
.UNSPECIFIED.) GEOMETRIC_REPRESENTATION_ITEM() RATIONAL_B_SPLINE_SURFACE
((
    (1.669078461068,1.669078461068,1.669078461068,1.669078461068
      ,1.669078461068,1.669078461068,1.669078461068,1.669078461068
      ,1.669078461068,1.669078461068,1.669078461068,1.669078461068
      ,1.669078461068,1.669078461068,1.669078461068)
    ,(1.03672962321,1.03672962321,1.03672962321,1.03672962321
      ,1.03672962321,1.03672962321,1.03672962321,1.03672962321
      ,1.03672962321,1.03672962321,1.03672962321,1.03672962321
      ,1.03672962321,1.03672962321,1.03672962321)
    ,(1.038346699848,1.038346699848,1.038346699848,1.038346699848
      ,1.038346699848,1.038346699848,1.038346699848,1.038346699848
      ,1.038346699848,1.038346699847,1.038346699848,1.038346699847
      ,1.038346699848,1.038346699848,1.038346699848)
    ,(0.853534330196,0.853534330196,0.853534330196,0.853534330196
      ,0.853534330196,0.853534330196,0.853534330196,0.853534330196
      ,0.853534330196,0.853534330196,0.853534330196,0.853534330196
      ,0.853534330196,0.853534330196,0.853534330196)
    ,(1.038346699848,1.038346699848,1.038346699848,1.038346699848
      ,1.038346699848,1.038346699848,1.038346699848,1.038346699848
      ,1.038346699848,1.038346699847,1.038346699848,1.038346699847
      ,1.038346699848,1.038346699848,1.038346699848)
    ,(1.03672962321,1.03672962321,1.03672962321,1.03672962321
      ,1.03672962321,1.03672962321,1.03672962321,1.03672962321
      ,1.03672962321,1.03672962321,1.03672962321,1.03672962321
      ,1.03672962321,1.03672962321,1.03672962321)
    ,(1.669078461068,1.669078461068,1.669078461068,1.669078461068
      ,1.669078461068,1.669078461068,1.669078461068,1.669078461068
      ,1.669078461068,1.669078461068,1.669078461068,1.669078461068
      ,1.669078461068,1.669078461068,1.669078461068
))) REPRESENTATION_ITEM('') SURFACE() );
#10449 = CARTESIAN_POINT('',(-3.97,-3.,21.55));
#10450 = CARTESIAN_POINT('',(-3.97,-3.633198529412,21.55));
#10451 = CARTESIAN_POINT('',(-3.946055517795,-4.230627780524,21.55));
#10452 = CARTESIAN_POINT('',(-3.895153702804,-4.790282018257,21.55));
#10453 = CARTESIAN_POINT('',(-3.814442390163,-5.310230840538,21.55));
#10454 = CARTESIAN_POINT('',(-3.701016009811,-5.7882715079,21.55));
#10455 = CARTESIAN_POINT('',(-3.552443071702,-6.222290883521,21.55));
#10456 = CARTESIAN_POINT('',(-3.181261850862,-6.999420512894,21.55));
#10457 = CARTESIAN_POINT('',(-2.650616343806,-7.593067509923,21.55));
#10458 = CARTESIAN_POINT('',(-2.342508380917,-7.843494822053,21.55));
#10459 = CARTESIAN_POINT('',(-1.988395974861,-8.048144461235,21.55));
#10460 = CARTESIAN_POINT('',(-1.580421913986,-8.206742281586,21.55));
#10461 = CARTESIAN_POINT('',(-1.115164969308,-8.314749755859,21.55));
#10462 = CARTESIAN_POINT('',(-0.5893359375,-8.37,21.55));
#10463 = CARTESIAN_POINT('',(0.,-8.37,21.55));
#10464 = CARTESIAN_POINT('',(-3.97,-3.,21.766000599824));
#10465 = CARTESIAN_POINT('',(-3.97,-3.633198529412,21.766000599824));
#10466 = CARTESIAN_POINT('',(-3.946055517795,-4.230627780524,
    21.766000599824));
#10467 = CARTESIAN_POINT('',(-3.895153702804,-4.790282018257,
    21.766000599824));
#10468 = CARTESIAN_POINT('',(-3.814442390163,-5.310230840538,
    21.766000599824));
#10469 = CARTESIAN_POINT('',(-3.701016009811,-5.7882715079,
    21.766000599824));
#10470 = CARTESIAN_POINT('',(-3.552443071702,-6.222290883521,
    21.766000599824));
#10471 = CARTESIAN_POINT('',(-3.181261850862,-6.999420512894,
    21.766000599824));
#10472 = CARTESIAN_POINT('',(-2.650616343806,-7.593067509923,
    21.766000599824));
#10473 = CARTESIAN_POINT('',(-2.342508380917,-7.843494822053,
    21.766000599824));
#10474 = CARTESIAN_POINT('',(-1.988395974861,-8.048144461235,
    21.766000599824));
#10475 = CARTESIAN_POINT('',(-1.580421913986,-8.206742281586,
    21.766000599824));
#10476 = CARTESIAN_POINT('',(-1.115164969308,-8.314749755859,
    21.766000599824));
#10477 = CARTESIAN_POINT('',(-0.5893359375,-8.37,21.766000599824));
#10478 = CARTESIAN_POINT('',(0.,-8.37,21.766000599824));
#10479 = CARTESIAN_POINT('',(-4.237091264771,-3.,21.797014609822));
#10480 = CARTESIAN_POINT('',(-4.237091264771,-3.642036108026,
    21.797014609822));
#10481 = CARTESIAN_POINT('',(-4.212812588417,-4.250250340695,
    21.797014609822));
#10482 = CARTESIAN_POINT('',(-4.161011968744,-4.823089006253,
    21.797014609822));
#10483 = CARTESIAN_POINT('',(-4.07827668795,-5.358918970659,
    21.797014609822));
#10484 = CARTESIAN_POINT('',(-3.961250346593,-5.856394292777,
    21.797014609822));
#10485 = CARTESIAN_POINT('',(-3.806076605003,-6.314074541162,
    21.797014609822));
#10486 = CARTESIAN_POINT('',(-3.410539756104,-7.145530121234,
    21.797014609822));
#10487 = CARTESIAN_POINT('',(-2.830957420454,-7.796255701676,
    21.797014609822));
#10488 = CARTESIAN_POINT('',(-2.491812789339,-8.073321350852,
    21.797014609822));
#10489 = CARTESIAN_POINT('',(-2.100289069023,-8.297768770702,
    21.797014609822));
#10490 = CARTESIAN_POINT('',(-1.658251604739,-8.466218225217,
    21.797014609822));
#10491 = CARTESIAN_POINT('',(-1.162887784229,-8.579786974039,
    21.797014609822));
#10492 = CARTESIAN_POINT('',(-0.611245767813,-8.637091264771,
    21.797014609822));
#10493 = CARTESIAN_POINT('',(4.440892098501E-16,-8.637091264771,
    21.797014609822));
#10494 = CARTESIAN_POINT('',(-4.457385199731,-3.,21.55));
#10495 = CARTESIAN_POINT('',(-4.457385199731,-3.649325245579,21.55));
#10496 = CARTESIAN_POINT('',(-4.432830883722,-4.266434812313,21.55));
#10497 = CARTESIAN_POINT('',(-4.380288939841,-4.850147848803,21.55));
#10498 = CARTESIAN_POINT('',(-4.295884312395,-5.399076404408,21.55));
#10499 = CARTESIAN_POINT('',(-4.175888762831,-5.912581215826,21.55));
#10500 = CARTESIAN_POINT('',(-4.015270751192,-6.389776691602,21.55));
#10501 = CARTESIAN_POINT('',(-3.599645648386,-7.266039717773,21.55));
#10502 = CARTESIAN_POINT('',(-2.979700755223,-7.963843085475,21.55));
#10503 = CARTESIAN_POINT('',(-2.614957421816,-8.262879741803,21.55));
#10504 = CARTESIAN_POINT('',(-2.192577261333,-8.503656153209,21.55));
#10505 = CARTESIAN_POINT('',(-1.722444676899,-8.680231127132,21.55));
#10506 = CARTESIAN_POINT('',(-1.202249036629,-8.798386753981,21.55));
#10507 = CARTESIAN_POINT('',(-0.629316754665,-8.857385199731,21.55));
#10508 = CARTESIAN_POINT('',(0.,-8.857385199731,21.55));
#10509 = CARTESIAN_POINT('',(-4.237091264771,-3.,21.302985390178));
#10510 = CARTESIAN_POINT('',(-4.237091264771,-3.642036108026,
    21.302985390178));
#10511 = CARTESIAN_POINT('',(-4.212812588417,-4.250250340695,
    21.302985390178));
#10512 = CARTESIAN_POINT('',(-4.161011968744,-4.823089006253,
    21.302985390178));
#10513 = CARTESIAN_POINT('',(-4.07827668795,-5.358918970659,
    21.302985390178));
#10514 = CARTESIAN_POINT('',(-3.961250346593,-5.856394292777,
    21.302985390178));
#10515 = CARTESIAN_POINT('',(-3.806076605003,-6.314074541162,
    21.302985390178));
#10516 = CARTESIAN_POINT('',(-3.410539756104,-7.145530121234,
    21.302985390178));
#10517 = CARTESIAN_POINT('',(-2.830957420454,-7.796255701676,
    21.302985390178));
#10518 = CARTESIAN_POINT('',(-2.491812789339,-8.073321350852,
    21.302985390178));
#10519 = CARTESIAN_POINT('',(-2.100289069023,-8.297768770702,
    21.302985390178));
#10520 = CARTESIAN_POINT('',(-1.658251604739,-8.466218225217,
    21.302985390178));
#10521 = CARTESIAN_POINT('',(-1.162887784229,-8.579786974039,
    21.302985390178));
#10522 = CARTESIAN_POINT('',(-0.611245767813,-8.637091264771,
    21.302985390178));
#10523 = CARTESIAN_POINT('',(0.,-8.637091264771,21.302985390178));
#10524 = CARTESIAN_POINT('',(-3.97,-3.,21.333999400176));
#10525 = CARTESIAN_POINT('',(-3.97,-3.633198529412,21.333999400176));
#10526 = CARTESIAN_POINT('',(-3.946055517795,-4.230627780524,
    21.333999400176));
#10527 = CARTESIAN_POINT('',(-3.895153702804,-4.790282018257,
    21.333999400176));
#10528 = CARTESIAN_POINT('',(-3.814442390163,-5.310230840538,
    21.333999400176));
#10529 = CARTESIAN_POINT('',(-3.701016009811,-5.7882715079,
    21.333999400176));
#10530 = CARTESIAN_POINT('',(-3.552443071702,-6.222290883521,
    21.333999400176));
#10531 = CARTESIAN_POINT('',(-3.181261850862,-6.999420512894,
    21.333999400176));
#10532 = CARTESIAN_POINT('',(-2.650616343806,-7.593067509923,
    21.333999400176));
#10533 = CARTESIAN_POINT('',(-2.342508380917,-7.843494822053,
    21.333999400176));
#10534 = CARTESIAN_POINT('',(-1.988395974861,-8.048144461235,
    21.333999400176));
#10535 = CARTESIAN_POINT('',(-1.580421913986,-8.206742281586,
    21.333999400176));
#10536 = CARTESIAN_POINT('',(-1.115164969308,-8.314749755859,
    21.333999400176));
#10537 = CARTESIAN_POINT('',(-0.5893359375,-8.37,21.333999400176));
#10538 = CARTESIAN_POINT('',(0.,-8.37,21.333999400176));
#10539 = CARTESIAN_POINT('',(-3.97,-3.,21.55));
#10540 = CARTESIAN_POINT('',(-3.97,-3.633198529412,21.55));
#10541 = CARTESIAN_POINT('',(-3.946055517795,-4.230627780524,21.55));
#10542 = CARTESIAN_POINT('',(-3.895153702804,-4.790282018257,21.55));
#10543 = CARTESIAN_POINT('',(-3.814442390163,-5.310230840538,21.55));
#10544 = CARTESIAN_POINT('',(-3.701016009811,-5.7882715079,21.55));
#10545 = CARTESIAN_POINT('',(-3.552443071702,-6.222290883521,21.55));
#10546 = CARTESIAN_POINT('',(-3.181261850862,-6.999420512894,21.55));
#10547 = CARTESIAN_POINT('',(-2.650616343806,-7.593067509923,21.55));
#10548 = CARTESIAN_POINT('',(-2.342508380917,-7.843494822053,21.55));
#10549 = CARTESIAN_POINT('',(-1.988395974861,-8.048144461235,21.55));
#10550 = CARTESIAN_POINT('',(-1.580421913986,-8.206742281586,21.55));
#10551 = CARTESIAN_POINT('',(-1.115164969308,-8.314749755859,21.55));
#10552 = CARTESIAN_POINT('',(-0.5893359375,-8.37,21.55));
#10553 = CARTESIAN_POINT('',(0.,-8.37,21.55));
#10554 = ADVANCED_FACE('',(#10555),#10623,.T.);
#10555 = FACE_BOUND('',#10556,.T.);
#10556 = EDGE_LOOP('',(#10557,#10571,#10583,#10596,#10597,#10598,#10599,
    #10600,#10601,#10613));
#10557 = ORIENTED_EDGE('',*,*,#10558,.T.);
#10558 = EDGE_CURVE('',#10559,#10561,#10563,.T.);
#10559 = VERTEX_POINT('',#10560);
#10560 = CARTESIAN_POINT('',(3.385407603896,-2.061388783627,21.55));
#10561 = VERTEX_POINT('',#10562);
#10562 = CARTESIAN_POINT('',(3.5,-2.,21.68));
#10563 = ( BOUNDED_CURVE() B_SPLINE_CURVE(6,(#10564,#10565,#10566,#10567
    ,#10568,#10569,#10570),.UNSPECIFIED.,.T.,.F.) 
B_SPLINE_CURVE_WITH_KNOTS((1,6,6,1),(-6.28318530718,0.,6.28318530718,
12.566370614359),.UNSPECIFIED.) CURVE() GEOMETRIC_REPRESENTATION_ITEM() 
RATIONAL_B_SPLINE_CURVE((1.669078461068,1.03672962321,1.038346699848,
    0.853534330196,1.038346699848,1.03672962321,1.669078461068)) 
REPRESENTATION_ITEM('') );
#10564 = CARTESIAN_POINT('',(3.385407603896,-2.061388783627,21.55));
#10565 = CARTESIAN_POINT('',(3.385407603896,-2.061388783627,
    21.766000599824));
#10566 = CARTESIAN_POINT('',(3.620843203962,-1.935262569306,
    21.797014609822));
#10567 = CARTESIAN_POINT('',(3.815027895148,-1.831235056171,21.55));
#10568 = CARTESIAN_POINT('',(3.620843203962,-1.935262569306,
    21.302985390178));
#10569 = CARTESIAN_POINT('',(3.385407603896,-2.061388783627,
    21.333999400176));
#10570 = CARTESIAN_POINT('',(3.385407603896,-2.061388783627,21.55));
#10571 = ORIENTED_EDGE('',*,*,#10572,.T.);
#10572 = EDGE_CURVE('',#10561,#10573,#10575,.T.);
#10573 = VERTEX_POINT('',#10574);
#10574 = CARTESIAN_POINT('',(3.61446124299,-1.938367023005,21.55));
#10575 = ( BOUNDED_CURVE() B_SPLINE_CURVE(6,(#10576,#10577,#10578,#10579
    ,#10580,#10581,#10582),.UNSPECIFIED.,.T.,.F.) 
B_SPLINE_CURVE_WITH_KNOTS((1,6,6,1),(-6.28318530718,0.,6.28318530718,
12.566370614359),.UNSPECIFIED.) CURVE() GEOMETRIC_REPRESENTATION_ITEM() 
RATIONAL_B_SPLINE_CURVE((1.669078461068,1.03672962321,1.038346699848,
    0.853534330196,1.038346699848,1.03672962321,1.669078461068)) 
REPRESENTATION_ITEM('') );
#10576 = CARTESIAN_POINT('',(3.61446124299,-1.938367023005,21.55));
#10577 = CARTESIAN_POINT('',(3.61446124299,-1.938367023005,
    21.333999400176));
#10578 = CARTESIAN_POINT('',(3.379295103317,-2.064994944368,
    21.302985390178));
#10579 = CARTESIAN_POINT('',(3.185332660097,-2.169436259948,21.55));
#10580 = CARTESIAN_POINT('',(3.379295103317,-2.064994944368,
    21.797014609822));
#10581 = CARTESIAN_POINT('',(3.61446124299,-1.938367023005,
    21.766000599824));
#10582 = CARTESIAN_POINT('',(3.61446124299,-1.938367023005,21.55));
#10583 = ORIENTED_EDGE('',*,*,#10584,.T.);
#10584 = EDGE_CURVE('',#10573,#10219,#10585,.T.);
#10585 = ( BOUNDED_CURVE() B_SPLINE_CURVE(9,(#10586,#10587,#10588,#10589
    ,#10590,#10591,#10592,#10593,#10594,#10595),.UNSPECIFIED.,.F.,.F.) 
B_SPLINE_CURVE_WITH_KNOTS((10,10),(0.,1.),.PIECEWISE_BEZIER_KNOTS.) 
CURVE() GEOMETRIC_REPRESENTATION_ITEM() RATIONAL_B_SPLINE_CURVE((
    1.669078461068,1.669078461068,1.669078461068,1.669078461068,
    1.669078461068,1.669078461068,1.669078461068,1.669078461068,
1.669078461068,1.669078461068)) REPRESENTATION_ITEM('') );
#10586 = CARTESIAN_POINT('',(3.61446124299,-1.938367023005,21.55));
#10587 = CARTESIAN_POINT('',(3.131868011932,-1.04212245104,21.55));
#10588 = CARTESIAN_POINT('',(2.43118377339,-0.365022049225,21.55));
#10589 = CARTESIAN_POINT('',(1.561453425545,7.530935176297E-02,21.55));
#10590 = CARTESIAN_POINT('',(0.578684187314,0.258152188197,21.55));
#10591 = CARTESIAN_POINT('',(-0.458256612987,0.182806926514,21.55));
#10592 = CARTESIAN_POINT('',(-1.507527406304,-0.164769774065,21.55));
#10593 = CARTESIAN_POINT('',(-2.514125977359,-0.792936389101,21.55));
#10594 = CARTESIAN_POINT('',(-3.430918329805,-1.711280758197,21.55));
#10595 = CARTESIAN_POINT('',(-4.209550513776,-2.930009393977,21.55));
#10596 = ORIENTED_EDGE('',*,*,#10218,.F.);
#10597 = ORIENTED_EDGE('',*,*,#10397,.F.);
#10598 = ORIENTED_EDGE('',*,*,#10427,.F.);
#10599 = ORIENTED_EDGE('',*,*,#10246,.F.);
#10600 = ORIENTED_EDGE('',*,*,#10584,.F.);
#10601 = ORIENTED_EDGE('',*,*,#10602,.T.);
#10602 = EDGE_CURVE('',#10573,#10603,#10605,.T.);
#10603 = VERTEX_POINT('',#10604);
#10604 = CARTESIAN_POINT('',(3.5,-2.,21.42));
#10605 = ( BOUNDED_CURVE() B_SPLINE_CURVE(6,(#10606,#10607,#10608,#10609
    ,#10610,#10611,#10612),.UNSPECIFIED.,.T.,.F.) 
B_SPLINE_CURVE_WITH_KNOTS((1,6,6,1),(-6.28318530718,0.,6.28318530718,
12.566370614359),.UNSPECIFIED.) CURVE() GEOMETRIC_REPRESENTATION_ITEM() 
RATIONAL_B_SPLINE_CURVE((1.669078461068,1.03672962321,1.038346699848,
    0.853534330196,1.038346699848,1.03672962321,1.669078461068)) 
REPRESENTATION_ITEM('') );
#10606 = CARTESIAN_POINT('',(3.61446124299,-1.938367023005,21.55));
#10607 = CARTESIAN_POINT('',(3.61446124299,-1.938367023005,
    21.333999400176));
#10608 = CARTESIAN_POINT('',(3.379295103317,-2.064994944368,
    21.302985390178));
#10609 = CARTESIAN_POINT('',(3.185332660097,-2.169436259948,21.55));
#10610 = CARTESIAN_POINT('',(3.379295103317,-2.064994944368,
    21.797014609822));
#10611 = CARTESIAN_POINT('',(3.61446124299,-1.938367023005,
    21.766000599824));
#10612 = CARTESIAN_POINT('',(3.61446124299,-1.938367023005,21.55));
#10613 = ORIENTED_EDGE('',*,*,#10614,.T.);
#10614 = EDGE_CURVE('',#10603,#10559,#10615,.T.);
#10615 = ( BOUNDED_CURVE() B_SPLINE_CURVE(6,(#10616,#10617,#10618,#10619
    ,#10620,#10621,#10622),.UNSPECIFIED.,.T.,.F.) 
B_SPLINE_CURVE_WITH_KNOTS((1,6,6,1),(-6.28318530718,0.,6.28318530718,
12.566370614359),.UNSPECIFIED.) CURVE() GEOMETRIC_REPRESENTATION_ITEM() 
RATIONAL_B_SPLINE_CURVE((1.669078461068,1.03672962321,1.038346699848,
    0.853534330196,1.038346699848,1.03672962321,1.669078461068)) 
REPRESENTATION_ITEM('') );
#10616 = CARTESIAN_POINT('',(3.385407603896,-2.061388783627,21.55));
#10617 = CARTESIAN_POINT('',(3.385407603896,-2.061388783627,
    21.766000599824));
#10618 = CARTESIAN_POINT('',(3.620843203962,-1.935262569306,
    21.797014609822));
#10619 = CARTESIAN_POINT('',(3.815027895148,-1.831235056171,21.55));
#10620 = CARTESIAN_POINT('',(3.620843203962,-1.935262569306,
    21.302985390178));
#10621 = CARTESIAN_POINT('',(3.385407603896,-2.061388783627,
    21.333999400176));
#10622 = CARTESIAN_POINT('',(3.385407603896,-2.061388783627,21.55));
#10623 = ( BOUNDED_SURFACE() B_SPLINE_SURFACE(6,9,(
    (#10624,#10625,#10626,#10627,#10628,#10629,#10630,#10631,#10632
      ,#10633)
    ,(#10634,#10635,#10636,#10637,#10638,#10639,#10640,#10641,#10642
      ,#10643)
    ,(#10644,#10645,#10646,#10647,#10648,#10649,#10650,#10651,#10652
      ,#10653)
    ,(#10654,#10655,#10656,#10657,#10658,#10659,#10660,#10661,#10662
      ,#10663)
    ,(#10664,#10665,#10666,#10667,#10668,#10669,#10670,#10671,#10672
      ,#10673)
    ,(#10674,#10675,#10676,#10677,#10678,#10679,#10680,#10681,#10682
      ,#10683)
    ,(#10684,#10685,#10686,#10687,#10688,#10689,#10690,#10691,#10692
,#10693
    )),.UNSPECIFIED.,.T.,.F.,.F.) B_SPLINE_SURFACE_WITH_KNOTS((1,6,6,1),
  (10,10),(-6.28318530718,0.,6.28318530718,12.566370614359),(0.,1.),
.UNSPECIFIED.) GEOMETRIC_REPRESENTATION_ITEM() RATIONAL_B_SPLINE_SURFACE
((
    (1.669078461068,1.669078461068,1.669078461068,1.669078461068
      ,1.669078461068,1.669078461068,1.669078461068,1.669078461068
      ,1.669078461068,1.669078461068)
    ,(1.03672962321,1.03672962321,1.03672962321,1.03672962321
      ,1.03672962321,1.03672962321,1.03672962321,1.03672962321
      ,1.03672962321,1.03672962321)
    ,(1.038346699848,1.038346699847,1.038346699848,1.038346699847
      ,1.038346699848,1.038346699847,1.038346699848,1.038346699847
      ,1.038346699848,1.038346699848)
    ,(0.853534330196,0.853534330196,0.853534330196,0.853534330196
      ,0.853534330196,0.853534330196,0.853534330196,0.853534330196
      ,0.853534330196,0.853534330196)
    ,(1.038346699848,1.038346699847,1.038346699848,1.038346699847
      ,1.038346699848,1.038346699847,1.038346699848,1.038346699847
      ,1.038346699848,1.038346699848)
    ,(1.03672962321,1.03672962321,1.03672962321,1.03672962321
      ,1.03672962321,1.03672962321,1.03672962321,1.03672962321
      ,1.03672962321,1.03672962321)
    ,(1.669078461068,1.669078461068,1.669078461068,1.669078461068
      ,1.669078461068,1.669078461068,1.669078461068,1.669078461068
,1.669078461068,1.669078461068))) REPRESENTATION_ITEM('') SURFACE() );
#10624 = CARTESIAN_POINT('',(3.61446124299,-1.938367023005,21.55));
#10625 = CARTESIAN_POINT('',(3.131868011932,-1.04212245104,21.55));
#10626 = CARTESIAN_POINT('',(2.43118377339,-0.365022049225,21.55));
#10627 = CARTESIAN_POINT('',(1.561453425545,7.530935176297E-02,21.55));
#10628 = CARTESIAN_POINT('',(0.578684187314,0.258152188197,21.55));
#10629 = CARTESIAN_POINT('',(-0.458256612987,0.182806926514,21.55));
#10630 = CARTESIAN_POINT('',(-1.507527406304,-0.164769774065,21.55));
#10631 = CARTESIAN_POINT('',(-2.514125977359,-0.792936389101,21.55));
#10632 = CARTESIAN_POINT('',(-3.430918329805,-1.711280758197,21.55));
#10633 = CARTESIAN_POINT('',(-4.209550513776,-2.930009393977,21.55));
#10634 = CARTESIAN_POINT('',(3.61446124299,-1.938367023005,
    21.333999400176));
#10635 = CARTESIAN_POINT('',(3.131868011932,-1.04212245104,
    21.333999400176));
#10636 = CARTESIAN_POINT('',(2.43118377339,-0.365022049225,
    21.333999400176));
#10637 = CARTESIAN_POINT('',(1.561453425545,7.530935176294E-02,
    21.333999400176));
#10638 = CARTESIAN_POINT('',(0.578684187314,0.258152188197,
    21.333999400176));
#10639 = CARTESIAN_POINT('',(-0.458256612987,0.182806926514,
    21.333999400176));
#10640 = CARTESIAN_POINT('',(-1.507527406304,-0.164769774065,
    21.333999400176));
#10641 = CARTESIAN_POINT('',(-2.514125977359,-0.792936389101,
    21.333999400176));
#10642 = CARTESIAN_POINT('',(-3.430918329805,-1.711280758197,
    21.333999400176));
#10643 = CARTESIAN_POINT('',(-4.209550513776,-2.930009393977,
    21.333999400176));
#10644 = CARTESIAN_POINT('',(3.379295103317,-2.064994944368,
    21.302985390178));
#10645 = CARTESIAN_POINT('',(2.929423766311,-1.229519604214,
    21.302985390178));
#10646 = CARTESIAN_POINT('',(2.28150903359,-0.608098283911,
    21.302985390178));
#10647 = CARTESIAN_POINT('',(1.48411221535,-0.206603657191,
    21.302985390178));
#10648 = CARTESIAN_POINT('',(0.578452519044,-2.764485264577E-02,
    21.302985390178));
#10649 = CARTESIAN_POINT('',(-0.39726697106,-9.494308545326E-02,
    21.302985390178));
#10650 = CARTESIAN_POINT('',(-1.386888687072,-0.418147883037,
    21.302985390178));
#10651 = CARTESIAN_POINT('',(-2.348133596767,-1.012903737148,
    21.302985390178));
#10652 = CARTESIAN_POINT('',(-3.230425251879,-1.89355871591,
    21.302985390178));
#10653 = CARTESIAN_POINT('',(-3.984473703924,-3.073808466937,
    21.302985390178));
#10654 = CARTESIAN_POINT('',(3.185332660097,-2.169436259948,21.55));
#10655 = CARTESIAN_POINT('',(2.762449981093,-1.384082713226,21.55));
#10656 = CARTESIAN_POINT('',(2.158058955869,-0.808584886422,21.55));
#10657 = CARTESIAN_POINT('',(1.420322036576,-0.43912240359,21.55));
#10658 = CARTESIAN_POINT('',(0.578261441605,-0.26336710579,21.55));
#10659 = CARTESIAN_POINT('',(-0.346963385793,-0.324028237765,21.55));
#10660 = CARTESIAN_POINT('',(-1.287387199477,-0.627131358052,21.55));
#10661 = CARTESIAN_POINT('',(-2.21122490855,-1.194330384348,21.55));
#10662 = CARTESIAN_POINT('',(-3.065060768296,-2.04389956886,21.55));
#10663 = CARTESIAN_POINT('',(-3.798832828874,-3.19241235933,21.55));
#10664 = CARTESIAN_POINT('',(3.379295103317,-2.064994944368,
    21.797014609822));
#10665 = CARTESIAN_POINT('',(2.929423766311,-1.229519604214,
    21.797014609822));
#10666 = CARTESIAN_POINT('',(2.28150903359,-0.608098283911,
    21.797014609822));
#10667 = CARTESIAN_POINT('',(1.484112215349,-0.206603657191,
    21.797014609822));
#10668 = CARTESIAN_POINT('',(0.578452519044,-2.76448526457E-02,
    21.797014609822));
#10669 = CARTESIAN_POINT('',(-0.397266971061,-9.494308545331E-02,
    21.797014609822));
#10670 = CARTESIAN_POINT('',(-1.386888687072,-0.418147883037,
    21.797014609822));
#10671 = CARTESIAN_POINT('',(-2.348133596767,-1.012903737148,
    21.797014609822));
#10672 = CARTESIAN_POINT('',(-3.230425251879,-1.89355871591,
    21.797014609822));
#10673 = CARTESIAN_POINT('',(-3.984473703924,-3.073808466937,
    21.797014609822));
#10674 = CARTESIAN_POINT('',(3.61446124299,-1.938367023005,
    21.766000599824));
#10675 = CARTESIAN_POINT('',(3.131868011932,-1.04212245104,
    21.766000599824));
#10676 = CARTESIAN_POINT('',(2.43118377339,-0.365022049225,
    21.766000599824));
#10677 = CARTESIAN_POINT('',(1.561453425545,7.530935176293E-02,
    21.766000599824));
#10678 = CARTESIAN_POINT('',(0.578684187314,0.258152188197,
    21.766000599824));
#10679 = CARTESIAN_POINT('',(-0.458256612986,0.182806926514,
    21.766000599824));
#10680 = CARTESIAN_POINT('',(-1.507527406304,-0.164769774065,
    21.766000599824));
#10681 = CARTESIAN_POINT('',(-2.514125977359,-0.792936389101,
    21.766000599824));
#10682 = CARTESIAN_POINT('',(-3.430918329805,-1.711280758197,
    21.766000599824));
#10683 = CARTESIAN_POINT('',(-4.209550513776,-2.930009393977,
    21.766000599824));
#10684 = CARTESIAN_POINT('',(3.61446124299,-1.938367023005,21.55));
#10685 = CARTESIAN_POINT('',(3.131868011932,-1.04212245104,21.55));
#10686 = CARTESIAN_POINT('',(2.43118377339,-0.365022049225,21.55));
#10687 = CARTESIAN_POINT('',(1.561453425545,7.530935176297E-02,21.55));
#10688 = CARTESIAN_POINT('',(0.578684187314,0.258152188197,21.55));
#10689 = CARTESIAN_POINT('',(-0.458256612987,0.182806926514,21.55));
#10690 = CARTESIAN_POINT('',(-1.507527406304,-0.164769774065,21.55));
#10691 = CARTESIAN_POINT('',(-2.514125977359,-0.792936389101,21.55));
#10692 = CARTESIAN_POINT('',(-3.430918329805,-1.711280758197,21.55));
#10693 = CARTESIAN_POINT('',(-4.209550513776,-2.930009393977,21.55));
#10694 = ADVANCED_FACE('',(#10695),#10709,.T.);
#10695 = FACE_BOUND('',#10696,.T.);
#10696 = EDGE_LOOP('',(#10697,#10707,#10708));
#10697 = ORIENTED_EDGE('',*,*,#10698,.T.);
#10698 = EDGE_CURVE('',#10561,#10603,#10699,.T.);
#10699 = ( BOUNDED_CURVE() B_SPLINE_CURVE(6,(#10700,#10701,#10702,#10703
    ,#10704,#10705,#10706),.UNSPECIFIED.,.T.,.F.) 
B_SPLINE_CURVE_WITH_KNOTS((1,6,6,1),(-6.28318530718,0.,6.28318530718,
12.566370614359),.UNSPECIFIED.) CURVE() GEOMETRIC_REPRESENTATION_ITEM() 
RATIONAL_B_SPLINE_CURVE((1.669078461068,1.03672962321,1.038346699848,
    0.853534330196,1.038346699848,1.03672962321,1.669078461068)) 
REPRESENTATION_ITEM('') );
#10700 = CARTESIAN_POINT('',(3.385407603896,-2.061388783627,21.55));
#10701 = CARTESIAN_POINT('',(3.385407603896,-2.061388783627,
    21.766000599824));
#10702 = CARTESIAN_POINT('',(3.620843203962,-1.935262569306,
    21.797014609822));
#10703 = CARTESIAN_POINT('',(3.815027895148,-1.831235056171,21.55));
#10704 = CARTESIAN_POINT('',(3.620843203962,-1.935262569306,
    21.302985390178));
#10705 = CARTESIAN_POINT('',(3.385407603896,-2.061388783627,
    21.333999400176));
#10706 = CARTESIAN_POINT('',(3.385407603896,-2.061388783627,21.55));
#10707 = ORIENTED_EDGE('',*,*,#10602,.F.);
#10708 = ORIENTED_EDGE('',*,*,#10572,.F.);
#10709 = SPHERICAL_SURFACE('',#10710,0.13);
#10710 = AXIS2_PLACEMENT_3D('',#10711,#10712,#10713);
#10711 = CARTESIAN_POINT('',(3.5,-2.,21.55));
#10712 = DIRECTION('',(0.,0.,1.));
#10713 = DIRECTION('',(1.,0.,0.));
#10714 = ADVANCED_FACE('',(#10715),#10736,.T.);
#10715 = FACE_BOUND('',#10716,.T.);
#10716 = EDGE_LOOP('',(#10717,#10718,#10719,#10733,#10734,#10735));
#10717 = ORIENTED_EDGE('',*,*,#10698,.F.);
#10718 = ORIENTED_EDGE('',*,*,#10558,.F.);
#10719 = ORIENTED_EDGE('',*,*,#10720,.F.);
#10720 = EDGE_CURVE('',#10378,#10559,#10721,.T.);
#10721 = ( BOUNDED_CURVE() B_SPLINE_CURVE(10,(#10722,#10723,#10724,
    #10725,#10726,#10727,#10728,#10729,#10730,#10731,#10732),
.UNSPECIFIED.,.F.,.F.) B_SPLINE_CURVE_WITH_KNOTS((11,11),(0.,1.),
.PIECEWISE_BEZIER_KNOTS.) CURVE() GEOMETRIC_REPRESENTATION_ITEM() 
RATIONAL_B_SPLINE_CURVE((1.669078461068,1.669078461068,1.669078461068,
    1.669078461069,1.669078461068,1.669078461069,1.669078461068,
    1.669078461069,1.669078461068,1.669078461068,1.669078461068)) 
REPRESENTATION_ITEM('') );
#10722 = CARTESIAN_POINT('',(0.,-8.37,21.55));
#10723 = CARTESIAN_POINT('',(1.022514285714,-8.37,21.55));
#10724 = CARTESIAN_POINT('',(1.908511564626,-8.129790294785,21.55));
#10725 = CARTESIAN_POINT('',(2.652712235394,-7.689923413113,21.55));
#10726 = CARTESIAN_POINT('',(3.252919612181,-7.091911515778,21.55));
#10727 = CARTESIAN_POINT('',(3.711192047169,-6.35942783943,21.55));
#10728 = CARTESIAN_POINT('',(4.001040459038,-5.532988156477,21.55));
#10729 = CARTESIAN_POINT('',(4.123832964597,-4.652245993517,21.55));
#10730 = CARTESIAN_POINT('',(4.066711818122,-3.755065355795,21.55));
#10731 = CARTESIAN_POINT('',(3.823543567417,-2.8792425822,21.55));
#10732 = CARTESIAN_POINT('',(3.385407603896,-2.061388783627,21.55));
#10733 = ORIENTED_EDGE('',*,*,#10439,.T.);
#10734 = ORIENTED_EDGE('',*,*,#10720,.T.);
#10735 = ORIENTED_EDGE('',*,*,#10614,.F.);
#10736 = ( BOUNDED_SURFACE() B_SPLINE_SURFACE(6,10,(
    (#10737,#10738,#10739,#10740,#10741,#10742,#10743,#10744,#10745
      ,#10746,#10747)
    ,(#10748,#10749,#10750,#10751,#10752,#10753,#10754,#10755,#10756
      ,#10757,#10758)
    ,(#10759,#10760,#10761,#10762,#10763,#10764,#10765,#10766,#10767
      ,#10768,#10769)
    ,(#10770,#10771,#10772,#10773,#10774,#10775,#10776,#10777,#10778
      ,#10779,#10780)
    ,(#10781,#10782,#10783,#10784,#10785,#10786,#10787,#10788,#10789
      ,#10790,#10791)
    ,(#10792,#10793,#10794,#10795,#10796,#10797,#10798,#10799,#10800
      ,#10801,#10802)
    ,(#10803,#10804,#10805,#10806,#10807,#10808,#10809,#10810,#10811
      ,#10812,#10813
)),.UNSPECIFIED.,.T.,.F.,.F.) B_SPLINE_SURFACE_WITH_KNOTS((1,6,6,1),(11,
    11),(-6.28318530718,0.,6.28318530718,12.566370614359),(0.,1.),
.UNSPECIFIED.) GEOMETRIC_REPRESENTATION_ITEM() RATIONAL_B_SPLINE_SURFACE
((
    (1.669078461068,1.669078461068,1.669078461068,1.669078461069
      ,1.669078461068,1.669078461069,1.669078461068,1.669078461069
      ,1.669078461068,1.669078461068,1.669078461068)
    ,(1.03672962321,1.03672962321,1.03672962321,1.03672962321
      ,1.036729623209,1.03672962321,1.036729623209,1.03672962321
      ,1.03672962321,1.03672962321,1.03672962321)
    ,(1.038346699848,1.038346699848,1.038346699847,1.038346699848
      ,1.038346699847,1.038346699848,1.038346699847,1.038346699848
      ,1.038346699847,1.038346699848,1.038346699848)
    ,(0.853534330196,0.853534330196,0.853534330196,0.853534330196
      ,0.853534330196,0.853534330196,0.853534330196,0.853534330196
      ,0.853534330196,0.853534330196,0.853534330196)
    ,(1.038346699848,1.038346699848,1.038346699847,1.038346699848
      ,1.038346699847,1.038346699848,1.038346699847,1.038346699848
      ,1.038346699847,1.038346699848,1.038346699848)
    ,(1.03672962321,1.03672962321,1.03672962321,1.03672962321
      ,1.036729623209,1.03672962321,1.036729623209,1.03672962321
      ,1.03672962321,1.03672962321,1.03672962321)
    ,(1.669078461068,1.669078461068,1.669078461068,1.669078461069
      ,1.669078461068,1.669078461069,1.669078461068,1.669078461069
      ,1.669078461068,1.669078461068,1.669078461068
))) REPRESENTATION_ITEM('') SURFACE() );
#10737 = CARTESIAN_POINT('',(0.,-8.37,21.55));
#10738 = CARTESIAN_POINT('',(1.022514285714,-8.37,21.55));
#10739 = CARTESIAN_POINT('',(1.908511564626,-8.129790294785,21.55));
#10740 = CARTESIAN_POINT('',(2.652712235394,-7.689923413113,21.55));
#10741 = CARTESIAN_POINT('',(3.252919612181,-7.091911515778,21.55));
#10742 = CARTESIAN_POINT('',(3.711192047169,-6.35942783943,21.55));
#10743 = CARTESIAN_POINT('',(4.001040459038,-5.532988156477,21.55));
#10744 = CARTESIAN_POINT('',(4.123832964597,-4.652245993517,21.55));
#10745 = CARTESIAN_POINT('',(4.066711818122,-3.755065355795,21.55));
#10746 = CARTESIAN_POINT('',(3.823543567417,-2.8792425822,21.55));
#10747 = CARTESIAN_POINT('',(3.385407603896,-2.061388783627,21.55));
#10748 = CARTESIAN_POINT('',(-4.440892098501E-16,-8.37,21.766000599824)
  );
#10749 = CARTESIAN_POINT('',(1.022514285714,-8.37,21.766000599824));
#10750 = CARTESIAN_POINT('',(1.908511564626,-8.129790294785,
    21.766000599824));
#10751 = CARTESIAN_POINT('',(2.652712235394,-7.689923413113,
    21.766000599824));
#10752 = CARTESIAN_POINT('',(3.252919612181,-7.091911515778,
    21.766000599824));
#10753 = CARTESIAN_POINT('',(3.711192047169,-6.35942783943,
    21.766000599824));
#10754 = CARTESIAN_POINT('',(4.001040459038,-5.532988156477,
    21.766000599824));
#10755 = CARTESIAN_POINT('',(4.123832964597,-4.652245993517,
    21.766000599824));
#10756 = CARTESIAN_POINT('',(4.066711818122,-3.755065355795,
    21.766000599824));
#10757 = CARTESIAN_POINT('',(3.823543567417,-2.8792425822,
    21.766000599824));
#10758 = CARTESIAN_POINT('',(3.385407603896,-2.061388783627,
    21.766000599824));
#10759 = CARTESIAN_POINT('',(0.,-8.637091264771,21.797014609822));
#10760 = CARTESIAN_POINT('',(1.078985010266,-8.637091264771,
    21.797014609822));
#10761 = CARTESIAN_POINT('',(2.027994024295,-8.38361542109,
    21.797014609822));
#10762 = CARTESIAN_POINT('',(2.835473401207,-7.912656818538,
    21.797014609822));
#10763 = CARTESIAN_POINT('',(3.486618417155,-7.259196563708,
    21.797014609822));
#10764 = CARTESIAN_POINT('',(3.96213720565,-6.477027768358,
    21.797014609822));
#10765 = CARTESIAN_POINT('',(4.272842544544,-5.602182278647,
    21.797014609822));
#10766 = CARTESIAN_POINT('',(4.400170453812,-4.671601220491,
    21.797014609822));
#10767 = CARTESIAN_POINT('',(4.340558811021,-3.724112856307,
    21.797014609822));
#10768 = CARTESIAN_POINT('',(4.083354402163,-2.798616805949,
    21.797014609822));
#10769 = CARTESIAN_POINT('',(3.620843203962,-1.935262569306,
    21.797014609822));
#10770 = CARTESIAN_POINT('',(-4.440892098501E-16,-8.857385199731,21.55)
  );
#10771 = CARTESIAN_POINT('',(1.125561442229,-8.857385199731,21.55));
#10772 = CARTESIAN_POINT('',(2.12654184173,-8.592967591081,21.55));
#10773 = CARTESIAN_POINT('',(2.986212798878,-8.096364879415,21.55));
#10774 = CARTESIAN_POINT('',(3.679370618869,-7.397171429715,21.55));
#10775 = CARTESIAN_POINT('',(4.169114009882,-6.574022895161,21.55));
#10776 = CARTESIAN_POINT('',(4.497021912589,-5.659252828902,21.55));
#10777 = CARTESIAN_POINT('',(4.628090572907,-4.687565198631,21.55));
#10778 = CARTESIAN_POINT('',(4.566424796171,-3.698583575463,21.55));
#10779 = CARTESIAN_POINT('',(4.297643518583,-2.732117553251,21.55));
#10780 = CARTESIAN_POINT('',(3.815027895148,-1.831235056171,21.55));
#10781 = CARTESIAN_POINT('',(0.,-8.637091264771,21.302985390178));
#10782 = CARTESIAN_POINT('',(1.078985010266,-8.637091264771,
    21.302985390178));
#10783 = CARTESIAN_POINT('',(2.027994024295,-8.38361542109,
    21.302985390178));
#10784 = CARTESIAN_POINT('',(2.835473401207,-7.912656818538,
    21.302985390178));
#10785 = CARTESIAN_POINT('',(3.486618417155,-7.259196563708,
    21.302985390178));
#10786 = CARTESIAN_POINT('',(3.96213720565,-6.477027768358,
    21.302985390178));
#10787 = CARTESIAN_POINT('',(4.272842544544,-5.602182278647,
    21.302985390178));
#10788 = CARTESIAN_POINT('',(4.400170453812,-4.671601220491,
    21.302985390178));
#10789 = CARTESIAN_POINT('',(4.340558811021,-3.724112856307,
    21.302985390178));
#10790 = CARTESIAN_POINT('',(4.083354402163,-2.798616805949,
    21.302985390178));
#10791 = CARTESIAN_POINT('',(3.620843203962,-1.935262569306,
    21.302985390178));
#10792 = CARTESIAN_POINT('',(0.,-8.37,21.333999400176));
#10793 = CARTESIAN_POINT('',(1.022514285714,-8.37,21.333999400176));
#10794 = CARTESIAN_POINT('',(1.908511564626,-8.129790294785,
    21.333999400176));
#10795 = CARTESIAN_POINT('',(2.652712235394,-7.689923413113,
    21.333999400176));
#10796 = CARTESIAN_POINT('',(3.252919612181,-7.091911515778,
    21.333999400176));
#10797 = CARTESIAN_POINT('',(3.711192047168,-6.35942783943,
    21.333999400176));
#10798 = CARTESIAN_POINT('',(4.001040459038,-5.532988156477,
    21.333999400176));
#10799 = CARTESIAN_POINT('',(4.123832964597,-4.652245993517,
    21.333999400176));
#10800 = CARTESIAN_POINT('',(4.066711818122,-3.755065355795,
    21.333999400176));
#10801 = CARTESIAN_POINT('',(3.823543567417,-2.8792425822,
    21.333999400176));
#10802 = CARTESIAN_POINT('',(3.385407603896,-2.061388783627,
    21.333999400176));
#10803 = CARTESIAN_POINT('',(0.,-8.37,21.55));
#10804 = CARTESIAN_POINT('',(1.022514285714,-8.37,21.55));
#10805 = CARTESIAN_POINT('',(1.908511564626,-8.129790294785,21.55));
#10806 = CARTESIAN_POINT('',(2.652712235394,-7.689923413113,21.55));
#10807 = CARTESIAN_POINT('',(3.252919612181,-7.091911515778,21.55));
#10808 = CARTESIAN_POINT('',(3.711192047169,-6.35942783943,21.55));
#10809 = CARTESIAN_POINT('',(4.001040459038,-5.532988156477,21.55));
#10810 = CARTESIAN_POINT('',(4.123832964597,-4.652245993517,21.55));
#10811 = CARTESIAN_POINT('',(4.066711818122,-3.755065355795,21.55));
#10812 = CARTESIAN_POINT('',(3.823543567417,-2.8792425822,21.55));
#10813 = CARTESIAN_POINT('',(3.385407603896,-2.061388783627,21.55));
#10814 = MANIFOLD_SOLID_BREP('',#10815);
#10815 = CLOSED_SHELL('',(#10816,#10849,#10858));
#10816 = ADVANCED_FACE('',(#10817),#10844,.T.);
#10817 = FACE_BOUND('',#10818,.T.);
#10818 = EDGE_LOOP('',(#10819,#10828,#10836,#10843));
#10819 = ORIENTED_EDGE('',*,*,#10820,.F.);
#10820 = EDGE_CURVE('',#10821,#10821,#10823,.T.);
#10821 = VERTEX_POINT('',#10822);
#10822 = CARTESIAN_POINT('',(7.690523012316,4.835696475121,5.));
#10823 = CIRCLE('',#10824,0.1);
#10824 = AXIS2_PLACEMENT_3D('',#10825,#10826,#10827);
#10825 = CARTESIAN_POINT('',(7.590523012316,4.835696475121,5.));
#10826 = DIRECTION('',(0.,0.,1.));
#10827 = DIRECTION('',(1.,0.,0.));
#10828 = ORIENTED_EDGE('',*,*,#10829,.F.);
#10829 = EDGE_CURVE('',#10830,#10821,#10832,.T.);
#10830 = VERTEX_POINT('',#10831);
#10831 = CARTESIAN_POINT('',(7.690523012316,4.835696475121,2.8));
#10832 = LINE('',#10833,#10834);
#10833 = CARTESIAN_POINT('',(7.690523012316,4.835696475121,2.8));
#10834 = VECTOR('',#10835,1.);
#10835 = DIRECTION('',(0.,0.,1.));
#10836 = ORIENTED_EDGE('',*,*,#10837,.T.);
#10837 = EDGE_CURVE('',#10830,#10830,#10838,.T.);
#10838 = CIRCLE('',#10839,0.1);
#10839 = AXIS2_PLACEMENT_3D('',#10840,#10841,#10842);
#10840 = CARTESIAN_POINT('',(7.590523012316,4.835696475121,2.8));
#10841 = DIRECTION('',(0.,0.,1.));
#10842 = DIRECTION('',(1.,0.,0.));
#10843 = ORIENTED_EDGE('',*,*,#10829,.T.);
#10844 = CYLINDRICAL_SURFACE('',#10845,0.1);
#10845 = AXIS2_PLACEMENT_3D('',#10846,#10847,#10848);
#10846 = CARTESIAN_POINT('',(7.590523012316,4.835696475121,2.8));
#10847 = DIRECTION('',(0.,0.,1.));
#10848 = DIRECTION('',(1.,0.,0.));
#10849 = ADVANCED_FACE('',(#10850),#10853,.T.);
#10850 = FACE_BOUND('',#10851,.T.);
#10851 = EDGE_LOOP('',(#10852));
#10852 = ORIENTED_EDGE('',*,*,#10820,.T.);
#10853 = PLANE('',#10854);
#10854 = AXIS2_PLACEMENT_3D('',#10855,#10856,#10857);
#10855 = CARTESIAN_POINT('',(7.590523012316,4.835696475121,5.));
#10856 = DIRECTION('',(0.,0.,1.));
#10857 = DIRECTION('',(1.,0.,0.));
#10858 = ADVANCED_FACE('',(#10859),#10862,.F.);
#10859 = FACE_BOUND('',#10860,.T.);
#10860 = EDGE_LOOP('',(#10861));
#10861 = ORIENTED_EDGE('',*,*,#10837,.F.);
#10862 = PLANE('',#10863);
#10863 = AXIS2_PLACEMENT_3D('',#10864,#10865,#10866);
#10864 = CARTESIAN_POINT('',(7.590523012316,4.835696475121,2.8));
#10865 = DIRECTION('',(0.,0.,1.));
#10866 = DIRECTION('',(1.,0.,0.));
#10867 = MANIFOLD_SOLID_BREP('',#10868);
#10868 = CLOSED_SHELL('',(#10869,#10902,#10911));
#10869 = ADVANCED_FACE('',(#10870),#10897,.T.);
#10870 = FACE_BOUND('',#10871,.T.);
#10871 = EDGE_LOOP('',(#10872,#10881,#10889,#10896));
#10872 = ORIENTED_EDGE('',*,*,#10873,.F.);
#10873 = EDGE_CURVE('',#10874,#10874,#10876,.T.);
#10874 = VERTEX_POINT('',#10875);
#10875 = CARTESIAN_POINT('',(7.590523012316,10.,5.1));
#10876 = CIRCLE('',#10877,0.1);
#10877 = AXIS2_PLACEMENT_3D('',#10878,#10879,#10880);
#10878 = CARTESIAN_POINT('',(7.590523012316,10.,5.));
#10879 = DIRECTION('',(0.,1.,0.));
#10880 = DIRECTION('',(0.,0.,1.));
#10881 = ORIENTED_EDGE('',*,*,#10882,.F.);
#10882 = EDGE_CURVE('',#10883,#10874,#10885,.T.);
#10883 = VERTEX_POINT('',#10884);
#10884 = CARTESIAN_POINT('',(7.590523012316,4.835696475121,5.1));
#10885 = LINE('',#10886,#10887);
#10886 = CARTESIAN_POINT('',(7.590523012316,4.835696475121,5.1));
#10887 = VECTOR('',#10888,1.);
#10888 = DIRECTION('',(0.,1.,0.));
#10889 = ORIENTED_EDGE('',*,*,#10890,.T.);
#10890 = EDGE_CURVE('',#10883,#10883,#10891,.T.);
#10891 = CIRCLE('',#10892,0.1);
#10892 = AXIS2_PLACEMENT_3D('',#10893,#10894,#10895);
#10893 = CARTESIAN_POINT('',(7.590523012316,4.835696475121,5.));
#10894 = DIRECTION('',(0.,1.,0.));
#10895 = DIRECTION('',(0.,0.,1.));
#10896 = ORIENTED_EDGE('',*,*,#10882,.T.);
#10897 = CYLINDRICAL_SURFACE('',#10898,0.1);
#10898 = AXIS2_PLACEMENT_3D('',#10899,#10900,#10901);
#10899 = CARTESIAN_POINT('',(7.590523012316,4.835696475121,5.));
#10900 = DIRECTION('',(0.,1.,0.));
#10901 = DIRECTION('',(0.,0.,1.));
#10902 = ADVANCED_FACE('',(#10903),#10906,.T.);
#10903 = FACE_BOUND('',#10904,.T.);
#10904 = EDGE_LOOP('',(#10905));
#10905 = ORIENTED_EDGE('',*,*,#10873,.T.);
#10906 = PLANE('',#10907);
#10907 = AXIS2_PLACEMENT_3D('',#10908,#10909,#10910);
#10908 = CARTESIAN_POINT('',(7.590523012316,10.,5.));
#10909 = DIRECTION('',(0.,1.,0.));
#10910 = DIRECTION('',(0.,0.,1.));
#10911 = ADVANCED_FACE('',(#10912),#10915,.F.);
#10912 = FACE_BOUND('',#10913,.T.);
#10913 = EDGE_LOOP('',(#10914));
#10914 = ORIENTED_EDGE('',*,*,#10890,.F.);
#10915 = PLANE('',#10916);
#10916 = AXIS2_PLACEMENT_3D('',#10917,#10918,#10919);
#10917 = CARTESIAN_POINT('',(7.590523012316,4.835696475121,5.));
#10918 = DIRECTION('',(0.,1.,0.));
#10919 = DIRECTION('',(0.,0.,1.));
#10920 = MANIFOLD_SOLID_BREP('',#10921);
#10921 = CLOSED_SHELL('',(#10922,#10955,#10964));
#10922 = ADVANCED_FACE('',(#10923),#10950,.T.);
#10923 = FACE_BOUND('',#10924,.T.);
#10924 = EDGE_LOOP('',(#10925,#10934,#10942,#10949));
#10925 = ORIENTED_EDGE('',*,*,#10926,.F.);
#10926 = EDGE_CURVE('',#10927,#10927,#10929,.T.);
#10927 = VERTEX_POINT('',#10928);
#10928 = CARTESIAN_POINT('',(2.9,10.,4.9));
#10929 = CIRCLE('',#10930,0.1);
#10930 = AXIS2_PLACEMENT_3D('',#10931,#10932,#10933);
#10931 = CARTESIAN_POINT('',(2.9,10.,5.));
#10932 = DIRECTION('',(-1.,0.,0.));
#10933 = DIRECTION('',(0.,0.,-1.));
#10934 = ORIENTED_EDGE('',*,*,#10935,.F.);
#10935 = EDGE_CURVE('',#10936,#10927,#10938,.T.);
#10936 = VERTEX_POINT('',#10937);
#10937 = CARTESIAN_POINT('',(7.590523012316,10.,4.9));
#10938 = LINE('',#10939,#10940);
#10939 = CARTESIAN_POINT('',(7.590523012316,10.,4.9));
#10940 = VECTOR('',#10941,1.);
#10941 = DIRECTION('',(-1.,0.,0.));
#10942 = ORIENTED_EDGE('',*,*,#10943,.T.);
#10943 = EDGE_CURVE('',#10936,#10936,#10944,.T.);
#10944 = CIRCLE('',#10945,0.1);
#10945 = AXIS2_PLACEMENT_3D('',#10946,#10947,#10948);
#10946 = CARTESIAN_POINT('',(7.590523012316,10.,5.));
#10947 = DIRECTION('',(-1.,0.,0.));
#10948 = DIRECTION('',(0.,0.,-1.));
#10949 = ORIENTED_EDGE('',*,*,#10935,.T.);
#10950 = CYLINDRICAL_SURFACE('',#10951,0.1);
#10951 = AXIS2_PLACEMENT_3D('',#10952,#10953,#10954);
#10952 = CARTESIAN_POINT('',(7.590523012316,10.,5.));
#10953 = DIRECTION('',(-1.,0.,0.));
#10954 = DIRECTION('',(0.,0.,-1.));
#10955 = ADVANCED_FACE('',(#10956),#10959,.T.);
#10956 = FACE_BOUND('',#10957,.T.);
#10957 = EDGE_LOOP('',(#10958));
#10958 = ORIENTED_EDGE('',*,*,#10926,.T.);
#10959 = PLANE('',#10960);
#10960 = AXIS2_PLACEMENT_3D('',#10961,#10962,#10963);
#10961 = CARTESIAN_POINT('',(2.9,10.,5.));
#10962 = DIRECTION('',(-1.,0.,0.));
#10963 = DIRECTION('',(0.,0.,-1.));
#10964 = ADVANCED_FACE('',(#10965),#10968,.F.);
#10965 = FACE_BOUND('',#10966,.T.);
#10966 = EDGE_LOOP('',(#10967));
#10967 = ORIENTED_EDGE('',*,*,#10943,.F.);
#10968 = PLANE('',#10969);
#10969 = AXIS2_PLACEMENT_3D('',#10970,#10971,#10972);
#10970 = CARTESIAN_POINT('',(7.590523012316,10.,5.));
#10971 = DIRECTION('',(-1.,0.,0.));
#10972 = DIRECTION('',(0.,0.,-1.));
#10973 = MANIFOLD_SOLID_BREP('',#10974);
#10974 = CLOSED_SHELL('',(#10975,#11008,#11017));
#10975 = ADVANCED_FACE('',(#10976),#11003,.T.);
#10976 = FACE_BOUND('',#10977,.T.);
#10977 = EDGE_LOOP('',(#10978,#10987,#10995,#11002));
#10978 = ORIENTED_EDGE('',*,*,#10979,.F.);
#10979 = EDGE_CURVE('',#10980,#10980,#10982,.T.);
#10980 = VERTEX_POINT('',#10981);
#10981 = CARTESIAN_POINT('',(3.,10.,21.55));
#10982 = CIRCLE('',#10983,0.1);
#10983 = AXIS2_PLACEMENT_3D('',#10984,#10985,#10986);
#10984 = CARTESIAN_POINT('',(2.9,10.,21.55));
#10985 = DIRECTION('',(0.,0.,1.));
#10986 = DIRECTION('',(1.,0.,0.));
#10987 = ORIENTED_EDGE('',*,*,#10988,.F.);
#10988 = EDGE_CURVE('',#10989,#10980,#10991,.T.);
#10989 = VERTEX_POINT('',#10990);
#10990 = CARTESIAN_POINT('',(3.,10.,5.));
#10991 = LINE('',#10992,#10993);
#10992 = CARTESIAN_POINT('',(3.,10.,5.));
#10993 = VECTOR('',#10994,1.);
#10994 = DIRECTION('',(0.,0.,1.));
#10995 = ORIENTED_EDGE('',*,*,#10996,.T.);
#10996 = EDGE_CURVE('',#10989,#10989,#10997,.T.);
#10997 = CIRCLE('',#10998,0.1);
#10998 = AXIS2_PLACEMENT_3D('',#10999,#11000,#11001);
#10999 = CARTESIAN_POINT('',(2.9,10.,5.));
#11000 = DIRECTION('',(0.,0.,1.));
#11001 = DIRECTION('',(1.,0.,0.));
#11002 = ORIENTED_EDGE('',*,*,#10988,.T.);
#11003 = CYLINDRICAL_SURFACE('',#11004,0.1);
#11004 = AXIS2_PLACEMENT_3D('',#11005,#11006,#11007);
#11005 = CARTESIAN_POINT('',(2.9,10.,5.));
#11006 = DIRECTION('',(0.,0.,1.));
#11007 = DIRECTION('',(1.,0.,0.));
#11008 = ADVANCED_FACE('',(#11009),#11012,.T.);
#11009 = FACE_BOUND('',#11010,.T.);
#11010 = EDGE_LOOP('',(#11011));
#11011 = ORIENTED_EDGE('',*,*,#10979,.T.);
#11012 = PLANE('',#11013);
#11013 = AXIS2_PLACEMENT_3D('',#11014,#11015,#11016);
#11014 = CARTESIAN_POINT('',(2.9,10.,21.55));
#11015 = DIRECTION('',(0.,0.,1.));
#11016 = DIRECTION('',(1.,0.,0.));
#11017 = ADVANCED_FACE('',(#11018),#11021,.F.);
#11018 = FACE_BOUND('',#11019,.T.);
#11019 = EDGE_LOOP('',(#11020));
#11020 = ORIENTED_EDGE('',*,*,#10996,.F.);
#11021 = PLANE('',#11022);
#11022 = AXIS2_PLACEMENT_3D('',#11023,#11024,#11025);
#11023 = CARTESIAN_POINT('',(2.9,10.,5.));
#11024 = DIRECTION('',(0.,0.,1.));
#11025 = DIRECTION('',(1.,0.,0.));
#11026 = MANIFOLD_SOLID_BREP('',#11027);
#11027 = CLOSED_SHELL('',(#11028,#11061,#11070));
#11028 = ADVANCED_FACE('',(#11029),#11056,.T.);
#11029 = FACE_BOUND('',#11030,.T.);
#11030 = EDGE_LOOP('',(#11031,#11040,#11048,#11055));
#11031 = ORIENTED_EDGE('',*,*,#11032,.F.);
#11032 = EDGE_CURVE('',#11033,#11033,#11035,.T.);
#11033 = VERTEX_POINT('',#11034);
#11034 = CARTESIAN_POINT('',(2.9,8.5,21.45));
#11035 = CIRCLE('',#11036,0.1);
#11036 = AXIS2_PLACEMENT_3D('',#11037,#11038,#11039);
#11037 = CARTESIAN_POINT('',(2.9,8.5,21.55));
#11038 = DIRECTION('',(0.,-1.,0.));
#11039 = DIRECTION('',(0.,0.,-1.));
#11040 = ORIENTED_EDGE('',*,*,#11041,.F.);
#11041 = EDGE_CURVE('',#11042,#11033,#11044,.T.);
#11042 = VERTEX_POINT('',#11043);
#11043 = CARTESIAN_POINT('',(2.9,10.,21.45));
#11044 = LINE('',#11045,#11046);
#11045 = CARTESIAN_POINT('',(2.9,10.,21.45));
#11046 = VECTOR('',#11047,1.);
#11047 = DIRECTION('',(0.,-1.,0.));
#11048 = ORIENTED_EDGE('',*,*,#11049,.T.);
#11049 = EDGE_CURVE('',#11042,#11042,#11050,.T.);
#11050 = CIRCLE('',#11051,0.1);
#11051 = AXIS2_PLACEMENT_3D('',#11052,#11053,#11054);
#11052 = CARTESIAN_POINT('',(2.9,10.,21.55));
#11053 = DIRECTION('',(0.,-1.,0.));
#11054 = DIRECTION('',(0.,0.,-1.));
#11055 = ORIENTED_EDGE('',*,*,#11041,.T.);
#11056 = CYLINDRICAL_SURFACE('',#11057,0.1);
#11057 = AXIS2_PLACEMENT_3D('',#11058,#11059,#11060);
#11058 = CARTESIAN_POINT('',(2.9,10.,21.55));
#11059 = DIRECTION('',(0.,-1.,0.));
#11060 = DIRECTION('',(0.,0.,-1.));
#11061 = ADVANCED_FACE('',(#11062),#11065,.T.);
#11062 = FACE_BOUND('',#11063,.T.);
#11063 = EDGE_LOOP('',(#11064));
#11064 = ORIENTED_EDGE('',*,*,#11032,.T.);
#11065 = PLANE('',#11066);
#11066 = AXIS2_PLACEMENT_3D('',#11067,#11068,#11069);
#11067 = CARTESIAN_POINT('',(2.9,8.5,21.55));
#11068 = DIRECTION('',(0.,-1.,0.));
#11069 = DIRECTION('',(0.,0.,-1.));
#11070 = ADVANCED_FACE('',(#11071),#11074,.F.);
#11071 = FACE_BOUND('',#11072,.T.);
#11072 = EDGE_LOOP('',(#11073));
#11073 = ORIENTED_EDGE('',*,*,#11049,.F.);
#11074 = PLANE('',#11075);
#11075 = AXIS2_PLACEMENT_3D('',#11076,#11077,#11078);
#11076 = CARTESIAN_POINT('',(2.9,10.,21.55));
#11077 = DIRECTION('',(0.,-1.,0.));
#11078 = DIRECTION('',(0.,0.,-1.));
#11079 = MANIFOLD_SOLID_BREP('',#11080);
#11080 = CLOSED_SHELL('',(#11081,#11125,#11280,#11424,#11557,#11599,
    #11609,#11625));
#11081 = ADVANCED_FACE('',(#11082),#11120,.T.);
#11082 = FACE_BOUND('',#11083,.T.);
#11083 = EDGE_LOOP('',(#11084,#11098,#11110));
#11084 = ORIENTED_EDGE('',*,*,#11085,.F.);
#11085 = EDGE_CURVE('',#11086,#11088,#11090,.T.);
#11086 = VERTEX_POINT('',#11087);
#11087 = CARTESIAN_POINT('',(-4.1,5.6,23.33));
#11088 = VERTEX_POINT('',#11089);
#11089 = CARTESIAN_POINT('',(-3.972151085483,5.576448884168,23.2));
#11090 = ( BOUNDED_CURVE() B_SPLINE_CURVE(6,(#11091,#11092,#11093,#11094
    ,#11095,#11096,#11097),.UNSPECIFIED.,.T.,.F.) 
B_SPLINE_CURVE_WITH_KNOTS((1,6,6,1),(-6.28318530718,0.,6.28318530718,
12.566370614359),.UNSPECIFIED.) CURVE() GEOMETRIC_REPRESENTATION_ITEM() 
RATIONAL_B_SPLINE_CURVE((1.669078461068,1.03672962321,1.038346699848,
    0.853534330196,1.038346699848,1.03672962321,1.669078461068)) 
REPRESENTATION_ITEM('') );
#11091 = CARTESIAN_POINT('',(-3.972151085483,5.576448884168,23.2));
#11092 = CARTESIAN_POINT('',(-3.972151085483,5.576448884168,
    22.983999400176));
#11093 = CARTESIAN_POINT('',(-4.234822841467,5.624835786586,
    22.952985390178));
#11094 = CARTESIAN_POINT('',(-4.45147161423,5.664744771042,23.2));
#11095 = CARTESIAN_POINT('',(-4.234822841467,5.624835786586,
    23.447014609822));
#11096 = CARTESIAN_POINT('',(-3.972151085483,5.576448884168,
    23.416000599824));
#11097 = CARTESIAN_POINT('',(-3.972151085483,5.576448884168,23.2));
#11098 = ORIENTED_EDGE('',*,*,#11099,.F.);
#11099 = EDGE_CURVE('',#11100,#11086,#11102,.T.);
#11100 = VERTEX_POINT('',#11101);
#11101 = CARTESIAN_POINT('',(-4.1,5.6,23.07));
#11102 = ( BOUNDED_CURVE() B_SPLINE_CURVE(6,(#11103,#11104,#11105,#11106
    ,#11107,#11108,#11109),.UNSPECIFIED.,.T.,.F.) 
B_SPLINE_CURVE_WITH_KNOTS((1,6,6,1),(-6.28318530718,0.,6.28318530718,
12.566370614359),.UNSPECIFIED.) CURVE() GEOMETRIC_REPRESENTATION_ITEM() 
RATIONAL_B_SPLINE_CURVE((1.669078461068,1.03672962321,1.038346699848,
    0.853534330196,1.038346699848,1.03672962321,1.669078461068)) 
REPRESENTATION_ITEM('') );
#11103 = CARTESIAN_POINT('',(-3.972151085483,5.576448884168,23.2));
#11104 = CARTESIAN_POINT('',(-3.972151085483,5.576448884168,
    22.983999400176));
#11105 = CARTESIAN_POINT('',(-4.234822841467,5.624835786586,
    22.952985390178));
#11106 = CARTESIAN_POINT('',(-4.45147161423,5.664744771042,23.2));
#11107 = CARTESIAN_POINT('',(-4.234822841467,5.624835786586,
    23.447014609822));
#11108 = CARTESIAN_POINT('',(-3.972151085483,5.576448884168,
    23.416000599824));
#11109 = CARTESIAN_POINT('',(-3.972151085483,5.576448884168,23.2));
#11110 = ORIENTED_EDGE('',*,*,#11111,.F.);
#11111 = EDGE_CURVE('',#11088,#11100,#11112,.T.);
#11112 = ( BOUNDED_CURVE() B_SPLINE_CURVE(6,(#11113,#11114,#11115,#11116
    ,#11117,#11118,#11119),.UNSPECIFIED.,.T.,.F.) 
B_SPLINE_CURVE_WITH_KNOTS((1,6,6,1),(-6.28318530718,0.,6.28318530718,
12.566370614359),.UNSPECIFIED.) CURVE() GEOMETRIC_REPRESENTATION_ITEM() 
RATIONAL_B_SPLINE_CURVE((1.669078461068,1.03672962321,1.038346699848,
    0.853534330196,1.038346699848,1.03672962321,1.669078461068)) 
REPRESENTATION_ITEM('') );
#11113 = CARTESIAN_POINT('',(-3.972151085483,5.576448884168,23.2));
#11114 = CARTESIAN_POINT('',(-3.972151085483,5.576448884168,
    22.983999400176));
#11115 = CARTESIAN_POINT('',(-4.234822841467,5.624835786586,
    22.952985390178));
#11116 = CARTESIAN_POINT('',(-4.45147161423,5.664744771042,23.2));
#11117 = CARTESIAN_POINT('',(-4.234822841467,5.624835786586,
    23.447014609822));
#11118 = CARTESIAN_POINT('',(-3.972151085483,5.576448884168,
    23.416000599824));
#11119 = CARTESIAN_POINT('',(-3.972151085483,5.576448884168,23.2));
#11120 = SPHERICAL_SURFACE('',#11121,0.13);
#11121 = AXIS2_PLACEMENT_3D('',#11122,#11123,#11124);
#11122 = CARTESIAN_POINT('',(-4.1,5.6,23.2));
#11123 = DIRECTION('',(0.,0.,1.));
#11124 = DIRECTION('',(1.,0.,0.));
#11125 = ADVANCED_FACE('',(#11126),#11195,.T.);
#11126 = FACE_BOUND('',#11127,.T.);
#11127 = EDGE_LOOP('',(#11128,#11129,#11130,#11131,#11148,#11160,#11172,
    #11184,#11194));
#11128 = ORIENTED_EDGE('',*,*,#11111,.T.);
#11129 = ORIENTED_EDGE('',*,*,#11099,.T.);
#11130 = ORIENTED_EDGE('',*,*,#11085,.T.);
#11131 = ORIENTED_EDGE('',*,*,#11132,.T.);
#11132 = EDGE_CURVE('',#11088,#11133,#11135,.T.);
#11133 = VERTEX_POINT('',#11134);
#11134 = CARTESIAN_POINT('',(3.687128391524,6.535501938014,23.2));
#11135 = ( BOUNDED_CURVE() B_SPLINE_CURVE(11,(#11136,#11137,#11138,
    #11139,#11140,#11141,#11142,#11143,#11144,#11145,#11146,#11147),
.UNSPECIFIED.,.F.,.F.) B_SPLINE_CURVE_WITH_KNOTS((12,12),(0.,1.),
.PIECEWISE_BEZIER_KNOTS.) CURVE() GEOMETRIC_REPRESENTATION_ITEM() 
RATIONAL_B_SPLINE_CURVE((1.669078461068,1.669078461068,1.669078461068,
    1.669078461068,1.669078461068,1.669078461068,1.669078461068,
    1.669078461068,1.669078461068,1.669078461068,1.669078461068,
1.669078461068)) REPRESENTATION_ITEM('') );
#11136 = CARTESIAN_POINT('',(-3.972151085483,5.576448884168,23.2));
#11137 = CARTESIAN_POINT('',(-3.787345236916,6.579680633533,23.2));
#11138 = CARTESIAN_POINT('',(-3.345521614435,7.37298092802,23.2));
#11139 = CARTESIAN_POINT('',(-2.703167261135,7.96876518202,23.2));
#11140 = CARTESIAN_POINT('',(-1.915943111024,8.392957197563,23.2));
#11141 = CARTESIAN_POINT('',(-0.985971615779,8.642460132167,23.2));
#11142 = CARTESIAN_POINT('',(-3.106096479843E-02,8.689085145663,23.2));
#11143 = CARTESIAN_POINT('',(0.937998878605,8.585233422461,23.2));
#11144 = CARTESIAN_POINT('',(1.846817984296,8.298325692221,23.2));
#11145 = CARTESIAN_POINT('',(2.639260082113,7.856384744774,23.2));
#11146 = CARTESIAN_POINT('',(3.268445342782,7.268197273312,23.2));
#11147 = CARTESIAN_POINT('',(3.687128391524,6.535501938014,23.2));
#11148 = ORIENTED_EDGE('',*,*,#11149,.F.);
#11149 = EDGE_CURVE('',#11150,#11133,#11152,.T.);
#11150 = VERTEX_POINT('',#11151);
#11151 = CARTESIAN_POINT('',(3.8,6.6,23.33));
#11152 = ( BOUNDED_CURVE() B_SPLINE_CURVE(6,(#11153,#11154,#11155,#11156
    ,#11157,#11158,#11159),.UNSPECIFIED.,.T.,.F.) 
B_SPLINE_CURVE_WITH_KNOTS((1,6,6,1),(-6.28318530718,0.,6.28318530718,
12.566370614359),.UNSPECIFIED.) CURVE() GEOMETRIC_REPRESENTATION_ITEM() 
RATIONAL_B_SPLINE_CURVE((1.669078461068,1.03672962321,1.038346699848,
    0.853534330196,1.038346699848,1.03672962321,1.669078461068)) 
REPRESENTATION_ITEM('') );
#11153 = CARTESIAN_POINT('',(3.687128391524,6.535501938014,23.2));
#11154 = CARTESIAN_POINT('',(3.687128391524,6.535501938014,
    22.983999400176));
#11155 = CARTESIAN_POINT('',(3.919028550483,6.668016314562,
    22.952985390178));
#11156 = CARTESIAN_POINT('',(4.110297248763,6.777312713579,23.2));
#11157 = CARTESIAN_POINT('',(3.919028550483,6.668016314562,
    23.447014609822));
#11158 = CARTESIAN_POINT('',(3.687128391524,6.535501938014,
    23.416000599824));
#11159 = CARTESIAN_POINT('',(3.687128391524,6.535501938014,23.2));
#11160 = ORIENTED_EDGE('',*,*,#11161,.F.);
#11161 = EDGE_CURVE('',#11162,#11150,#11164,.T.);
#11162 = VERTEX_POINT('',#11163);
#11163 = CARTESIAN_POINT('',(3.912871608476,6.664498061986,23.2));
#11164 = ( BOUNDED_CURVE() B_SPLINE_CURVE(6,(#11165,#11166,#11167,#11168
    ,#11169,#11170,#11171),.UNSPECIFIED.,.T.,.F.) 
B_SPLINE_CURVE_WITH_KNOTS((1,6,6,1),(-6.28318530718,0.,6.28318530718,
12.566370614359),.UNSPECIFIED.) CURVE() GEOMETRIC_REPRESENTATION_ITEM() 
RATIONAL_B_SPLINE_CURVE((1.669078461068,1.03672962321,1.038346699848,
    0.853534330196,1.038346699848,1.03672962321,1.669078461068)) 
REPRESENTATION_ITEM('') );
#11165 = CARTESIAN_POINT('',(3.687128391524,6.535501938014,23.2));
#11166 = CARTESIAN_POINT('',(3.687128391524,6.535501938014,
    22.983999400176));
#11167 = CARTESIAN_POINT('',(3.919028550483,6.668016314562,
    22.952985390178));
#11168 = CARTESIAN_POINT('',(4.110297248763,6.777312713579,23.2));
#11169 = CARTESIAN_POINT('',(3.919028550483,6.668016314562,
    23.447014609822));
#11170 = CARTESIAN_POINT('',(3.687128391524,6.535501938014,
    23.416000599824));
#11171 = CARTESIAN_POINT('',(3.687128391524,6.535501938014,23.2));
#11172 = ORIENTED_EDGE('',*,*,#11173,.F.);
#11173 = EDGE_CURVE('',#11174,#11162,#11176,.T.);
#11174 = VERTEX_POINT('',#11175);
#11175 = CARTESIAN_POINT('',(3.8,6.6,23.07));
#11176 = ( BOUNDED_CURVE() B_SPLINE_CURVE(6,(#11177,#11178,#11179,#11180
    ,#11181,#11182,#11183),.UNSPECIFIED.,.T.,.F.) 
B_SPLINE_CURVE_WITH_KNOTS((1,6,6,1),(-6.28318530718,0.,6.28318530718,
12.566370614359),.UNSPECIFIED.) CURVE() GEOMETRIC_REPRESENTATION_ITEM() 
RATIONAL_B_SPLINE_CURVE((1.669078461068,1.03672962321,1.038346699848,
    0.853534330196,1.038346699848,1.03672962321,1.669078461068)) 
REPRESENTATION_ITEM('') );
#11177 = CARTESIAN_POINT('',(3.687128391524,6.535501938014,23.2));
#11178 = CARTESIAN_POINT('',(3.687128391524,6.535501938014,
    22.983999400176));
#11179 = CARTESIAN_POINT('',(3.919028550483,6.668016314562,
    22.952985390178));
#11180 = CARTESIAN_POINT('',(4.110297248763,6.777312713579,23.2));
#11181 = CARTESIAN_POINT('',(3.919028550483,6.668016314562,
    23.447014609822));
#11182 = CARTESIAN_POINT('',(3.687128391524,6.535501938014,
    23.416000599824));
#11183 = CARTESIAN_POINT('',(3.687128391524,6.535501938014,23.2));
#11184 = ORIENTED_EDGE('',*,*,#11185,.F.);
#11185 = EDGE_CURVE('',#11133,#11174,#11186,.T.);
#11186 = ( BOUNDED_CURVE() B_SPLINE_CURVE(6,(#11187,#11188,#11189,#11190
    ,#11191,#11192,#11193),.UNSPECIFIED.,.T.,.F.) 
B_SPLINE_CURVE_WITH_KNOTS((1,6,6,1),(-6.28318530718,0.,6.28318530718,
12.566370614359),.UNSPECIFIED.) CURVE() GEOMETRIC_REPRESENTATION_ITEM() 
RATIONAL_B_SPLINE_CURVE((1.669078461068,1.03672962321,1.038346699848,
    0.853534330196,1.038346699848,1.03672962321,1.669078461068)) 
REPRESENTATION_ITEM('') );
#11187 = CARTESIAN_POINT('',(3.687128391524,6.535501938014,23.2));
#11188 = CARTESIAN_POINT('',(3.687128391524,6.535501938014,
    22.983999400176));
#11189 = CARTESIAN_POINT('',(3.919028550483,6.668016314562,
    22.952985390178));
#11190 = CARTESIAN_POINT('',(4.110297248763,6.777312713579,23.2));
#11191 = CARTESIAN_POINT('',(3.919028550483,6.668016314562,
    23.447014609822));
#11192 = CARTESIAN_POINT('',(3.687128391524,6.535501938014,
    23.416000599824));
#11193 = CARTESIAN_POINT('',(3.687128391524,6.535501938014,23.2));
#11194 = ORIENTED_EDGE('',*,*,#11132,.F.);
#11195 = ( BOUNDED_SURFACE() B_SPLINE_SURFACE(6,11,(
    (#11196,#11197,#11198,#11199,#11200,#11201,#11202,#11203,#11204
      ,#11205,#11206,#11207)
    ,(#11208,#11209,#11210,#11211,#11212,#11213,#11214,#11215,#11216
      ,#11217,#11218,#11219)
    ,(#11220,#11221,#11222,#11223,#11224,#11225,#11226,#11227,#11228
      ,#11229,#11230,#11231)
    ,(#11232,#11233,#11234,#11235,#11236,#11237,#11238,#11239,#11240
      ,#11241,#11242,#11243)
    ,(#11244,#11245,#11246,#11247,#11248,#11249,#11250,#11251,#11252
      ,#11253,#11254,#11255)
    ,(#11256,#11257,#11258,#11259,#11260,#11261,#11262,#11263,#11264
      ,#11265,#11266,#11267)
    ,(#11268,#11269,#11270,#11271,#11272,#11273,#11274,#11275,#11276
      ,#11277,#11278,#11279
)),.UNSPECIFIED.,.T.,.F.,.F.) B_SPLINE_SURFACE_WITH_KNOTS((1,6,6,1),(12,
    12),(-6.28318530718,0.,6.28318530718,12.566370614359),(0.,1.),
.UNSPECIFIED.) GEOMETRIC_REPRESENTATION_ITEM() RATIONAL_B_SPLINE_SURFACE
((
    (1.669078461068,1.669078461068,1.669078461068,1.669078461068
      ,1.669078461068,1.669078461068,1.669078461068,1.669078461068
      ,1.669078461068,1.669078461068,1.669078461068,1.669078461068)
    ,(1.03672962321,1.03672962321,1.03672962321,1.03672962321
      ,1.03672962321,1.03672962321,1.036729623209,1.03672962321
      ,1.03672962321,1.03672962321,1.03672962321,1.03672962321)
    ,(1.038346699848,1.038346699847,1.038346699848,1.038346699847
      ,1.038346699848,1.038346699847,1.038346699848,1.038346699847
      ,1.038346699848,1.038346699847,1.038346699848,1.038346699848)
    ,(0.853534330196,0.853534330196,0.853534330196,0.853534330196
      ,0.853534330196,0.853534330197,0.853534330196,0.853534330196
      ,0.853534330196,0.853534330196,0.853534330196,0.853534330196)
    ,(1.038346699848,1.038346699847,1.038346699848,1.038346699847
      ,1.038346699848,1.038346699847,1.038346699848,1.038346699847
      ,1.038346699848,1.038346699847,1.038346699848,1.038346699848)
    ,(1.03672962321,1.03672962321,1.03672962321,1.03672962321
      ,1.03672962321,1.03672962321,1.03672962321,1.03672962321
      ,1.03672962321,1.03672962321,1.03672962321,1.03672962321)
    ,(1.669078461068,1.669078461068,1.669078461068,1.669078461068
      ,1.669078461068,1.669078461068,1.669078461068,1.669078461068
      ,1.669078461068,1.669078461068,1.669078461068,1.669078461068
))) REPRESENTATION_ITEM('') SURFACE() );
#11196 = CARTESIAN_POINT('',(-3.972151085483,5.576448884168,23.2));
#11197 = CARTESIAN_POINT('',(-3.787345236916,6.579680633533,23.2));
#11198 = CARTESIAN_POINT('',(-3.345521614435,7.37298092802,23.2));
#11199 = CARTESIAN_POINT('',(-2.703167261135,7.96876518202,23.2));
#11200 = CARTESIAN_POINT('',(-1.915943111024,8.392957197563,23.2));
#11201 = CARTESIAN_POINT('',(-0.985971615779,8.642460132167,23.2));
#11202 = CARTESIAN_POINT('',(-3.106096479843E-02,8.689085145663,23.2));
#11203 = CARTESIAN_POINT('',(0.937998878605,8.585233422461,23.2));
#11204 = CARTESIAN_POINT('',(1.846817984296,8.298325692221,23.2));
#11205 = CARTESIAN_POINT('',(2.639260082113,7.856384744774,23.2));
#11206 = CARTESIAN_POINT('',(3.268445342782,7.268197273312,23.2));
#11207 = CARTESIAN_POINT('',(3.687128391524,6.535501938014,23.2));
#11208 = CARTESIAN_POINT('',(-3.972151085483,5.576448884168,
    22.983999400176));
#11209 = CARTESIAN_POINT('',(-3.787345236916,6.579680633533,
    22.983999400176));
#11210 = CARTESIAN_POINT('',(-3.345521614435,7.37298092802,
    22.983999400176));
#11211 = CARTESIAN_POINT('',(-2.703167261135,7.968765182021,
    22.983999400176));
#11212 = CARTESIAN_POINT('',(-1.915943111024,8.392957197563,
    22.983999400176));
#11213 = CARTESIAN_POINT('',(-0.98597161578,8.642460132167,
    22.983999400176));
#11214 = CARTESIAN_POINT('',(-3.10609647975E-02,8.689085145662,
    22.983999400176));
#11215 = CARTESIAN_POINT('',(0.937998878604,8.585233422461,
    22.983999400176));
#11216 = CARTESIAN_POINT('',(1.846817984297,8.298325692221,
    22.983999400176));
#11217 = CARTESIAN_POINT('',(2.639260082113,7.856384744774,
    22.983999400176));
#11218 = CARTESIAN_POINT('',(3.268445342782,7.268197273312,
    22.983999400176));
#11219 = CARTESIAN_POINT('',(3.687128391524,6.535501938014,
    22.983999400176));
#11220 = CARTESIAN_POINT('',(-4.234822841467,5.624835786586,
    22.952985390178));
#11221 = CARTESIAN_POINT('',(-4.03747758739,6.696138594434,
    22.952985390178));
#11222 = CARTESIAN_POINT('',(-3.562045263531,7.562972431393,
    22.952985390178));
#11223 = CARTESIAN_POINT('',(-2.859778645023,8.2246964519,
    22.952985390178));
#11224 = CARTESIAN_POINT('',(-1.982801678842,8.666424564647,
    22.952985390178));
#11225 = CARTESIAN_POINT('',(-1.039697221627,8.903874346486,
    22.952985390178));
#11226 = CARTESIAN_POINT('',(-1.705194463839E-02,8.979224095023,
    22.952985390178));
#11227 = CARTESIAN_POINT('',(0.985691604202,8.849666043275,
    22.952985390178));
#11228 = CARTESIAN_POINT('',(1.936160106884,8.562008409041,
    22.952985390178));
#11229 = CARTESIAN_POINT('',(2.782730881325,8.099151617229,
    22.952985390178));
#11230 = CARTESIAN_POINT('',(3.464019882435,7.464281483645,
    22.952985390178));
#11231 = CARTESIAN_POINT('',(3.919028550483,6.668016314562,
    22.952985390178));
#11232 = CARTESIAN_POINT('',(-4.45147161423,5.664744771042,23.2));
#11233 = CARTESIAN_POINT('',(-4.243783996526,6.79219183858,23.2));
#11234 = CARTESIAN_POINT('',(-3.740631585748,7.71967533189,23.2));
#11235 = CARTESIAN_POINT('',(-2.988949990426,8.435785745926,23.2));
#11236 = CARTESIAN_POINT('',(-2.037945889581,8.891977438604,23.2));
#11237 = CARTESIAN_POINT('',(-1.084009509899,9.119485912728,23.2));
#11238 = CARTESIAN_POINT('',(-5.497459027433E-03,9.218527506517,23.2));
#11239 = CARTESIAN_POINT('',(1.025028039259,9.067767157965,23.2));
#11240 = CARTESIAN_POINT('',(2.009848506089,8.779491011174,23.2));
#11241 = CARTESIAN_POINT('',(2.901064017144,8.299383061178,23.2));
#11242 = CARTESIAN_POINT('',(3.625327609796,7.626009581771,23.2));
#11243 = CARTESIAN_POINT('',(4.110297248763,6.777312713579,23.2));
#11244 = CARTESIAN_POINT('',(-4.234822841467,5.624835786586,
    23.447014609822));
#11245 = CARTESIAN_POINT('',(-4.03747758739,6.696138594434,
    23.447014609822));
#11246 = CARTESIAN_POINT('',(-3.562045263531,7.562972431393,
    23.447014609822));
#11247 = CARTESIAN_POINT('',(-2.859778645023,8.2246964519,
    23.447014609822));
#11248 = CARTESIAN_POINT('',(-1.982801678842,8.666424564647,
    23.447014609822));
#11249 = CARTESIAN_POINT('',(-1.039697221626,8.903874346486,
    23.447014609822));
#11250 = CARTESIAN_POINT('',(-1.705194463921E-02,8.979224095023,
    23.447014609822));
#11251 = CARTESIAN_POINT('',(0.985691604203,8.849666043275,
    23.447014609822));
#11252 = CARTESIAN_POINT('',(1.936160106884,8.562008409041,
    23.447014609822));
#11253 = CARTESIAN_POINT('',(2.782730881326,8.099151617229,
    23.447014609822));
#11254 = CARTESIAN_POINT('',(3.464019882435,7.464281483645,
    23.447014609822));
#11255 = CARTESIAN_POINT('',(3.919028550483,6.668016314562,
    23.447014609822));
#11256 = CARTESIAN_POINT('',(-3.972151085483,5.576448884168,
    23.416000599824));
#11257 = CARTESIAN_POINT('',(-3.787345236916,6.579680633533,
    23.416000599824));
#11258 = CARTESIAN_POINT('',(-3.345521614435,7.37298092802,
    23.416000599824));
#11259 = CARTESIAN_POINT('',(-2.703167261135,7.968765182021,
    23.416000599824));
#11260 = CARTESIAN_POINT('',(-1.915943111023,8.392957197563,
    23.416000599824));
#11261 = CARTESIAN_POINT('',(-0.98597161578,8.642460132167,
    23.416000599824));
#11262 = CARTESIAN_POINT('',(-3.106096479723E-02,8.689085145662,
    23.416000599824));
#11263 = CARTESIAN_POINT('',(0.937998878604,8.585233422461,
    23.416000599824));
#11264 = CARTESIAN_POINT('',(1.846817984297,8.298325692221,
    23.416000599824));
#11265 = CARTESIAN_POINT('',(2.639260082113,7.856384744774,
    23.416000599824));
#11266 = CARTESIAN_POINT('',(3.268445342782,7.268197273312,
    23.416000599824));
#11267 = CARTESIAN_POINT('',(3.687128391524,6.535501938014,
    23.416000599824));
#11268 = CARTESIAN_POINT('',(-3.972151085483,5.576448884168,23.2));
#11269 = CARTESIAN_POINT('',(-3.787345236916,6.579680633533,23.2));
#11270 = CARTESIAN_POINT('',(-3.345521614435,7.37298092802,23.2));
#11271 = CARTESIAN_POINT('',(-2.703167261135,7.96876518202,23.2));
#11272 = CARTESIAN_POINT('',(-1.915943111024,8.392957197563,23.2));
#11273 = CARTESIAN_POINT('',(-0.985971615779,8.642460132167,23.2));
#11274 = CARTESIAN_POINT('',(-3.106096479843E-02,8.689085145663,23.2));
#11275 = CARTESIAN_POINT('',(0.937998878605,8.585233422461,23.2));
#11276 = CARTESIAN_POINT('',(1.846817984296,8.298325692221,23.2));
#11277 = CARTESIAN_POINT('',(2.639260082113,7.856384744774,23.2));
#11278 = CARTESIAN_POINT('',(3.268445342782,7.268197273312,23.2));
#11279 = CARTESIAN_POINT('',(3.687128391524,6.535501938014,23.2));
#11280 = ADVANCED_FACE('',(#11281),#11339,.T.);
#11281 = FACE_BOUND('',#11282,.T.);
#11282 = EDGE_LOOP('',(#11283,#11284,#11285,#11286,#11303,#11315,#11327,
    #11337,#11338));
#11283 = ORIENTED_EDGE('',*,*,#11149,.T.);
#11284 = ORIENTED_EDGE('',*,*,#11185,.T.);
#11285 = ORIENTED_EDGE('',*,*,#11173,.T.);
#11286 = ORIENTED_EDGE('',*,*,#11287,.T.);
#11287 = EDGE_CURVE('',#11162,#11288,#11290,.T.);
#11288 = VERTEX_POINT('',#11289);
#11289 = CARTESIAN_POINT('',(1.296003114211,-0.787655017323,23.2));
#11290 = ( BOUNDED_CURVE() B_SPLINE_CURVE(11,(#11291,#11292,#11293,
    #11294,#11295,#11296,#11297,#11298,#11299,#11300,#11301,#11302),
.UNSPECIFIED.,.F.,.F.) B_SPLINE_CURVE_WITH_KNOTS((12,12),(0.,1.),
.PIECEWISE_BEZIER_KNOTS.) CURVE() GEOMETRIC_REPRESENTATION_ITEM() 
RATIONAL_B_SPLINE_CURVE((1.669078461068,1.669078461068,1.669078461068,
    1.669078461068,1.669078461068,1.669078461068,1.669078461068,
    1.669078461068,1.669078461068,1.669078461068,1.669078461068,
1.669078461068)) REPRESENTATION_ITEM('') );
#11291 = CARTESIAN_POINT('',(3.912871608476,6.664498061986,23.2));
#11292 = CARTESIAN_POINT('',(4.359834576705,5.882312867586,23.2));
#11293 = CARTESIAN_POINT('',(4.603682679713,5.127340257529,23.2));
#11294 = CARTESIAN_POINT('',(4.663905459395,4.395977943626,23.2));
#11295 = CARTESIAN_POINT('',(4.560051140932,3.681296860091,23.2));
#11296 = CARTESIAN_POINT('',(4.300183453129,3.008086279788,23.2));
#11297 = CARTESIAN_POINT('',(3.955091755076,2.355870407335,23.2));
#11298 = CARTESIAN_POINT('',(3.504036851858,1.714206696624,23.2));
#11299 = CARTESIAN_POINT('',(2.996001506648,1.08651756993,23.2));
#11300 = CARTESIAN_POINT('',(2.442402415417,0.462473910294,23.2));
#11301 = CARTESIAN_POINT('',(1.86838535313,-0.16076018422,23.2));
#11302 = CARTESIAN_POINT('',(1.296003114211,-0.787655017323,23.2));
#11303 = ORIENTED_EDGE('',*,*,#11304,.F.);
#11304 = EDGE_CURVE('',#11305,#11288,#11307,.T.);
#11305 = VERTEX_POINT('',#11306);
#11306 = CARTESIAN_POINT('',(1.2,-0.7,23.07));
#11307 = ( BOUNDED_CURVE() B_SPLINE_CURVE(6,(#11308,#11309,#11310,#11311
    ,#11312,#11313,#11314),.UNSPECIFIED.,.T.,.F.) 
B_SPLINE_CURVE_WITH_KNOTS((1,6,6,1),(-6.28318530718,0.,6.28318530718,
12.566370614359),.UNSPECIFIED.) CURVE() GEOMETRIC_REPRESENTATION_ITEM() 
RATIONAL_B_SPLINE_CURVE((1.669078461068,1.03672962321,1.038346699848,
    0.853534330196,1.038346699848,1.03672962321,1.669078461068)) 
REPRESENTATION_ITEM('') );
#11308 = CARTESIAN_POINT('',(1.296003114211,-0.787655017323,23.2));
#11309 = CARTESIAN_POINT('',(1.296003114211,-0.787655017323,
    23.416000599824));
#11310 = CARTESIAN_POINT('',(1.098760089622,-0.60756356009,
    23.447014609822));
#11311 = CARTESIAN_POINT('',(0.936076214254,-0.459026108667,23.2));
#11312 = CARTESIAN_POINT('',(1.098760089622,-0.60756356009,
    22.952985390178));
#11313 = CARTESIAN_POINT('',(1.296003114211,-0.787655017323,
    22.983999400176));
#11314 = CARTESIAN_POINT('',(1.296003114211,-0.787655017323,23.2));
#11315 = ORIENTED_EDGE('',*,*,#11316,.F.);
#11316 = EDGE_CURVE('',#11317,#11305,#11319,.T.);
#11317 = VERTEX_POINT('',#11318);
#11318 = CARTESIAN_POINT('',(1.2,-0.7,23.33));
#11319 = ( BOUNDED_CURVE() B_SPLINE_CURVE(6,(#11320,#11321,#11322,#11323
    ,#11324,#11325,#11326),.UNSPECIFIED.,.T.,.F.) 
B_SPLINE_CURVE_WITH_KNOTS((1,6,6,1),(-6.28318530718,0.,6.28318530718,
12.566370614359),.UNSPECIFIED.) CURVE() GEOMETRIC_REPRESENTATION_ITEM() 
RATIONAL_B_SPLINE_CURVE((1.669078461068,1.03672962321,1.038346699848,
    0.853534330196,1.038346699848,1.03672962321,1.669078461068)) 
REPRESENTATION_ITEM('') );
#11320 = CARTESIAN_POINT('',(1.296003114211,-0.787655017323,23.2));
#11321 = CARTESIAN_POINT('',(1.296003114211,-0.787655017323,
    23.416000599824));
#11322 = CARTESIAN_POINT('',(1.098760089622,-0.60756356009,
    23.447014609822));
#11323 = CARTESIAN_POINT('',(0.936076214254,-0.459026108667,23.2));
#11324 = CARTESIAN_POINT('',(1.098760089622,-0.60756356009,
    22.952985390178));
#11325 = CARTESIAN_POINT('',(1.296003114211,-0.787655017323,
    22.983999400176));
#11326 = CARTESIAN_POINT('',(1.296003114211,-0.787655017323,23.2));
#11327 = ORIENTED_EDGE('',*,*,#11328,.F.);
#11328 = EDGE_CURVE('',#11288,#11317,#11329,.T.);
#11329 = ( BOUNDED_CURVE() B_SPLINE_CURVE(6,(#11330,#11331,#11332,#11333
    ,#11334,#11335,#11336),.UNSPECIFIED.,.T.,.F.) 
B_SPLINE_CURVE_WITH_KNOTS((1,6,6,1),(-6.28318530718,0.,6.28318530718,
12.566370614359),.UNSPECIFIED.) CURVE() GEOMETRIC_REPRESENTATION_ITEM() 
RATIONAL_B_SPLINE_CURVE((1.669078461068,1.03672962321,1.038346699848,
    0.853534330196,1.038346699848,1.03672962321,1.669078461068)) 
REPRESENTATION_ITEM('') );
#11330 = CARTESIAN_POINT('',(1.296003114211,-0.787655017323,23.2));
#11331 = CARTESIAN_POINT('',(1.296003114211,-0.787655017323,
    23.416000599824));
#11332 = CARTESIAN_POINT('',(1.098760089622,-0.60756356009,
    23.447014609822));
#11333 = CARTESIAN_POINT('',(0.936076214254,-0.459026108667,23.2));
#11334 = CARTESIAN_POINT('',(1.098760089622,-0.60756356009,
    22.952985390178));
#11335 = CARTESIAN_POINT('',(1.296003114211,-0.787655017323,
    22.983999400176));
#11336 = CARTESIAN_POINT('',(1.296003114211,-0.787655017323,23.2));
#11337 = ORIENTED_EDGE('',*,*,#11287,.F.);
#11338 = ORIENTED_EDGE('',*,*,#11161,.T.);
#11339 = ( BOUNDED_SURFACE() B_SPLINE_SURFACE(6,11,(
    (#11340,#11341,#11342,#11343,#11344,#11345,#11346,#11347,#11348
      ,#11349,#11350,#11351)
    ,(#11352,#11353,#11354,#11355,#11356,#11357,#11358,#11359,#11360
      ,#11361,#11362,#11363)
    ,(#11364,#11365,#11366,#11367,#11368,#11369,#11370,#11371,#11372
      ,#11373,#11374,#11375)
    ,(#11376,#11377,#11378,#11379,#11380,#11381,#11382,#11383,#11384
      ,#11385,#11386,#11387)
    ,(#11388,#11389,#11390,#11391,#11392,#11393,#11394,#11395,#11396
      ,#11397,#11398,#11399)
    ,(#11400,#11401,#11402,#11403,#11404,#11405,#11406,#11407,#11408
      ,#11409,#11410,#11411)
    ,(#11412,#11413,#11414,#11415,#11416,#11417,#11418,#11419,#11420
      ,#11421,#11422,#11423
)),.UNSPECIFIED.,.T.,.F.,.F.) B_SPLINE_SURFACE_WITH_KNOTS((1,6,6,1),(12,
    12),(-6.28318530718,0.,6.28318530718,12.566370614359),(0.,1.),
.UNSPECIFIED.) GEOMETRIC_REPRESENTATION_ITEM() RATIONAL_B_SPLINE_SURFACE
((
    (1.669078461068,1.669078461068,1.669078461068,1.669078461068
      ,1.669078461068,1.669078461068,1.669078461068,1.669078461068
      ,1.669078461068,1.669078461068,1.669078461068,1.669078461068)
    ,(1.03672962321,1.03672962321,1.03672962321,1.03672962321
      ,1.03672962321,1.03672962321,1.036729623209,1.03672962321
      ,1.03672962321,1.03672962321,1.03672962321,1.03672962321)
    ,(1.038346699848,1.038346699847,1.038346699848,1.038346699847
      ,1.038346699848,1.038346699847,1.038346699848,1.038346699847
      ,1.038346699848,1.038346699847,1.038346699848,1.038346699848)
    ,(0.853534330196,0.853534330196,0.853534330196,0.853534330196
      ,0.853534330196,0.853534330197,0.853534330196,0.853534330196
      ,0.853534330196,0.853534330196,0.853534330196,0.853534330196)
    ,(1.038346699848,1.038346699847,1.038346699848,1.038346699847
      ,1.038346699848,1.038346699847,1.038346699848,1.038346699847
      ,1.038346699848,1.038346699847,1.038346699848,1.038346699848)
    ,(1.03672962321,1.03672962321,1.03672962321,1.03672962321
      ,1.03672962321,1.03672962321,1.03672962321,1.03672962321
      ,1.03672962321,1.03672962321,1.03672962321,1.03672962321)
    ,(1.669078461068,1.669078461068,1.669078461068,1.669078461068
      ,1.669078461068,1.669078461068,1.669078461068,1.669078461068
      ,1.669078461068,1.669078461068,1.669078461068,1.669078461068
))) REPRESENTATION_ITEM('') SURFACE() );
#11340 = CARTESIAN_POINT('',(3.912871608476,6.664498061986,23.2));
#11341 = CARTESIAN_POINT('',(4.359834576705,5.882312867586,23.2));
#11342 = CARTESIAN_POINT('',(4.603682679713,5.127340257529,23.2));
#11343 = CARTESIAN_POINT('',(4.663905459395,4.395977943626,23.2));
#11344 = CARTESIAN_POINT('',(4.560051140932,3.681296860091,23.2));
#11345 = CARTESIAN_POINT('',(4.300183453129,3.008086279788,23.2));
#11346 = CARTESIAN_POINT('',(3.955091755076,2.355870407335,23.2));
#11347 = CARTESIAN_POINT('',(3.504036851858,1.714206696624,23.2));
#11348 = CARTESIAN_POINT('',(2.996001506648,1.08651756993,23.2));
#11349 = CARTESIAN_POINT('',(2.442402415417,0.462473910294,23.2));
#11350 = CARTESIAN_POINT('',(1.86838535313,-0.16076018422,23.2));
#11351 = CARTESIAN_POINT('',(1.296003114211,-0.787655017323,23.2));
#11352 = CARTESIAN_POINT('',(3.912871608476,6.664498061986,
    23.416000599824));
#11353 = CARTESIAN_POINT('',(4.359834576705,5.882312867586,
    23.416000599824));
#11354 = CARTESIAN_POINT('',(4.603682679713,5.127340257529,
    23.416000599824));
#11355 = CARTESIAN_POINT('',(4.663905459395,4.395977943626,
    23.416000599824));
#11356 = CARTESIAN_POINT('',(4.560051140932,3.681296860091,
    23.416000599824));
#11357 = CARTESIAN_POINT('',(4.300183453129,3.008086279788,
    23.416000599824));
#11358 = CARTESIAN_POINT('',(3.955091755076,2.355870407336,
    23.416000599824));
#11359 = CARTESIAN_POINT('',(3.504036851858,1.714206696624,
    23.416000599824));
#11360 = CARTESIAN_POINT('',(2.996001506648,1.08651756993,
    23.416000599824));
#11361 = CARTESIAN_POINT('',(2.442402415417,0.462473910294,
    23.416000599824));
#11362 = CARTESIAN_POINT('',(1.86838535313,-0.16076018422,
    23.416000599824));
#11363 = CARTESIAN_POINT('',(1.296003114211,-0.787655017323,
    23.416000599824));
#11364 = CARTESIAN_POINT('',(3.680971449517,6.531983685438,
    23.447014609822));
#11365 = CARTESIAN_POINT('',(4.106157579642,5.787907957721,
    23.447014609822));
#11366 = CARTESIAN_POINT('',(4.330892943083,5.082375007388,
    23.447014609822));
#11367 = CARTESIAN_POINT('',(4.380696565401,4.410467355879,
    23.447014609822));
#11368 = CARTESIAN_POINT('',(4.281025587796,3.770775771932,
    23.447014609822));
#11369 = CARTESIAN_POINT('',(4.069448106349,3.12844250765,
    23.447014609822));
#11370 = CARTESIAN_POINT('',(3.717385017216,2.496344010957,
    23.447014609822));
#11371 = CARTESIAN_POINT('',(3.292778487565,1.876776184898,
    23.447014609822));
#11372 = CARTESIAN_POINT('',(2.790045519824,1.257413655213,
    23.447014609822));
#11373 = CARTESIAN_POINT('',(2.243218344608,0.640432708442,
    23.447014609822));
#11374 = CARTESIAN_POINT('',(1.671851217127,2.010767479648E-02,
    23.447014609822));
#11375 = CARTESIAN_POINT('',(1.098760089622,-0.60756356009,
    23.447014609822));
#11376 = CARTESIAN_POINT('',(3.489702751237,6.422687286421,23.2));
#11377 = CARTESIAN_POINT('',(3.896927585019,5.710043827302,23.2));
#11378 = CARTESIAN_POINT('',(4.105898971265,5.045288164063,23.2));
#11379 = CARTESIAN_POINT('',(4.147108987286,4.422418063601,23.2));
#11380 = CARTESIAN_POINT('',(4.050888383171,3.844576993408,23.2));
#11381 = CARTESIAN_POINT('',(3.879140132331,3.227710999472,23.2));
#11382 = CARTESIAN_POINT('',(3.52132711658,2.612205092846,23.2));
#11383 = CARTESIAN_POINT('',(3.118534914294,2.010861709213,23.2));
#11384 = CARTESIAN_POINT('',(2.620175289119,1.398366865075,23.2));
#11385 = CARTESIAN_POINT('',(2.078933515686,0.78721116613,23.2));
#11386 = CARTESIAN_POINT('',(1.50975202526,0.169285493864,23.2));
#11387 = CARTESIAN_POINT('',(0.936076214254,-0.459026108667,23.2));
#11388 = CARTESIAN_POINT('',(3.680971449517,6.531983685438,
    22.952985390178));
#11389 = CARTESIAN_POINT('',(4.106157579642,5.787907957721,
    22.952985390178));
#11390 = CARTESIAN_POINT('',(4.330892943083,5.082375007388,
    22.952985390178));
#11391 = CARTESIAN_POINT('',(4.380696565401,4.410467355879,
    22.952985390178));
#11392 = CARTESIAN_POINT('',(4.281025587797,3.770775771932,
    22.952985390178));
#11393 = CARTESIAN_POINT('',(4.069448106349,3.12844250765,
    22.952985390178));
#11394 = CARTESIAN_POINT('',(3.717385017217,2.496344010957,
    22.952985390178));
#11395 = CARTESIAN_POINT('',(3.292778487565,1.876776184899,
    22.952985390178));
#11396 = CARTESIAN_POINT('',(2.790045519824,1.257413655213,
    22.952985390178));
#11397 = CARTESIAN_POINT('',(2.243218344608,0.640432708442,
    22.952985390178));
#11398 = CARTESIAN_POINT('',(1.671851217127,2.010767479649E-02,
    22.952985390178));
#11399 = CARTESIAN_POINT('',(1.098760089622,-0.60756356009,
    22.952985390178));
#11400 = CARTESIAN_POINT('',(3.912871608476,6.664498061986,
    22.983999400176));
#11401 = CARTESIAN_POINT('',(4.359834576705,5.882312867586,
    22.983999400176));
#11402 = CARTESIAN_POINT('',(4.603682679713,5.127340257529,
    22.983999400176));
#11403 = CARTESIAN_POINT('',(4.663905459395,4.395977943626,
    22.983999400176));
#11404 = CARTESIAN_POINT('',(4.560051140932,3.681296860091,
    22.983999400176));
#11405 = CARTESIAN_POINT('',(4.300183453129,3.008086279788,
    22.983999400176));
#11406 = CARTESIAN_POINT('',(3.955091755076,2.355870407335,
    22.983999400176));
#11407 = CARTESIAN_POINT('',(3.504036851858,1.714206696624,
    22.983999400176));
#11408 = CARTESIAN_POINT('',(2.996001506648,1.08651756993,
    22.983999400176));
#11409 = CARTESIAN_POINT('',(2.442402415417,0.462473910294,
    22.983999400176));
#11410 = CARTESIAN_POINT('',(1.86838535313,-0.16076018422,
    22.983999400176));
#11411 = CARTESIAN_POINT('',(1.296003114211,-0.787655017323,
    22.983999400176));
#11412 = CARTESIAN_POINT('',(3.912871608476,6.664498061986,23.2));
#11413 = CARTESIAN_POINT('',(4.359834576705,5.882312867586,23.2));
#11414 = CARTESIAN_POINT('',(4.603682679713,5.127340257529,23.2));
#11415 = CARTESIAN_POINT('',(4.663905459395,4.395977943626,23.2));
#11416 = CARTESIAN_POINT('',(4.560051140932,3.681296860091,23.2));
#11417 = CARTESIAN_POINT('',(4.300183453129,3.008086279788,23.2));
#11418 = CARTESIAN_POINT('',(3.955091755076,2.355870407335,23.2));
#11419 = CARTESIAN_POINT('',(3.504036851858,1.714206696624,23.2));
#11420 = CARTESIAN_POINT('',(2.996001506648,1.08651756993,23.2));
#11421 = CARTESIAN_POINT('',(2.442402415417,0.462473910294,23.2));
#11422 = CARTESIAN_POINT('',(1.86838535313,-0.16076018422,23.2));
#11423 = CARTESIAN_POINT('',(1.296003114211,-0.787655017323,23.2));
#11424 = ADVANCED_FACE('',(#11425),#11493,.T.);
#11425 = FACE_BOUND('',#11426,.T.);
#11426 = EDGE_LOOP('',(#11427,#11428,#11429,#11430,#11444,#11463,#11475,
    #11492));
#11427 = ORIENTED_EDGE('',*,*,#11328,.T.);
#11428 = ORIENTED_EDGE('',*,*,#11316,.T.);
#11429 = ORIENTED_EDGE('',*,*,#11304,.T.);
#11430 = ORIENTED_EDGE('',*,*,#11431,.T.);
#11431 = EDGE_CURVE('',#11288,#11432,#11434,.T.);
#11432 = VERTEX_POINT('',#11433);
#11433 = CARTESIAN_POINT('',(-3.948681037909,-8.37,23.2));
#11434 = ( BOUNDED_CURVE() B_SPLINE_CURVE(8,(#11435,#11436,#11437,#11438
    ,#11439,#11440,#11441,#11442,#11443),.UNSPECIFIED.,.F.,.F.) 
B_SPLINE_CURVE_WITH_KNOTS((9,9),(0.,1.),.PIECEWISE_BEZIER_KNOTS.) CURVE(
) GEOMETRIC_REPRESENTATION_ITEM() RATIONAL_B_SPLINE_CURVE((
    1.669078461068,1.669078461068,1.669078461068,1.669078461068,
    1.669078461068,1.669078461068,1.669078461068,1.669078461068,
1.669078461068)) REPRESENTATION_ITEM('') );
#11435 = CARTESIAN_POINT('',(1.296003114211,-0.787655017323,23.2));
#11436 = CARTESIAN_POINT('',(0.506289147278,-1.652579838249,23.2));
#11437 = CARTESIAN_POINT('',(-0.355911990587,-2.546754800867,23.2));
#11438 = CARTESIAN_POINT('',(-1.235909369018,-3.471328171744,23.2));
#11439 = CARTESIAN_POINT('',(-2.077453907228,-4.425739775395,23.2));
#11440 = CARTESIAN_POINT('',(-2.827954287568,-5.409639810081,23.2));
#11441 = CARTESIAN_POINT('',(-3.427004280598,-6.422250760358,23.2));
#11442 = CARTESIAN_POINT('',(-3.824887895565,-7.456860518785,23.2));
#11443 = CARTESIAN_POINT('',(-3.971219253198,-8.517762861628,23.2));
#11444 = ORIENTED_EDGE('',*,*,#11445,.T.);
#11445 = EDGE_CURVE('',#11432,#11446,#11448,.T.);
#11446 = VERTEX_POINT('',#11447);
#11447 = CARTESIAN_POINT('',(-4.1,-8.5,23.07));
#11448 = B_SPLINE_CURVE_WITH_KNOTS('',7,(#11449,#11450,#11451,#11452,
    #11453,#11454,#11455,#11456,#11457,#11458,#11459,#11460,#11461,
    #11462),.UNSPECIFIED.,.F.,.F.,(8,6,8),(0.,0.881333508047,1.),
  .UNSPECIFIED.);
#11449 = CARTESIAN_POINT('',(-3.948681037909,-8.37,23.2));
#11450 = CARTESIAN_POINT('',(-3.948681037909,-8.37,23.174325095085));
#11451 = CARTESIAN_POINT('',(-3.95566683975,-8.375915550569,
    23.148513767754));
#11452 = CARTESIAN_POINT('',(-3.969775722115,-8.387862648784,
    23.124316853739));
#11453 = CARTESIAN_POINT('',(-3.990213214844,-8.405218664211,
    23.103527946668));
#11454 = CARTESIAN_POINT('',(-4.015351200259,-8.426710736047,
    23.08748168491));
#11455 = CARTESIAN_POINT('',(-4.043360883081,-8.450832286525,
    23.076961078744));
#11456 = CARTESIAN_POINT('',(-4.076305968481,-8.479394929683,
    23.071597023091));
#11457 = CARTESIAN_POINT('',(-4.080234204664,-8.482803560361,
    23.071065485449));
#11458 = CARTESIAN_POINT('',(-4.084176710474,-8.486227554859,
    23.070639605195));
#11459 = CARTESIAN_POINT('',(-4.088129006977,-8.489663063347,
    23.070319875539));
#11460 = CARTESIAN_POINT('',(-4.092086625152,-8.493106224367,
    23.070106621541));
#11461 = CARTESIAN_POINT('',(-4.09604510589,-8.496553164826,
    23.070000000109));
#11462 = CARTESIAN_POINT('',(-4.099999999992,-8.500000000001,23.07));
#11463 = ORIENTED_EDGE('',*,*,#11464,.F.);
#11464 = EDGE_CURVE('',#11465,#11446,#11467,.T.);
#11465 = VERTEX_POINT('',#11466);
#11466 = CARTESIAN_POINT('',(-4.1,-8.5,23.33));
#11467 = ( BOUNDED_CURVE() B_SPLINE_CURVE(6,(#11468,#11469,#11470,#11471
    ,#11472,#11473,#11474),.UNSPECIFIED.,.T.,.F.) 
B_SPLINE_CURVE_WITH_KNOTS((1,6,6,1),(-6.28318530718,0.,6.28318530718,
12.566370614359),.UNSPECIFIED.) CURVE() GEOMETRIC_REPRESENTATION_ITEM() 
RATIONAL_B_SPLINE_CURVE((1.669078461068,1.03672962321,1.038346699848,
    0.853534330196,1.038346699848,1.03672962321,1.669078461068)) 
REPRESENTATION_ITEM('') );
#11468 = CARTESIAN_POINT('',(-3.971219253198,-8.517762861628,23.2));
#11469 = CARTESIAN_POINT('',(-3.971219253198,-8.517762861628,
    23.416000599824));
#11470 = CARTESIAN_POINT('',(-4.235805503517,-8.481268206411,
    23.447014609822));
#11471 = CARTESIAN_POINT('',(-4.454033330133,-8.451167816533,23.2));
#11472 = CARTESIAN_POINT('',(-4.235805503517,-8.481268206411,
    22.952985390178));
#11473 = CARTESIAN_POINT('',(-3.971219253198,-8.517762861628,
    22.983999400176));
#11474 = CARTESIAN_POINT('',(-3.971219253198,-8.517762861628,23.2));
#11475 = ORIENTED_EDGE('',*,*,#11476,.F.);
#11476 = EDGE_CURVE('',#11432,#11465,#11477,.T.);
#11477 = B_SPLINE_CURVE_WITH_KNOTS('',7,(#11478,#11479,#11480,#11481,
    #11482,#11483,#11484,#11485,#11486,#11487,#11488,#11489,#11490,
    #11491),.UNSPECIFIED.,.F.,.F.,(8,6,8),(0.,0.881333508595,1.),
  .UNSPECIFIED.);
#11478 = CARTESIAN_POINT('',(-3.948681037909,-8.37,23.2));
#11479 = CARTESIAN_POINT('',(-3.948681037909,-8.37,23.225674904915));
#11480 = CARTESIAN_POINT('',(-3.955666839749,-8.375915550569,
    23.251486232246));
#11481 = CARTESIAN_POINT('',(-3.969775722115,-8.387862648783,
    23.275683146261));
#11482 = CARTESIAN_POINT('',(-3.990213214843,-8.40521866421,
    23.296472053331));
#11483 = CARTESIAN_POINT('',(-4.015351200258,-8.426710736046,
    23.312518315089));
#11484 = CARTESIAN_POINT('',(-4.04336088308,-8.450832286525,
    23.323038921255));
#11485 = CARTESIAN_POINT('',(-4.07630596846,-8.479394929664,
    23.328402976905));
#11486 = CARTESIAN_POINT('',(-4.080234204597,-8.482803560354,
    23.328934514545));
#11487 = CARTESIAN_POINT('',(-4.084176710384,-8.486227554835,
    23.329360394799));
#11488 = CARTESIAN_POINT('',(-4.088129006899,-8.489663063267,
    23.329680124455));
#11489 = CARTESIAN_POINT('',(-4.092086625097,-8.493106224217,
    23.329893378454));
#11490 = CARTESIAN_POINT('',(-4.096045105808,-8.496553164665,
    23.329999999888));
#11491 = CARTESIAN_POINT('',(-4.099999999737,-8.5,23.33));
#11492 = ORIENTED_EDGE('',*,*,#11431,.F.);
#11493 = ( BOUNDED_SURFACE() B_SPLINE_SURFACE(6,8,(
    (#11494,#11495,#11496,#11497,#11498,#11499,#11500,#11501,#11502)
    ,(#11503,#11504,#11505,#11506,#11507,#11508,#11509,#11510,#11511)
    ,(#11512,#11513,#11514,#11515,#11516,#11517,#11518,#11519,#11520)
    ,(#11521,#11522,#11523,#11524,#11525,#11526,#11527,#11528,#11529)
    ,(#11530,#11531,#11532,#11533,#11534,#11535,#11536,#11537,#11538)
    ,(#11539,#11540,#11541,#11542,#11543,#11544,#11545,#11546,#11547)
    ,(#11548,#11549,#11550,#11551,#11552,#11553,#11554,#11555,#11556
)),.UNSPECIFIED.,.T.,.F.,.F.) B_SPLINE_SURFACE_WITH_KNOTS((1,6,6,1),(9,9
    ),(-6.28318530718,0.,6.28318530718,12.566370614359),(0.,1.),
.UNSPECIFIED.) GEOMETRIC_REPRESENTATION_ITEM() RATIONAL_B_SPLINE_SURFACE
((
    (1.669078461068,1.669078461068,1.669078461068,1.669078461068
      ,1.669078461068,1.669078461068,1.669078461068,1.669078461068
      ,1.669078461068)
    ,(1.03672962321,1.03672962321,1.03672962321,1.03672962321
      ,1.03672962321,1.03672962321,1.03672962321,1.03672962321
      ,1.03672962321)
    ,(1.038346699848,1.038346699848,1.038346699848,1.038346699848
      ,1.038346699848,1.038346699848,1.038346699848,1.038346699848
      ,1.038346699848)
    ,(0.853534330196,0.853534330196,0.853534330196,0.853534330196
      ,0.853534330196,0.853534330196,0.853534330196,0.853534330196
      ,0.853534330196)
    ,(1.038346699848,1.038346699848,1.038346699848,1.038346699848
      ,1.038346699848,1.038346699848,1.038346699848,1.038346699848
      ,1.038346699848)
    ,(1.03672962321,1.03672962321,1.03672962321,1.03672962321
      ,1.03672962321,1.03672962321,1.03672962321,1.03672962321
      ,1.03672962321)
    ,(1.669078461068,1.669078461068,1.669078461068,1.669078461068
      ,1.669078461068,1.669078461068,1.669078461068,1.669078461068
,1.669078461068))) REPRESENTATION_ITEM('') SURFACE() );
#11494 = CARTESIAN_POINT('',(1.296003114211,-0.787655017323,23.2));
#11495 = CARTESIAN_POINT('',(0.506289147278,-1.652579838249,23.2));
#11496 = CARTESIAN_POINT('',(-0.355911990587,-2.546754800867,23.2));
#11497 = CARTESIAN_POINT('',(-1.235909369018,-3.471328171744,23.2));
#11498 = CARTESIAN_POINT('',(-2.077453907228,-4.425739775395,23.2));
#11499 = CARTESIAN_POINT('',(-2.827954287568,-5.409639810081,23.2));
#11500 = CARTESIAN_POINT('',(-3.427004280598,-6.422250760358,23.2));
#11501 = CARTESIAN_POINT('',(-3.824887895565,-7.456860518785,23.2));
#11502 = CARTESIAN_POINT('',(-3.971219253198,-8.517762861628,23.2));
#11503 = CARTESIAN_POINT('',(1.296003114211,-0.787655017323,
    23.416000599824));
#11504 = CARTESIAN_POINT('',(0.506289147278,-1.652579838249,
    23.416000599824));
#11505 = CARTESIAN_POINT('',(-0.355911990587,-2.546754800867,
    23.416000599824));
#11506 = CARTESIAN_POINT('',(-1.235909369018,-3.471328171744,
    23.416000599824));
#11507 = CARTESIAN_POINT('',(-2.077453907228,-4.425739775395,
    23.416000599824));
#11508 = CARTESIAN_POINT('',(-2.827954287568,-5.409639810081,
    23.416000599824));
#11509 = CARTESIAN_POINT('',(-3.427004280598,-6.422250760358,
    23.416000599824));
#11510 = CARTESIAN_POINT('',(-3.824887895565,-7.456860518785,
    23.416000599824));
#11511 = CARTESIAN_POINT('',(-3.971219253198,-8.517762861628,
    23.416000599824));
#11512 = CARTESIAN_POINT('',(1.098760089622,-0.60756356009,
    23.447014609822));
#11513 = CARTESIAN_POINT('',(0.313594824445,-1.46750646957,
    23.447014609822));
#11514 = CARTESIAN_POINT('',(-0.549220340079,-2.362642744037,
    23.447014609822));
#11515 = CARTESIAN_POINT('',(-1.433625707915,-3.291761481061,
    23.447014609822));
#11516 = CARTESIAN_POINT('',(-2.285204727737,-4.255453412687,
    23.447014609822));
#11517 = CARTESIAN_POINT('',(-3.045683560719,-5.254087421704,
    23.447014609822));
#11518 = CARTESIAN_POINT('',(-3.665029569122,-6.288483435617,
    23.447014609822));
#11519 = CARTESIAN_POINT('',(-4.081936743348,-7.365719695183,
    23.447014609822));
#11520 = CARTESIAN_POINT('',(-4.235805503517,-8.481268206411,
    23.447014609822));
#11521 = CARTESIAN_POINT('',(0.936076214254,-0.459026108667,23.2));
#11522 = CARTESIAN_POINT('',(0.15466266821,-1.314859992429,23.2));
#11523 = CARTESIAN_POINT('',(-0.708658938741,-2.210789146325,23.2));
#11524 = CARTESIAN_POINT('',(-1.596699967714,-3.143656851312,23.2));
#11525 = CARTESIAN_POINT('',(-2.456555317507,-4.115003095291,23.2));
#11526 = CARTESIAN_POINT('',(-3.225264268382,-5.125789524139,23.2));
#11527 = CARTESIAN_POINT('',(-3.86135020684,-6.178153618723,23.2));
#11528 = CARTESIAN_POINT('',(-4.293947803326,-7.290547747183,23.2));
#11529 = CARTESIAN_POINT('',(-4.454033330133,-8.451167816533,23.2));
#11530 = CARTESIAN_POINT('',(1.098760089622,-0.60756356009,
    22.952985390178));
#11531 = CARTESIAN_POINT('',(0.313594824445,-1.46750646957,
    22.952985390178));
#11532 = CARTESIAN_POINT('',(-0.549220340079,-2.362642744037,
    22.952985390178));
#11533 = CARTESIAN_POINT('',(-1.433625707915,-3.291761481061,
    22.952985390178));
#11534 = CARTESIAN_POINT('',(-2.285204727737,-4.255453412687,
    22.952985390178));
#11535 = CARTESIAN_POINT('',(-3.045683560719,-5.254087421704,
    22.952985390178));
#11536 = CARTESIAN_POINT('',(-3.665029569122,-6.288483435617,
    22.952985390178));
#11537 = CARTESIAN_POINT('',(-4.081936743348,-7.365719695183,
    22.952985390178));
#11538 = CARTESIAN_POINT('',(-4.235805503517,-8.481268206411,
    22.952985390178));
#11539 = CARTESIAN_POINT('',(1.296003114211,-0.787655017323,
    22.983999400176));
#11540 = CARTESIAN_POINT('',(0.506289147278,-1.652579838249,
    22.983999400176));
#11541 = CARTESIAN_POINT('',(-0.355911990587,-2.546754800867,
    22.983999400176));
#11542 = CARTESIAN_POINT('',(-1.235909369018,-3.471328171744,
    22.983999400176));
#11543 = CARTESIAN_POINT('',(-2.077453907228,-4.425739775395,
    22.983999400176));
#11544 = CARTESIAN_POINT('',(-2.827954287568,-5.409639810081,
    22.983999400176));
#11545 = CARTESIAN_POINT('',(-3.427004280598,-6.422250760358,
    22.983999400176));
#11546 = CARTESIAN_POINT('',(-3.824887895565,-7.456860518785,
    22.983999400176));
#11547 = CARTESIAN_POINT('',(-3.971219253198,-8.517762861628,
    22.983999400176));
#11548 = CARTESIAN_POINT('',(1.296003114211,-0.787655017323,23.2));
#11549 = CARTESIAN_POINT('',(0.506289147278,-1.652579838249,23.2));
#11550 = CARTESIAN_POINT('',(-0.355911990587,-2.546754800867,23.2));
#11551 = CARTESIAN_POINT('',(-1.235909369018,-3.471328171744,23.2));
#11552 = CARTESIAN_POINT('',(-2.077453907228,-4.425739775395,23.2));
#11553 = CARTESIAN_POINT('',(-2.827954287568,-5.409639810081,23.2));
#11554 = CARTESIAN_POINT('',(-3.427004280598,-6.422250760358,23.2));
#11555 = CARTESIAN_POINT('',(-3.824887895565,-7.456860518785,23.2));
#11556 = CARTESIAN_POINT('',(-3.971219253198,-8.517762861628,23.2));
#11557 = ADVANCED_FACE('',(#11558),#11594,.T.);
#11558 = FACE_BOUND('',#11559,.T.);
#11559 = EDGE_LOOP('',(#11560,#11561,#11569,#11578,#11585,#11586,#11593)
  );
#11560 = ORIENTED_EDGE('',*,*,#11476,.T.);
#11561 = ORIENTED_EDGE('',*,*,#11562,.T.);
#11562 = EDGE_CURVE('',#11465,#11563,#11565,.T.);
#11563 = VERTEX_POINT('',#11564);
#11564 = CARTESIAN_POINT('',(4.3,-8.5,23.33));
#11565 = LINE('',#11566,#11567);
#11566 = CARTESIAN_POINT('',(-4.1,-8.5,23.33));
#11567 = VECTOR('',#11568,1.);
#11568 = DIRECTION('',(1.,0.,0.));
#11569 = ORIENTED_EDGE('',*,*,#11570,.F.);
#11570 = EDGE_CURVE('',#11571,#11563,#11573,.T.);
#11571 = VERTEX_POINT('',#11572);
#11572 = CARTESIAN_POINT('',(4.3,-8.5,23.07));
#11573 = CIRCLE('',#11574,0.13);
#11574 = AXIS2_PLACEMENT_3D('',#11575,#11576,#11577);
#11575 = CARTESIAN_POINT('',(4.3,-8.5,23.2));
#11576 = DIRECTION('',(1.,0.,-0.));
#11577 = DIRECTION('',(0.,0.,1.));
#11578 = ORIENTED_EDGE('',*,*,#11579,.F.);
#11579 = EDGE_CURVE('',#11563,#11571,#11580,.T.);
#11580 = CIRCLE('',#11581,0.13);
#11581 = AXIS2_PLACEMENT_3D('',#11582,#11583,#11584);
#11582 = CARTESIAN_POINT('',(4.3,-8.5,23.2));
#11583 = DIRECTION('',(1.,0.,-0.));
#11584 = DIRECTION('',(0.,0.,1.));
#11585 = ORIENTED_EDGE('',*,*,#11562,.F.);
#11586 = ORIENTED_EDGE('',*,*,#11587,.T.);
#11587 = EDGE_CURVE('',#11465,#11446,#11588,.T.);
#11588 = CIRCLE('',#11589,0.13);
#11589 = AXIS2_PLACEMENT_3D('',#11590,#11591,#11592);
#11590 = CARTESIAN_POINT('',(-4.1,-8.5,23.2));
#11591 = DIRECTION('',(1.,0.,-0.));
#11592 = DIRECTION('',(0.,0.,1.));
#11593 = ORIENTED_EDGE('',*,*,#11445,.F.);
#11594 = CYLINDRICAL_SURFACE('',#11595,0.13);
#11595 = AXIS2_PLACEMENT_3D('',#11596,#11597,#11598);
#11596 = CARTESIAN_POINT('',(-4.1,-8.5,23.2));
#11597 = DIRECTION('',(1.,0.,0.));
#11598 = DIRECTION('',(0.,0.,1.));
#11599 = ADVANCED_FACE('',(#11600),#11604,.T.);
#11600 = FACE_BOUND('',#11601,.T.);
#11601 = EDGE_LOOP('',(#11602,#11603));
#11602 = ORIENTED_EDGE('',*,*,#11464,.T.);
#11603 = ORIENTED_EDGE('',*,*,#11587,.F.);
#11604 = SPHERICAL_SURFACE('',#11605,0.13);
#11605 = AXIS2_PLACEMENT_3D('',#11606,#11607,#11608);
#11606 = CARTESIAN_POINT('',(-4.1,-8.5,23.2));
#11607 = DIRECTION('',(0.,0.,1.));
#11608 = DIRECTION('',(1.,0.,0.));
#11609 = ADVANCED_FACE('',(#11610),#11620,.T.);
#11610 = FACE_BOUND('',#11611,.T.);
#11611 = EDGE_LOOP('',(#11612,#11619));
#11612 = ORIENTED_EDGE('',*,*,#11613,.T.);
#11613 = EDGE_CURVE('',#11571,#11563,#11614,.T.);
#11614 = CIRCLE('',#11615,0.13);
#11615 = AXIS2_PLACEMENT_3D('',#11616,#11617,#11618);
#11616 = CARTESIAN_POINT('',(4.3,-8.5,23.2));
#11617 = DIRECTION('',(-2.449293598295E-16,-1.,0.));
#11618 = DIRECTION('',(1.,-2.449293598295E-16,0.));
#11619 = ORIENTED_EDGE('',*,*,#11579,.T.);
#11620 = SPHERICAL_SURFACE('',#11621,0.13);
#11621 = AXIS2_PLACEMENT_3D('',#11622,#11623,#11624);
#11622 = CARTESIAN_POINT('',(4.3,-8.5,23.2));
#11623 = DIRECTION('',(0.,0.,1.));
#11624 = DIRECTION('',(1.,0.,0.));
#11625 = ADVANCED_FACE('',(#11626),#11630,.T.);
#11626 = FACE_BOUND('',#11627,.T.);
#11627 = EDGE_LOOP('',(#11628,#11629));
#11628 = ORIENTED_EDGE('',*,*,#11570,.T.);
#11629 = ORIENTED_EDGE('',*,*,#11613,.F.);
#11630 = SPHERICAL_SURFACE('',#11631,0.13);
#11631 = AXIS2_PLACEMENT_3D('',#11632,#11633,#11634);
#11632 = CARTESIAN_POINT('',(4.3,-8.5,23.2));
#11633 = DIRECTION('',(0.,0.,1.));
#11634 = DIRECTION('',(1.,0.,0.));
#11635 = MANIFOLD_SOLID_BREP('',#11636);
#11636 = CLOSED_SHELL('',(#11637,#11670,#11679));
#11637 = ADVANCED_FACE('',(#11638),#11665,.T.);
#11638 = FACE_BOUND('',#11639,.T.);
#11639 = EDGE_LOOP('',(#11640,#11649,#11657,#11664));
#11640 = ORIENTED_EDGE('',*,*,#11641,.F.);
#11641 = EDGE_CURVE('',#11642,#11642,#11644,.T.);
#11642 = VERTEX_POINT('',#11643);
#11643 = CARTESIAN_POINT('',(-6.692386222005,-5.904531260915,5.));
#11644 = CIRCLE('',#11645,0.1);
#11645 = AXIS2_PLACEMENT_3D('',#11646,#11647,#11648);
#11646 = CARTESIAN_POINT('',(-6.792386222005,-5.904531260915,5.));
#11647 = DIRECTION('',(0.,0.,1.));
#11648 = DIRECTION('',(1.,0.,0.));
#11649 = ORIENTED_EDGE('',*,*,#11650,.F.);
#11650 = EDGE_CURVE('',#11651,#11642,#11653,.T.);
#11651 = VERTEX_POINT('',#11652);
#11652 = CARTESIAN_POINT('',(-6.692386222005,-5.904531260915,2.8));
#11653 = LINE('',#11654,#11655);
#11654 = CARTESIAN_POINT('',(-6.692386222005,-5.904531260915,2.8));
#11655 = VECTOR('',#11656,1.);
#11656 = DIRECTION('',(0.,0.,1.));
#11657 = ORIENTED_EDGE('',*,*,#11658,.T.);
#11658 = EDGE_CURVE('',#11651,#11651,#11659,.T.);
#11659 = CIRCLE('',#11660,0.1);
#11660 = AXIS2_PLACEMENT_3D('',#11661,#11662,#11663);
#11661 = CARTESIAN_POINT('',(-6.792386222005,-5.904531260915,2.8));
#11662 = DIRECTION('',(0.,0.,1.));
#11663 = DIRECTION('',(1.,0.,0.));
#11664 = ORIENTED_EDGE('',*,*,#11650,.T.);
#11665 = CYLINDRICAL_SURFACE('',#11666,0.1);
#11666 = AXIS2_PLACEMENT_3D('',#11667,#11668,#11669);
#11667 = CARTESIAN_POINT('',(-6.792386222005,-5.904531260915,2.8));
#11668 = DIRECTION('',(0.,0.,1.));
#11669 = DIRECTION('',(1.,0.,0.));
#11670 = ADVANCED_FACE('',(#11671),#11674,.T.);
#11671 = FACE_BOUND('',#11672,.T.);
#11672 = EDGE_LOOP('',(#11673));
#11673 = ORIENTED_EDGE('',*,*,#11641,.T.);
#11674 = PLANE('',#11675);
#11675 = AXIS2_PLACEMENT_3D('',#11676,#11677,#11678);
#11676 = CARTESIAN_POINT('',(-6.792386222005,-5.904531260915,5.));
#11677 = DIRECTION('',(0.,0.,1.));
#11678 = DIRECTION('',(1.,0.,0.));
#11679 = ADVANCED_FACE('',(#11680),#11683,.F.);
#11680 = FACE_BOUND('',#11681,.T.);
#11681 = EDGE_LOOP('',(#11682));
#11682 = ORIENTED_EDGE('',*,*,#11658,.F.);
#11683 = PLANE('',#11684);
#11684 = AXIS2_PLACEMENT_3D('',#11685,#11686,#11687);
#11685 = CARTESIAN_POINT('',(-6.792386222005,-5.904531260915,2.8));
#11686 = DIRECTION('',(0.,0.,1.));
#11687 = DIRECTION('',(1.,0.,0.));
#11688 = MANIFOLD_SOLID_BREP('',#11689);
#11689 = CLOSED_SHELL('',(#11690,#11723,#11732));
#11690 = ADVANCED_FACE('',(#11691),#11718,.T.);
#11691 = FACE_BOUND('',#11692,.T.);
#11692 = EDGE_LOOP('',(#11693,#11702,#11710,#11717));
#11693 = ORIENTED_EDGE('',*,*,#11694,.F.);
#11694 = EDGE_CURVE('',#11695,#11695,#11697,.T.);
#11695 = VERTEX_POINT('',#11696);
#11696 = CARTESIAN_POINT('',(-6.792386222005,10.,5.1));
#11697 = CIRCLE('',#11698,0.1);
#11698 = AXIS2_PLACEMENT_3D('',#11699,#11700,#11701);
#11699 = CARTESIAN_POINT('',(-6.792386222005,10.,5.));
#11700 = DIRECTION('',(0.,1.,0.));
#11701 = DIRECTION('',(0.,0.,1.));
#11702 = ORIENTED_EDGE('',*,*,#11703,.F.);
#11703 = EDGE_CURVE('',#11704,#11695,#11706,.T.);
#11704 = VERTEX_POINT('',#11705);
#11705 = CARTESIAN_POINT('',(-6.792386222005,-5.904531260915,5.1));
#11706 = LINE('',#11707,#11708);
#11707 = CARTESIAN_POINT('',(-6.792386222005,-5.904531260915,5.1));
#11708 = VECTOR('',#11709,1.);
#11709 = DIRECTION('',(0.,1.,0.));
#11710 = ORIENTED_EDGE('',*,*,#11711,.T.);
#11711 = EDGE_CURVE('',#11704,#11704,#11712,.T.);
#11712 = CIRCLE('',#11713,0.1);
#11713 = AXIS2_PLACEMENT_3D('',#11714,#11715,#11716);
#11714 = CARTESIAN_POINT('',(-6.792386222005,-5.904531260915,5.));
#11715 = DIRECTION('',(0.,1.,0.));
#11716 = DIRECTION('',(0.,0.,1.));
#11717 = ORIENTED_EDGE('',*,*,#11703,.T.);
#11718 = CYLINDRICAL_SURFACE('',#11719,0.1);
#11719 = AXIS2_PLACEMENT_3D('',#11720,#11721,#11722);
#11720 = CARTESIAN_POINT('',(-6.792386222005,-5.904531260915,5.));
#11721 = DIRECTION('',(0.,1.,0.));
#11722 = DIRECTION('',(0.,0.,1.));
#11723 = ADVANCED_FACE('',(#11724),#11727,.T.);
#11724 = FACE_BOUND('',#11725,.T.);
#11725 = EDGE_LOOP('',(#11726));
#11726 = ORIENTED_EDGE('',*,*,#11694,.T.);
#11727 = PLANE('',#11728);
#11728 = AXIS2_PLACEMENT_3D('',#11729,#11730,#11731);
#11729 = CARTESIAN_POINT('',(-6.792386222005,10.,5.));
#11730 = DIRECTION('',(0.,1.,0.));
#11731 = DIRECTION('',(0.,0.,1.));
#11732 = ADVANCED_FACE('',(#11733),#11736,.F.);
#11733 = FACE_BOUND('',#11734,.T.);
#11734 = EDGE_LOOP('',(#11735));
#11735 = ORIENTED_EDGE('',*,*,#11711,.F.);
#11736 = PLANE('',#11737);
#11737 = AXIS2_PLACEMENT_3D('',#11738,#11739,#11740);
#11738 = CARTESIAN_POINT('',(-6.792386222005,-5.904531260915,5.));
#11739 = DIRECTION('',(0.,1.,0.));
#11740 = DIRECTION('',(0.,0.,1.));
#11741 = MANIFOLD_SOLID_BREP('',#11742);
#11742 = CLOSED_SHELL('',(#11743,#11776,#11785));
#11743 = ADVANCED_FACE('',(#11744),#11771,.T.);
#11744 = FACE_BOUND('',#11745,.T.);
#11745 = EDGE_LOOP('',(#11746,#11755,#11763,#11770));
#11746 = ORIENTED_EDGE('',*,*,#11747,.F.);
#11747 = EDGE_CURVE('',#11748,#11748,#11750,.T.);
#11748 = VERTEX_POINT('',#11749);
#11749 = CARTESIAN_POINT('',(-4.1,10.,5.1));
#11750 = CIRCLE('',#11751,0.1);
#11751 = AXIS2_PLACEMENT_3D('',#11752,#11753,#11754);
#11752 = CARTESIAN_POINT('',(-4.1,10.,5.));
#11753 = DIRECTION('',(1.,0.,-0.));
#11754 = DIRECTION('',(0.,0.,1.));
#11755 = ORIENTED_EDGE('',*,*,#11756,.F.);
#11756 = EDGE_CURVE('',#11757,#11748,#11759,.T.);
#11757 = VERTEX_POINT('',#11758);
#11758 = CARTESIAN_POINT('',(-6.792386222005,10.,5.1));
#11759 = LINE('',#11760,#11761);
#11760 = CARTESIAN_POINT('',(-6.792386222005,10.,5.1));
#11761 = VECTOR('',#11762,1.);
#11762 = DIRECTION('',(1.,0.,0.));
#11763 = ORIENTED_EDGE('',*,*,#11764,.T.);
#11764 = EDGE_CURVE('',#11757,#11757,#11765,.T.);
#11765 = CIRCLE('',#11766,0.1);
#11766 = AXIS2_PLACEMENT_3D('',#11767,#11768,#11769);
#11767 = CARTESIAN_POINT('',(-6.792386222005,10.,5.));
#11768 = DIRECTION('',(1.,0.,-0.));
#11769 = DIRECTION('',(0.,0.,1.));
#11770 = ORIENTED_EDGE('',*,*,#11756,.T.);
#11771 = CYLINDRICAL_SURFACE('',#11772,0.1);
#11772 = AXIS2_PLACEMENT_3D('',#11773,#11774,#11775);
#11773 = CARTESIAN_POINT('',(-6.792386222005,10.,5.));
#11774 = DIRECTION('',(1.,0.,0.));
#11775 = DIRECTION('',(0.,0.,1.));
#11776 = ADVANCED_FACE('',(#11777),#11780,.T.);
#11777 = FACE_BOUND('',#11778,.T.);
#11778 = EDGE_LOOP('',(#11779));
#11779 = ORIENTED_EDGE('',*,*,#11747,.T.);
#11780 = PLANE('',#11781);
#11781 = AXIS2_PLACEMENT_3D('',#11782,#11783,#11784);
#11782 = CARTESIAN_POINT('',(-4.1,10.,5.));
#11783 = DIRECTION('',(1.,0.,0.));
#11784 = DIRECTION('',(0.,0.,1.));
#11785 = ADVANCED_FACE('',(#11786),#11789,.F.);
#11786 = FACE_BOUND('',#11787,.T.);
#11787 = EDGE_LOOP('',(#11788));
#11788 = ORIENTED_EDGE('',*,*,#11764,.F.);
#11789 = PLANE('',#11790);
#11790 = AXIS2_PLACEMENT_3D('',#11791,#11792,#11793);
#11791 = CARTESIAN_POINT('',(-6.792386222005,10.,5.));
#11792 = DIRECTION('',(1.,0.,0.));
#11793 = DIRECTION('',(0.,0.,1.));
#11794 = MANIFOLD_SOLID_BREP('',#11795);
#11795 = CLOSED_SHELL('',(#11796,#11829,#11838));
#11796 = ADVANCED_FACE('',(#11797),#11824,.T.);
#11797 = FACE_BOUND('',#11798,.T.);
#11798 = EDGE_LOOP('',(#11799,#11808,#11816,#11823));
#11799 = ORIENTED_EDGE('',*,*,#11800,.F.);
#11800 = EDGE_CURVE('',#11801,#11801,#11803,.T.);
#11801 = VERTEX_POINT('',#11802);
#11802 = CARTESIAN_POINT('',(-4.,10.,23.2));
#11803 = CIRCLE('',#11804,0.1);
#11804 = AXIS2_PLACEMENT_3D('',#11805,#11806,#11807);
#11805 = CARTESIAN_POINT('',(-4.1,10.,23.2));
#11806 = DIRECTION('',(0.,0.,1.));
#11807 = DIRECTION('',(1.,0.,0.));
#11808 = ORIENTED_EDGE('',*,*,#11809,.F.);
#11809 = EDGE_CURVE('',#11810,#11801,#11812,.T.);
#11810 = VERTEX_POINT('',#11811);
#11811 = CARTESIAN_POINT('',(-4.,10.,5.));
#11812 = LINE('',#11813,#11814);
#11813 = CARTESIAN_POINT('',(-4.,10.,5.));
#11814 = VECTOR('',#11815,1.);
#11815 = DIRECTION('',(0.,0.,1.));
#11816 = ORIENTED_EDGE('',*,*,#11817,.T.);
#11817 = EDGE_CURVE('',#11810,#11810,#11818,.T.);
#11818 = CIRCLE('',#11819,0.1);
#11819 = AXIS2_PLACEMENT_3D('',#11820,#11821,#11822);
#11820 = CARTESIAN_POINT('',(-4.1,10.,5.));
#11821 = DIRECTION('',(0.,0.,1.));
#11822 = DIRECTION('',(1.,0.,0.));
#11823 = ORIENTED_EDGE('',*,*,#11809,.T.);
#11824 = CYLINDRICAL_SURFACE('',#11825,0.1);
#11825 = AXIS2_PLACEMENT_3D('',#11826,#11827,#11828);
#11826 = CARTESIAN_POINT('',(-4.1,10.,5.));
#11827 = DIRECTION('',(0.,0.,1.));
#11828 = DIRECTION('',(1.,0.,0.));
#11829 = ADVANCED_FACE('',(#11830),#11833,.T.);
#11830 = FACE_BOUND('',#11831,.T.);
#11831 = EDGE_LOOP('',(#11832));
#11832 = ORIENTED_EDGE('',*,*,#11800,.T.);
#11833 = PLANE('',#11834);
#11834 = AXIS2_PLACEMENT_3D('',#11835,#11836,#11837);
#11835 = CARTESIAN_POINT('',(-4.1,10.,23.2));
#11836 = DIRECTION('',(0.,0.,1.));
#11837 = DIRECTION('',(1.,0.,0.));
#11838 = ADVANCED_FACE('',(#11839),#11842,.F.);
#11839 = FACE_BOUND('',#11840,.T.);
#11840 = EDGE_LOOP('',(#11841));
#11841 = ORIENTED_EDGE('',*,*,#11817,.F.);
#11842 = PLANE('',#11843);
#11843 = AXIS2_PLACEMENT_3D('',#11844,#11845,#11846);
#11844 = CARTESIAN_POINT('',(-4.1,10.,5.));
#11845 = DIRECTION('',(0.,0.,1.));
#11846 = DIRECTION('',(1.,0.,0.));
#11847 = MANIFOLD_SOLID_BREP('',#11848);
#11848 = CLOSED_SHELL('',(#11849,#11882,#11891));
#11849 = ADVANCED_FACE('',(#11850),#11877,.T.);
#11850 = FACE_BOUND('',#11851,.T.);
#11851 = EDGE_LOOP('',(#11852,#11861,#11869,#11876));
#11852 = ORIENTED_EDGE('',*,*,#11853,.F.);
#11853 = EDGE_CURVE('',#11854,#11854,#11856,.T.);
#11854 = VERTEX_POINT('',#11855);
#11855 = CARTESIAN_POINT('',(-4.1,5.6,23.1));
#11856 = CIRCLE('',#11857,0.1);
#11857 = AXIS2_PLACEMENT_3D('',#11858,#11859,#11860);
#11858 = CARTESIAN_POINT('',(-4.1,5.6,23.2));
#11859 = DIRECTION('',(0.,-1.,0.));
#11860 = DIRECTION('',(0.,0.,-1.));
#11861 = ORIENTED_EDGE('',*,*,#11862,.F.);
#11862 = EDGE_CURVE('',#11863,#11854,#11865,.T.);
#11863 = VERTEX_POINT('',#11864);
#11864 = CARTESIAN_POINT('',(-4.1,10.,23.1));
#11865 = LINE('',#11866,#11867);
#11866 = CARTESIAN_POINT('',(-4.1,10.,23.1));
#11867 = VECTOR('',#11868,1.);
#11868 = DIRECTION('',(0.,-1.,0.));
#11869 = ORIENTED_EDGE('',*,*,#11870,.T.);
#11870 = EDGE_CURVE('',#11863,#11863,#11871,.T.);
#11871 = CIRCLE('',#11872,0.1);
#11872 = AXIS2_PLACEMENT_3D('',#11873,#11874,#11875);
#11873 = CARTESIAN_POINT('',(-4.1,10.,23.2));
#11874 = DIRECTION('',(0.,-1.,0.));
#11875 = DIRECTION('',(0.,0.,-1.));
#11876 = ORIENTED_EDGE('',*,*,#11862,.T.);
#11877 = CYLINDRICAL_SURFACE('',#11878,0.1);
#11878 = AXIS2_PLACEMENT_3D('',#11879,#11880,#11881);
#11879 = CARTESIAN_POINT('',(-4.1,10.,23.2));
#11880 = DIRECTION('',(0.,-1.,0.));
#11881 = DIRECTION('',(0.,0.,-1.));
#11882 = ADVANCED_FACE('',(#11883),#11886,.T.);
#11883 = FACE_BOUND('',#11884,.T.);
#11884 = EDGE_LOOP('',(#11885));
#11885 = ORIENTED_EDGE('',*,*,#11853,.T.);
#11886 = PLANE('',#11887);
#11887 = AXIS2_PLACEMENT_3D('',#11888,#11889,#11890);
#11888 = CARTESIAN_POINT('',(-4.1,5.6,23.2));
#11889 = DIRECTION('',(0.,-1.,0.));
#11890 = DIRECTION('',(0.,0.,-1.));
#11891 = ADVANCED_FACE('',(#11892),#11895,.F.);
#11892 = FACE_BOUND('',#11893,.T.);
#11893 = EDGE_LOOP('',(#11894));
#11894 = ORIENTED_EDGE('',*,*,#11870,.F.);
#11895 = PLANE('',#11896);
#11896 = AXIS2_PLACEMENT_3D('',#11897,#11898,#11899);
#11897 = CARTESIAN_POINT('',(-4.1,10.,23.2));
#11898 = DIRECTION('',(0.,-1.,0.));
#11899 = DIRECTION('',(0.,0.,-1.));
#11900 = MANIFOLD_SOLID_BREP('',#11901);
#11901 = CLOSED_SHELL('',(#11902,#12080,#12241,#12367,#12505,#12643,
    #12756,#12858,#12951,#13033,#13135,#13236));
#11902 = ADVANCED_FACE('',(#11903),#12009,.T.);
#11903 = FACE_BOUND('',#11904,.T.);
#11904 = EDGE_LOOP('',(#11905,#11917,#11932,#11963,#12008));
#11905 = ORIENTED_EDGE('',*,*,#11906,.T.);
#11906 = EDGE_CURVE('',#11907,#11907,#11909,.T.);
#11907 = VERTEX_POINT('',#11908);
#11908 = CARTESIAN_POINT('',(0.,-0.35,24.98));
#11909 = ( BOUNDED_CURVE() B_SPLINE_CURVE(6,(#11910,#11911,#11912,#11913
    ,#11914,#11915,#11916),.UNSPECIFIED.,.T.,.F.) 
B_SPLINE_CURVE_WITH_KNOTS((1,6,6,1),(-6.28318530718,0.,6.28318530718,
12.566370614359),.UNSPECIFIED.) CURVE() GEOMETRIC_REPRESENTATION_ITEM() 
RATIONAL_B_SPLINE_CURVE((1.669078461068,1.03672962321,1.038346699848,
    0.853534330196,1.038346699848,1.03672962321,1.669078461068)) 
REPRESENTATION_ITEM('') );
#11910 = CARTESIAN_POINT('',(0.,-0.35,24.98));
#11911 = CARTESIAN_POINT('',(4.440892098501E-16,-0.133999400176,24.98));
#11912 = CARTESIAN_POINT('',(-4.440892098501E-16,-0.102985390178,
    24.712908735229));
#11913 = CARTESIAN_POINT('',(-4.440892098501E-16,-0.35,24.492614800269)
  );
#11914 = CARTESIAN_POINT('',(-4.440892098501E-16,-0.597014609822,
    24.712908735229));
#11915 = CARTESIAN_POINT('',(4.440892098501E-16,-0.566000599824,24.98));
#11916 = CARTESIAN_POINT('',(0.,-0.35,24.98));
#11917 = ORIENTED_EDGE('',*,*,#11918,.T.);
#11918 = EDGE_CURVE('',#11907,#11919,#11921,.T.);
#11919 = VERTEX_POINT('',#11920);
#11920 = CARTESIAN_POINT('',(-1.688378328289,2.123980029666E-02,24.98));
#11921 = ( BOUNDED_CURVE() B_SPLINE_CURVE(9,(#11922,#11923,#11924,#11925
    ,#11926,#11927,#11928,#11929,#11930,#11931),.UNSPECIFIED.,.F.,.F.) 
B_SPLINE_CURVE_WITH_KNOTS((10,10),(0.,1.),.PIECEWISE_BEZIER_KNOTS.) 
CURVE() GEOMETRIC_REPRESENTATION_ITEM() RATIONAL_B_SPLINE_CURVE((
    1.669078461068,1.669078461068,1.669078461068,1.669078461068,
    1.669078461068,1.669078461068,1.669078461068,1.669078461068,
1.669078461068,1.669078461068)) REPRESENTATION_ITEM('') );
#11922 = CARTESIAN_POINT('',(0.,-0.35,24.98));
#11923 = CARTESIAN_POINT('',(-0.9,-0.35,24.98));
#11924 = CARTESIAN_POINT('',(-1.675,-0.154166666667,24.98));
#11925 = CARTESIAN_POINT('',(-2.328571428571,0.207738095238,24.98));
#11926 = CARTESIAN_POINT('',(-2.864285714286,0.705952380952,24.98));
#11927 = CARTESIAN_POINT('',(-3.285714285714,1.310714285714,24.98));
#11928 = CARTESIAN_POINT('',(-3.596428571429,1.992261904762,24.98));
#11929 = CARTESIAN_POINT('',(-3.8,2.720833333333,24.98));
#11930 = CARTESIAN_POINT('',(-3.9,3.466666666667,24.98));
#11931 = CARTESIAN_POINT('',(-3.9,4.2,24.98));
#11932 = ORIENTED_EDGE('',*,*,#11933,.T.);
#11933 = EDGE_CURVE('',#11919,#11934,#11936,.T.);
#11934 = VERTEX_POINT('',#11935);
#11935 = CARTESIAN_POINT('',(-1.688377997545,2.1237257028E-02,
    24.720000000051));
#11936 = B_SPLINE_CURVE_WITH_KNOTS('',7,(#11937,#11938,#11939,#11940,
    #11941,#11942,#11943,#11944,#11945,#11946,#11947,#11948,#11949,
    #11950,#11951,#11952,#11953,#11954,#11955,#11956,#11957,#11958,
    #11959,#11960,#11961,#11962),.UNSPECIFIED.,.F.,.F.,(8,6,6,6,8),(0.,
    0.488587946495,0.711461906519,0.962500923741,1.),.UNSPECIFIED.);
#11937 = CARTESIAN_POINT('',(-1.688378327176,2.123979974857E-02,24.98));
#11938 = CARTESIAN_POINT('',(-1.689252185686,-9.633849402189E-03,
    24.979999834009));
#11939 = CARTESIAN_POINT('',(-1.690008423156,-4.084807714255E-02,
    24.972922671218));
#11940 = CARTESIAN_POINT('',(-1.690571348432,-6.989399981865E-02,
    24.958479850866));
#11941 = CARTESIAN_POINT('',(-1.690920142022,-9.40327905951E-02,
    24.937433161763));
#11942 = CARTESIAN_POINT('',(-1.691132071295,-0.111217253844,
    24.911632582802));
#11943 = CARTESIAN_POINT('',(-1.691242769539,-0.120419432242,
    24.883318262814));
#11944 = CARTESIAN_POINT('',(-1.691262951743,-0.122094917313,
    24.841736759842));
#11945 = CARTESIAN_POINT('',(-1.691249022473,-0.120944921919,
    24.828659436167));
#11946 = CARTESIAN_POINT('',(-1.691215394604,-0.118112785664,
    24.815745637859));
#11947 = CARTESIAN_POINT('',(-1.691160676477,-0.113634536997,
    24.803209528721));
#11948 = CARTESIAN_POINT('',(-1.691082153104,-0.107586167591,
    24.791256834139));
#11949 = CARTESIAN_POINT('',(-1.690976414766,-0.100080283209,
    24.780077184116));
#11950 = CARTESIAN_POINT('',(-1.690686310936,-8.133074690083E-02,
    24.758301748835));
#11951 = CARTESIAN_POINT('',(-1.690493895848,-6.973456571873E-02,
    24.747957708585));
#11952 = CARTESIAN_POINT('',(-1.690257784342,-5.668018182172E-02,
    24.739043424645));
#11953 = CARTESIAN_POINT('',(-1.689973872378,-4.242673943958E-02,
    24.731757729791));
#11954 = CARTESIAN_POINT('',(-1.689640361231,-2.727204060933E-02,
    24.726251785983));
#11955 = CARTESIAN_POINT('',(-1.689259210846,-1.153802953857E-02,
    24.72262166987));
#11956 = CARTESIAN_POINT('',(-1.688774609091,6.83100765927E-03,
    24.72064395057));
#11957 = CARTESIAN_POINT('',(-1.688710718883,9.223831684865E-03,
    24.72042956178));
#11958 = CARTESIAN_POINT('',(-1.688645944916,1.162109216321E-02,
    24.72025790992));
#11959 = CARTESIAN_POINT('',(-1.688580311836,1.40216842427E-02,
    24.720129083518));
#11960 = CARTESIAN_POINT('',(-1.688513846577,1.642450116485E-02,
    24.720043141622));
#11961 = CARTESIAN_POINT('',(-1.688446578365,1.882843426424E-02,
    24.720000113809));
#11962 = CARTESIAN_POINT('',(-1.688378538718,2.123237296854E-02,
    24.720000000176));
#11963 = ORIENTED_EDGE('',*,*,#11964,.T.);
#11964 = EDGE_CURVE('',#11934,#11919,#11965,.T.);
#11965 = B_SPLINE_CURVE_WITH_KNOTS('',6,(#11966,#11967,#11968,#11969,
    #11970,#11971,#11972,#11973,#11974,#11975,#11976,#11977,#11978,
    #11979,#11980,#11981,#11982,#11983,#11984,#11985,#11986,#11987,
    #11988,#11989,#11990,#11991,#11992,#11993,#11994,#11995,#11996,
    #11997,#11998,#11999,#12000,#12001,#12002,#12003,#12004,#12005,
    #12006,#12007),.UNSPECIFIED.,.F.,.F.,(7,5,5,5,5,5,5,5,7),(0.,
    6.972912006605E-02,0.283354677056,0.409184769678,0.501186686498,
    0.650205424867,0.868830029178,0.924250657798,1.),.UNSPECIFIED.);
#11966 = CARTESIAN_POINT('',(-1.68837544998,2.123971917147E-02,
    24.720000000006));
#11967 = CARTESIAN_POINT('',(-1.677064538583,2.091920456912E-02,
    24.720000041208));
#11968 = CARTESIAN_POINT('',(-1.665673604067,2.05993198687E-02,
    24.720204820556));
#11969 = CARTESIAN_POINT('',(-1.654225776554,2.028081663189E-02,
    24.720614043642));
#11970 = CARTESIAN_POINT('',(-1.642745135376,1.996443024926E-02,
    24.721226746365));
#11971 = CARTESIAN_POINT('',(-1.63125670907,1.965087994021E-02,
    24.722041294938));
#11972 = CARTESIAN_POINT('',(-1.58464570546,1.839109938053E-02,
    24.726162218739));
#11973 = CARTESIAN_POINT('',(-1.549678870598,1.747462929011E-02,
    24.731141707613));
#11974 = CARTESIAN_POINT('',(-1.515628570495,1.661136830108E-02,
    24.737928020908));
#11975 = CARTESIAN_POINT('',(-1.483325216558,1.581973017746E-02,
    24.746400198402));
#11976 = CARTESIAN_POINT('',(-1.453720936601,1.51155221627E-02,
    24.756381753941));
#11977 = CARTESIAN_POINT('',(-1.412422541463,1.415583118446E-02,
    24.774274698922));
#11978 = CARTESIAN_POINT('',(-1.39836889148,1.383489532996E-02,
    24.781350548045));
#11979 = CARTESIAN_POINT('',(-1.385756962507,1.355139867689E-02,
    24.788822128346));
#11980 = CARTESIAN_POINT('',(-1.374770810249,1.330763214367E-02,
    24.796634362213));
#11981 = CARTESIAN_POINT('',(-1.365571905831,1.310545209801E-02,
    24.804725250658));
#11982 = CARTESIAN_POINT('',(-1.352947316326,1.282974352128E-02,
    24.819096109289));
#11983 = CARTESIAN_POINT('',(-1.348633515745,1.273623544935E-02,
    24.825278457849));
#11984 = CARTESIAN_POINT('',(-1.345386225857,1.266619603045E-02,
    24.831546506601));
#11985 = CARTESIAN_POINT('',(-1.343238083364,1.261998362395E-02,
    24.83787231402));
#11986 = CARTESIAN_POINT('',(-1.342206024553,1.259778528063E-02,
    24.844227028304));
#11987 = CARTESIAN_POINT('',(-1.342429304751,1.260258124214E-02,
    24.860872457312));
#11988 = CARTESIAN_POINT('',(-1.345495733681,1.266857960712E-02,
    24.871163158701));
#11989 = CARTESIAN_POINT('',(-1.351495325152,1.279765701628E-02,
    24.881326932818));
#11990 = CARTESIAN_POINT('',(-1.360300107482,1.298856607047E-02,
    24.891240550232));
#11991 = CARTESIAN_POINT('',(-1.371686165859,1.323890158123E-02,
    24.900789155963));
#11992 = CARTESIAN_POINT('',(-1.405446619635,1.399465172928E-02,
    24.923196795452));
#11993 = CARTESIAN_POINT('',(-1.430470848765,1.456458865804E-02,
    24.935518460486));
#11994 = CARTESIAN_POINT('',(-1.459564658086,1.524434970844E-02,
    24.946521726657));
#11995 = CARTESIAN_POINT('',(-1.491617025204,1.601893459791E-02,
    24.955952650921));
#11996 = CARTESIAN_POINT('',(-1.525606876904,1.686966063458E-02,
    24.963630298649));
#11997 = CARTESIAN_POINT('',(-1.56949509523,1.80053548248E-02,
    24.970920258606));
#11998 = CARTESIAN_POINT('',(-1.578436160676,1.823857479178E-02,
    24.972274827823));
#11999 = CARTESIAN_POINT('',(-1.587427653928,1.847499692756E-02,
    24.973507920676));
#12000 = CARTESIAN_POINT('',(-1.596454959771,1.871426746877E-02,
    24.974618065284));
#12001 = CARTESIAN_POINT('',(-1.605503897004,1.895602352875E-02,
    24.975604103558));
#12002 = CARTESIAN_POINT('',(-1.626939651998,1.953321522942E-02,
    24.977642130091));
#12003 = CARTESIAN_POINT('',(-1.639333348705,1.98704900505E-02,
    24.978585660419));
#12004 = CARTESIAN_POINT('',(-1.651706694047,2.021076328657E-02,
    24.979293612791));
#12005 = CARTESIAN_POINT('',(-1.664026230281,2.055306530033E-02,
    24.979764997267));
#12006 = CARTESIAN_POINT('',(-1.67626015643,2.089641109145E-02,
    24.980000003351));
#12007 = CARTESIAN_POINT('',(-1.688378328289,2.12398002966E-02,24.98));
#12008 = ORIENTED_EDGE('',*,*,#11918,.F.);
#12009 = ( BOUNDED_SURFACE() B_SPLINE_SURFACE(6,9,(
    (#12010,#12011,#12012,#12013,#12014,#12015,#12016,#12017,#12018
      ,#12019)
    ,(#12020,#12021,#12022,#12023,#12024,#12025,#12026,#12027,#12028
      ,#12029)
    ,(#12030,#12031,#12032,#12033,#12034,#12035,#12036,#12037,#12038
      ,#12039)
    ,(#12040,#12041,#12042,#12043,#12044,#12045,#12046,#12047,#12048
      ,#12049)
    ,(#12050,#12051,#12052,#12053,#12054,#12055,#12056,#12057,#12058
      ,#12059)
    ,(#12060,#12061,#12062,#12063,#12064,#12065,#12066,#12067,#12068
      ,#12069)
    ,(#12070,#12071,#12072,#12073,#12074,#12075,#12076,#12077,#12078
,#12079
    )),.UNSPECIFIED.,.T.,.F.,.F.) B_SPLINE_SURFACE_WITH_KNOTS((1,6,6,1),
  (10,10),(-6.28318530718,0.,6.28318530718,12.566370614359),(0.,1.),
.UNSPECIFIED.) GEOMETRIC_REPRESENTATION_ITEM() RATIONAL_B_SPLINE_SURFACE
((
    (1.669078461068,1.669078461068,1.669078461068,1.669078461068
      ,1.669078461068,1.669078461068,1.669078461068,1.669078461068
      ,1.669078461068,1.669078461068)
    ,(1.03672962321,1.03672962321,1.03672962321,1.03672962321
      ,1.03672962321,1.03672962321,1.03672962321,1.03672962321
      ,1.03672962321,1.03672962321)
    ,(1.038346699848,1.038346699847,1.038346699848,1.038346699847
      ,1.038346699848,1.038346699847,1.038346699848,1.038346699847
      ,1.038346699848,1.038346699848)
    ,(0.853534330196,0.853534330196,0.853534330196,0.853534330196
      ,0.853534330196,0.853534330196,0.853534330196,0.853534330196
      ,0.853534330196,0.853534330196)
    ,(1.038346699848,1.038346699847,1.038346699848,1.038346699847
      ,1.038346699848,1.038346699847,1.038346699848,1.038346699847
      ,1.038346699848,1.038346699848)
    ,(1.03672962321,1.03672962321,1.03672962321,1.03672962321
      ,1.03672962321,1.03672962321,1.03672962321,1.03672962321
      ,1.03672962321,1.03672962321)
    ,(1.669078461068,1.669078461068,1.669078461068,1.669078461068
      ,1.669078461068,1.669078461068,1.669078461068,1.669078461068
,1.669078461068,1.669078461068))) REPRESENTATION_ITEM('') SURFACE() );
#12010 = CARTESIAN_POINT('',(0.,-0.35,24.98));
#12011 = CARTESIAN_POINT('',(-0.9,-0.35,24.98));
#12012 = CARTESIAN_POINT('',(-1.675,-0.154166666667,24.98));
#12013 = CARTESIAN_POINT('',(-2.328571428571,0.207738095238,24.98));
#12014 = CARTESIAN_POINT('',(-2.864285714286,0.705952380952,24.98));
#12015 = CARTESIAN_POINT('',(-3.285714285714,1.310714285714,24.98));
#12016 = CARTESIAN_POINT('',(-3.596428571429,1.992261904762,24.98));
#12017 = CARTESIAN_POINT('',(-3.8,2.720833333333,24.98));
#12018 = CARTESIAN_POINT('',(-3.9,3.466666666667,24.98));
#12019 = CARTESIAN_POINT('',(-3.9,4.2,24.98));
#12020 = CARTESIAN_POINT('',(4.440892098501E-16,-0.133999400176,24.98));
#12021 = CARTESIAN_POINT('',(-0.858222106207,-0.133999400176,24.98));
#12022 = CARTESIAN_POINT('',(-1.585394812899,5.274337293403E-02,24.98));
#12023 = CARTESIAN_POINT('',(-2.188956579479,0.392772676816,24.98));
#12024 = CARTESIAN_POINT('',(-2.685869275743,0.84746141604,24.98));
#12025 = CARTESIAN_POINT('',(-3.095072870049,1.421290307682,24.98));
#12026 = CARTESIAN_POINT('',(-3.39040653232,2.072086100033,24.98));
#12027 = CARTESIAN_POINT('',(-3.587569658024,2.773122734737,24.98));
#12028 = CARTESIAN_POINT('',(-3.683999400176,3.492848557554,24.98));
#12029 = CARTESIAN_POINT('',(-3.683999400176,4.2,24.98));
#12030 = CARTESIAN_POINT('',(-4.440892098501E-16,-0.102985390178,
    24.712908735229));
#12031 = CARTESIAN_POINT('',(-0.852223511681,-0.102985390178,
    24.712908735229));
#12032 = CARTESIAN_POINT('',(-1.572529033031,8.24521331969E-02,
    24.712908735229));
#12033 = CARTESIAN_POINT('',(-2.168910263269,0.419340493607,
    24.712908735229));
#12034 = CARTESIAN_POINT('',(-2.660251711656,0.867779705122,
    24.712908735229));
#12035 = CARTESIAN_POINT('',(-3.067700007306,1.437167142532,
    24.712908735229));
#12036 = CARTESIAN_POINT('',(-3.360825273815,2.083547495938,
    24.712908735229));
#12037 = CARTESIAN_POINT('',(-3.557068276291,2.78063060286,
    24.712908735229));
#12038 = CARTESIAN_POINT('',(-3.652985390178,3.496607831494,
    24.712908735229));
#12039 = CARTESIAN_POINT('',(-3.652985390178,4.2,24.712908735229));
#12040 = CARTESIAN_POINT('',(-4.440892098501E-16,-0.35,24.492614800269)
  );
#12041 = CARTESIAN_POINT('',(-0.9,-0.35,24.492614800269));
#12042 = CARTESIAN_POINT('',(-1.675,-0.154166666667,24.492614800269));
#12043 = CARTESIAN_POINT('',(-2.328571428571,0.207738095238,
    24.492614800269));
#12044 = CARTESIAN_POINT('',(-2.864285714286,0.705952380952,
    24.492614800269));
#12045 = CARTESIAN_POINT('',(-3.285714285714,1.310714285714,
    24.492614800269));
#12046 = CARTESIAN_POINT('',(-3.596428571428,1.992261904762,
    24.492614800269));
#12047 = CARTESIAN_POINT('',(-3.8,2.720833333333,24.492614800269));
#12048 = CARTESIAN_POINT('',(-3.9,3.466666666667,24.492614800269));
#12049 = CARTESIAN_POINT('',(-3.9,4.2,24.492614800269));
#12050 = CARTESIAN_POINT('',(-4.440892098501E-16,-0.597014609822,
    24.712908735229));
#12051 = CARTESIAN_POINT('',(-0.947776488319,-0.597014609822,
    24.712908735229));
#12052 = CARTESIAN_POINT('',(-1.777470966969,-0.39078546653,
    24.712908735229));
#12053 = CARTESIAN_POINT('',(-2.488232593873,-3.864303131392E-03,
    24.712908735229));
#12054 = CARTESIAN_POINT('',(-3.068319716915,0.544125056783,
    24.712908735229));
#12055 = CARTESIAN_POINT('',(-3.503728564123,1.184261428897,
    24.712908735229));
#12056 = CARTESIAN_POINT('',(-3.832031869042,1.900976313586,
    24.712908735229));
#12057 = CARTESIAN_POINT('',(-4.042931723709,2.661036063807,
    24.712908735229));
#12058 = CARTESIAN_POINT('',(-4.147014609822,3.43672550184,
    24.712908735229));
#12059 = CARTESIAN_POINT('',(-4.147014609822,4.2,24.712908735229));
#12060 = CARTESIAN_POINT('',(4.440892098501E-16,-0.566000599824,24.98));
#12061 = CARTESIAN_POINT('',(-0.941777893793,-0.566000599824,24.98));
#12062 = CARTESIAN_POINT('',(-1.764605187101,-0.361076706267,24.98));
#12063 = CARTESIAN_POINT('',(-2.468186277664,2.27035136602E-02,24.98));
#12064 = CARTESIAN_POINT('',(-3.042702152829,0.564443345864,24.98));
#12065 = CARTESIAN_POINT('',(-3.47635570138,1.200138263747,24.98));
#12066 = CARTESIAN_POINT('',(-3.802450610537,1.912437709491,24.98));
#12067 = CARTESIAN_POINT('',(-4.012430341976,2.66854393193,24.98));
#12068 = CARTESIAN_POINT('',(-4.116000599824,3.440484775779,24.98));
#12069 = CARTESIAN_POINT('',(-4.116000599824,4.2,24.98));
#12070 = CARTESIAN_POINT('',(0.,-0.35,24.98));
#12071 = CARTESIAN_POINT('',(-0.9,-0.35,24.98));
#12072 = CARTESIAN_POINT('',(-1.675,-0.154166666667,24.98));
#12073 = CARTESIAN_POINT('',(-2.328571428571,0.207738095238,24.98));
#12074 = CARTESIAN_POINT('',(-2.864285714286,0.705952380952,24.98));
#12075 = CARTESIAN_POINT('',(-3.285714285714,1.310714285714,24.98));
#12076 = CARTESIAN_POINT('',(-3.596428571429,1.992261904762,24.98));
#12077 = CARTESIAN_POINT('',(-3.8,2.720833333333,24.98));
#12078 = CARTESIAN_POINT('',(-3.9,3.466666666667,24.98));
#12079 = CARTESIAN_POINT('',(-3.9,4.2,24.98));
#12080 = ADVANCED_FACE('',(#12081),#12170,.T.);
#12081 = FACE_BOUND('',#12082,.T.);
#12082 = EDGE_LOOP('',(#12083,#12110,#12123,#12124,#12125));
#12083 = ORIENTED_EDGE('',*,*,#12084,.T.);
#12084 = EDGE_CURVE('',#12085,#12087,#12089,.T.);
#12085 = VERTEX_POINT('',#12086);
#12086 = CARTESIAN_POINT('',(1.688381027775,2.123678337644E-02,
    24.720000000071));
#12087 = VERTEX_POINT('',#12088);
#12088 = CARTESIAN_POINT('',(1.688378328289,2.123980029663E-02,24.98));
#12089 = B_SPLINE_CURVE_WITH_KNOTS('',7,(#12090,#12091,#12092,#12093,
    #12094,#12095,#12096,#12097,#12098,#12099,#12100,#12101,#12102,
    #12103,#12104,#12105,#12106,#12107,#12108,#12109),.UNSPECIFIED.,.F.,
  .F.,(8,6,6,8),(0.,0.275000097312,0.511292108471,1.),.UNSPECIFIED.);
#12090 = CARTESIAN_POINT('',(1.688378519661,2.12330386058E-02,
    24.720000000146));
#12091 = CARTESIAN_POINT('',(1.688877428861,3.603746814654E-03,
    24.720001039672));
#12092 = CARTESIAN_POINT('',(1.689335129627,-1.40258870438E-02,
    24.722308829419));
#12093 = CARTESIAN_POINT('',(1.689738500583,-3.121687106433E-02,
    24.726926640208));
#12094 = CARTESIAN_POINT('',(1.6900822475,-4.753296922017E-02,
    24.733765789424));
#12095 = CARTESIAN_POINT('',(1.690366968668,-6.256459770403E-02,
    24.742655676777));
#12096 = CARTESIAN_POINT('',(1.69059722025,-7.595272126911E-02,
    24.753353820065));
#12097 = CARTESIAN_POINT('',(1.690936250462,-9.725945097511E-02,
    24.776040676471));
#12098 = CARTESIAN_POINT('',(1.691057301344,-0.10568267659,
    24.78763656246));
#12099 = CARTESIAN_POINT('',(1.691146788488,-0.112499459051,
    24.800152805526));
#12100 = CARTESIAN_POINT('',(1.691208916752,-0.117567690163,
    24.813367050659));
#12101 = CARTESIAN_POINT('',(1.691247145905,-0.12079084259,
    24.827035482598));
#12102 = CARTESIAN_POINT('',(1.691263294868,-0.122122691563,
    24.840902977209));
#12103 = CARTESIAN_POINT('',(1.691242933413,-0.120433087249,
    24.88327617404));
#12104 = CARTESIAN_POINT('',(1.691132333821,-0.111238501043,
    24.911600708816));
#12105 = CARTESIAN_POINT('',(1.690920488971,-9.405669908026E-02,
    24.93741234702));
#12106 = CARTESIAN_POINT('',(1.690571759904,-6.991543378445E-02,
    24.958469205993));
#12107 = CARTESIAN_POINT('',(1.690008801834,-4.086352171654E-02,
    24.972919126072));
#12108 = CARTESIAN_POINT('',(1.689252399819,-9.641530502681E-03,
    24.979999838539));
#12109 = CARTESIAN_POINT('',(1.688378328289,2.123980029667E-02,24.98));
#12110 = ORIENTED_EDGE('',*,*,#12111,.T.);
#12111 = EDGE_CURVE('',#12087,#11907,#12112,.T.);
#12112 = ( BOUNDED_CURVE() B_SPLINE_CURVE(9,(#12113,#12114,#12115,#12116
    ,#12117,#12118,#12119,#12120,#12121,#12122),.UNSPECIFIED.,.F.,.F.) 
B_SPLINE_CURVE_WITH_KNOTS((10,10),(0.,1.),.PIECEWISE_BEZIER_KNOTS.) 
CURVE() GEOMETRIC_REPRESENTATION_ITEM() RATIONAL_B_SPLINE_CURVE((
    1.669078461068,1.669078461068,1.669078461068,1.669078461068,
    1.669078461068,1.669078461068,1.669078461068,1.669078461068,
1.669078461068,1.669078461068)) REPRESENTATION_ITEM('') );
#12113 = CARTESIAN_POINT('',(3.9,4.2,24.98));
#12114 = CARTESIAN_POINT('',(3.9,3.466666666667,24.98));
#12115 = CARTESIAN_POINT('',(3.8,2.720833333333,24.98));
#12116 = CARTESIAN_POINT('',(3.596428571429,1.992261904762,24.98));
#12117 = CARTESIAN_POINT('',(3.285714285714,1.310714285714,24.98));
#12118 = CARTESIAN_POINT('',(2.864285714286,0.705952380952,24.98));
#12119 = CARTESIAN_POINT('',(2.328571428571,0.207738095238,24.98));
#12120 = CARTESIAN_POINT('',(1.675,-0.154166666667,24.98));
#12121 = CARTESIAN_POINT('',(0.9,-0.35,24.98));
#12122 = CARTESIAN_POINT('',(0.,-0.35,24.98));
#12123 = ORIENTED_EDGE('',*,*,#11906,.F.);
#12124 = ORIENTED_EDGE('',*,*,#12111,.F.);
#12125 = ORIENTED_EDGE('',*,*,#12126,.T.);
#12126 = EDGE_CURVE('',#12087,#12085,#12127,.T.);
#12127 = B_SPLINE_CURVE_WITH_KNOTS('',6,(#12128,#12129,#12130,#12131,
    #12132,#12133,#12134,#12135,#12136,#12137,#12138,#12139,#12140,
    #12141,#12142,#12143,#12144,#12145,#12146,#12147,#12148,#12149,
    #12150,#12151,#12152,#12153,#12154,#12155,#12156,#12157,#12158,
    #12159,#12160,#12161,#12162,#12163,#12164,#12165,#12166,#12167,
    #12168,#12169),.UNSPECIFIED.,.F.,.F.,(7,5,5,5,5,5,5,5,7),(0.,
    7.62459539418E-02,0.279915776235,0.401379009943,0.498741978048,
    0.646838715758,0.875265199729,0.9307761803,1.),.UNSPECIFIED.);
#12128 = CARTESIAN_POINT('',(1.688378328289,2.12398002966E-02,24.98));
#12129 = CARTESIAN_POINT('',(1.676180750495,2.089416102435E-02,
    24.980000003553));
#12130 = CARTESIAN_POINT('',(1.663865895632,2.054856562414E-02,
    24.979761907264));
#12131 = CARTESIAN_POINT('',(1.651464505428,2.020403440485E-02,
    24.979284315684));
#12132 = CARTESIAN_POINT('',(1.639009021479,1.986157179556E-02,
    24.978567043598));
#12133 = CARTESIAN_POINT('',(1.626533585244,1.952216634552E-02,
    24.977611116027));
#12134 = CARTESIAN_POINT('',(1.580791830889,1.829092472333E-02,
    24.97323372667));
#12135 = CARTESIAN_POINT('',(1.547625420074,1.742386753754E-02,
    24.968361922022));
#12136 = CARTESIAN_POINT('',(1.515252578461,1.660384788615E-02,
    24.961845248268));
#12137 = CARTESIAN_POINT('',(1.484435771269,1.584798673924E-02,
    24.95378378928));
#12138 = CARTESIAN_POINT('',(1.456029793896,1.517084946442E-02,
    24.9443322385));
#12139 = CARTESIAN_POINT('',(1.41583566986,1.4234302567E-02,
    24.927347973554));
#12140 = CARTESIAN_POINT('',(1.401968658679,1.391661967043E-02,
    24.920580915864));
#12141 = CARTESIAN_POINT('',(1.389423489218,1.363363292517E-02,
    24.913435076946));
#12142 = CARTESIAN_POINT('',(1.378369921837,1.338749803868E-02,
    24.905960659721));
#12143 = CARTESIAN_POINT('',(1.368957823081,1.317995566087E-02,
    24.898213974929));
#12144 = CARTESIAN_POINT('',(1.355162870321,1.287784424447E-02,
    24.883878077275));
#12145 = CARTESIAN_POINT('',(1.350151535112,1.276902539866E-02,
    24.877363806805));
#12146 = CARTESIAN_POINT('',(1.346327490343,1.268646666377E-02,
    24.87074608771));
#12147 = CARTESIAN_POINT('',(1.343731861943,1.26306057231E-02,
    24.864058208963));
#12148 = CARTESIAN_POINT('',(1.342386042122,1.260165975575E-02,
    24.857334498065));
#12149 = CARTESIAN_POINT('',(1.342148010017,1.259652935097E-02,
    24.840382320833));
#12150 = CARTESIAN_POINT('',(1.344896748852,1.265569126904E-02,
    24.830151757973));
#12151 = CARTESIAN_POINT('',(1.350542647749,1.27770865316E-02,
    24.820042395736));
#12152 = CARTESIAN_POINT('',(1.358961519192,1.295943469145E-02,
    24.810174106096));
#12153 = CARTESIAN_POINT('',(1.369937147555,1.320037740009E-02,
    24.800657968287));
#12154 = CARTESIAN_POINT('',(1.403652306031,1.395363688281E-02,
    24.777607057253));
#12155 = CARTESIAN_POINT('',(1.429544852978,1.454224822458E-02,
    24.764692870308));
#12156 = CARTESIAN_POINT('',(1.459896500271,1.525066632218E-02,
    24.753202150023));
#12157 = CARTESIAN_POINT('',(1.493463956757,1.606243500652E-02,
    24.743415389244));
#12158 = CARTESIAN_POINT('',(1.529139004772,1.695750802198E-02,
    24.735534047208));
#12159 = CARTESIAN_POINT('',(1.574876015999,1.81458038486E-02,
    24.728270598691));
#12160 = CARTESIAN_POINT('',(1.583883672459,1.838170968659E-02,
    24.726970959811));
#12161 = CARTESIAN_POINT('',(1.592942900178,1.862087838159E-02,
    24.725793627059));
#12162 = CARTESIAN_POINT('',(1.602039793609,1.886297435439E-02,
    24.724740257683));
#12163 = CARTESIAN_POINT('',(1.611160846748,1.910765287379E-02,
    24.723812255551));
#12164 = CARTESIAN_POINT('',(1.631680957598,1.966246021497E-02,
    24.722011298342));
#12165 = CARTESIAN_POINT('',(1.643086138941,1.997382777132E-02,
    24.721208560984));
#12166 = CARTESIAN_POINT('',(1.654483099375,2.028797503503E-02,
    24.720604798811));
#12167 = CARTESIAN_POINT('',(1.665847362957,2.060419813169E-02,
    24.720201600842));
#12168 = CARTESIAN_POINT('',(1.677155375593,2.092177700313E-02,
    24.719999905383));
#12169 = CARTESIAN_POINT('',(1.688384505032,2.123997540747E-02,
    24.720000000025));
#12170 = ( BOUNDED_SURFACE() B_SPLINE_SURFACE(6,9,(
    (#12171,#12172,#12173,#12174,#12175,#12176,#12177,#12178,#12179
      ,#12180)
    ,(#12181,#12182,#12183,#12184,#12185,#12186,#12187,#12188,#12189
      ,#12190)
    ,(#12191,#12192,#12193,#12194,#12195,#12196,#12197,#12198,#12199
      ,#12200)
    ,(#12201,#12202,#12203,#12204,#12205,#12206,#12207,#12208,#12209
      ,#12210)
    ,(#12211,#12212,#12213,#12214,#12215,#12216,#12217,#12218,#12219
      ,#12220)
    ,(#12221,#12222,#12223,#12224,#12225,#12226,#12227,#12228,#12229
      ,#12230)
    ,(#12231,#12232,#12233,#12234,#12235,#12236,#12237,#12238,#12239
,#12240
    )),.UNSPECIFIED.,.T.,.F.,.F.) B_SPLINE_SURFACE_WITH_KNOTS((1,6,6,1),
  (10,10),(-6.28318530718,0.,6.28318530718,12.566370614359),(0.,1.),
.UNSPECIFIED.) GEOMETRIC_REPRESENTATION_ITEM() RATIONAL_B_SPLINE_SURFACE
((
    (1.669078461068,1.669078461068,1.669078461068,1.669078461068
      ,1.669078461068,1.669078461068,1.669078461068,1.669078461068
      ,1.669078461068,1.669078461068)
    ,(1.03672962321,1.03672962321,1.03672962321,1.03672962321
      ,1.03672962321,1.03672962321,1.03672962321,1.03672962321
      ,1.03672962321,1.03672962321)
    ,(1.038346699848,1.038346699847,1.038346699848,1.038346699847
      ,1.038346699848,1.038346699847,1.038346699848,1.038346699847
      ,1.038346699848,1.038346699848)
    ,(0.853534330196,0.853534330196,0.853534330196,0.853534330196
      ,0.853534330196,0.853534330196,0.853534330196,0.853534330196
      ,0.853534330196,0.853534330196)
    ,(1.038346699848,1.038346699847,1.038346699848,1.038346699847
      ,1.038346699848,1.038346699847,1.038346699848,1.038346699847
      ,1.038346699848,1.038346699848)
    ,(1.03672962321,1.03672962321,1.03672962321,1.03672962321
      ,1.03672962321,1.03672962321,1.03672962321,1.03672962321
      ,1.03672962321,1.03672962321)
    ,(1.669078461068,1.669078461068,1.669078461068,1.669078461068
      ,1.669078461068,1.669078461068,1.669078461068,1.669078461068
,1.669078461068,1.669078461068))) REPRESENTATION_ITEM('') SURFACE() );
#12171 = CARTESIAN_POINT('',(3.9,4.2,24.98));
#12172 = CARTESIAN_POINT('',(3.9,3.466666666667,24.98));
#12173 = CARTESIAN_POINT('',(3.8,2.720833333333,24.98));
#12174 = CARTESIAN_POINT('',(3.596428571429,1.992261904762,24.98));
#12175 = CARTESIAN_POINT('',(3.285714285714,1.310714285714,24.98));
#12176 = CARTESIAN_POINT('',(2.864285714286,0.705952380952,24.98));
#12177 = CARTESIAN_POINT('',(2.328571428571,0.207738095238,24.98));
#12178 = CARTESIAN_POINT('',(1.675,-0.154166666667,24.98));
#12179 = CARTESIAN_POINT('',(0.9,-0.35,24.98));
#12180 = CARTESIAN_POINT('',(0.,-0.35,24.98));
#12181 = CARTESIAN_POINT('',(3.683999400176,4.2,24.98));
#12182 = CARTESIAN_POINT('',(3.683999400176,3.492848557554,24.98));
#12183 = CARTESIAN_POINT('',(3.587569658024,2.773122734737,24.98));
#12184 = CARTESIAN_POINT('',(3.39040653232,2.072086100033,24.98));
#12185 = CARTESIAN_POINT('',(3.095072870049,1.421290307682,24.98));
#12186 = CARTESIAN_POINT('',(2.685869275743,0.84746141604,24.98));
#12187 = CARTESIAN_POINT('',(2.188956579479,0.392772676816,24.98));
#12188 = CARTESIAN_POINT('',(1.585394812899,5.274337293405E-02,24.98));
#12189 = CARTESIAN_POINT('',(0.858222106207,-0.133999400176,24.98));
#12190 = CARTESIAN_POINT('',(0.,-0.133999400176,24.98));
#12191 = CARTESIAN_POINT('',(3.652985390178,4.2,24.712908735229));
#12192 = CARTESIAN_POINT('',(3.652985390178,3.496607831494,
    24.712908735229));
#12193 = CARTESIAN_POINT('',(3.557068276291,2.78063060286,
    24.712908735229));
#12194 = CARTESIAN_POINT('',(3.360825273815,2.083547495938,
    24.712908735229));
#12195 = CARTESIAN_POINT('',(3.067700007306,1.437167142532,
    24.712908735229));
#12196 = CARTESIAN_POINT('',(2.660251711656,0.867779705121,
    24.712908735229));
#12197 = CARTESIAN_POINT('',(2.16891026327,0.419340493608,
    24.712908735229));
#12198 = CARTESIAN_POINT('',(1.572529033031,8.245213319679E-02,
    24.712908735229));
#12199 = CARTESIAN_POINT('',(0.852223511681,-0.102985390178,
    24.712908735229));
#12200 = CARTESIAN_POINT('',(0.,-0.102985390178,24.712908735229));
#12201 = CARTESIAN_POINT('',(3.9,4.2,24.492614800269));
#12202 = CARTESIAN_POINT('',(3.9,3.466666666667,24.492614800269));
#12203 = CARTESIAN_POINT('',(3.8,2.720833333333,24.492614800269));
#12204 = CARTESIAN_POINT('',(3.596428571429,1.992261904762,
    24.492614800269));
#12205 = CARTESIAN_POINT('',(3.285714285714,1.310714285714,
    24.492614800269));
#12206 = CARTESIAN_POINT('',(2.864285714286,0.705952380952,
    24.492614800269));
#12207 = CARTESIAN_POINT('',(2.328571428572,0.207738095238,
    24.492614800269));
#12208 = CARTESIAN_POINT('',(1.675,-0.154166666667,24.492614800269));
#12209 = CARTESIAN_POINT('',(0.9,-0.35,24.492614800269));
#12210 = CARTESIAN_POINT('',(4.440892098501E-16,-0.35,24.492614800269));
#12211 = CARTESIAN_POINT('',(4.147014609822,4.2,24.712908735229));
#12212 = CARTESIAN_POINT('',(4.147014609822,3.43672550184,
    24.712908735229));
#12213 = CARTESIAN_POINT('',(4.042931723709,2.661036063807,
    24.712908735229));
#12214 = CARTESIAN_POINT('',(3.832031869042,1.900976313586,
    24.712908735229));
#12215 = CARTESIAN_POINT('',(3.503728564123,1.184261428897,
    24.712908735229));
#12216 = CARTESIAN_POINT('',(3.068319716915,0.544125056783,
    24.712908735229));
#12217 = CARTESIAN_POINT('',(2.488232593873,-3.86430313106E-03,
    24.712908735229));
#12218 = CARTESIAN_POINT('',(1.777470966969,-0.39078546653,
    24.712908735229));
#12219 = CARTESIAN_POINT('',(0.947776488319,-0.597014609822,
    24.712908735229));
#12220 = CARTESIAN_POINT('',(4.440892098501E-16,-0.597014609822,
    24.712908735229));
#12221 = CARTESIAN_POINT('',(4.116000599824,4.2,24.98));
#12222 = CARTESIAN_POINT('',(4.116000599824,3.440484775779,24.98));
#12223 = CARTESIAN_POINT('',(4.012430341976,2.66854393193,24.98));
#12224 = CARTESIAN_POINT('',(3.802450610537,1.912437709491,24.98));
#12225 = CARTESIAN_POINT('',(3.47635570138,1.200138263746,24.98));
#12226 = CARTESIAN_POINT('',(3.042702152829,0.564443345865,24.98));
#12227 = CARTESIAN_POINT('',(2.468186277664,2.270351366018E-02,24.98));
#12228 = CARTESIAN_POINT('',(1.764605187101,-0.361076706267,24.98));
#12229 = CARTESIAN_POINT('',(0.941777893793,-0.566000599824,24.98));
#12230 = CARTESIAN_POINT('',(4.440892098501E-16,-0.566000599824,24.98));
#12231 = CARTESIAN_POINT('',(3.9,4.2,24.98));
#12232 = CARTESIAN_POINT('',(3.9,3.466666666667,24.98));
#12233 = CARTESIAN_POINT('',(3.8,2.720833333333,24.98));
#12234 = CARTESIAN_POINT('',(3.596428571429,1.992261904762,24.98));
#12235 = CARTESIAN_POINT('',(3.285714285714,1.310714285714,24.98));
#12236 = CARTESIAN_POINT('',(2.864285714286,0.705952380952,24.98));
#12237 = CARTESIAN_POINT('',(2.328571428571,0.207738095238,24.98));
#12238 = CARTESIAN_POINT('',(1.675,-0.154166666667,24.98));
#12239 = CARTESIAN_POINT('',(0.9,-0.35,24.98));
#12240 = CARTESIAN_POINT('',(0.,-0.35,24.98));
#12241 = ADVANCED_FACE('',(#12242),#12296,.T.);
#12242 = FACE_BOUND('',#12243,.T.);
#12243 = EDGE_LOOP('',(#12244,#12256,#12269,#12270,#12295));
#12244 = ORIENTED_EDGE('',*,*,#12245,.T.);
#12245 = EDGE_CURVE('',#12246,#12246,#12248,.T.);
#12246 = VERTEX_POINT('',#12247);
#12247 = CARTESIAN_POINT('',(0.,0.35,24.98));
#12248 = ( BOUNDED_CURVE() B_SPLINE_CURVE(6,(#12249,#12250,#12251,#12252
    ,#12253,#12254,#12255),.UNSPECIFIED.,.T.,.F.) 
B_SPLINE_CURVE_WITH_KNOTS((1,6,6,1),(-6.28318530718,0.,6.28318530718,
12.566370614359),.UNSPECIFIED.) CURVE() GEOMETRIC_REPRESENTATION_ITEM() 
RATIONAL_B_SPLINE_CURVE((1.669078461068,1.03672962321,1.038346699848,
    0.853534330196,1.038346699848,1.03672962321,1.669078461068)) 
REPRESENTATION_ITEM('') );
#12249 = CARTESIAN_POINT('',(0.,0.35,24.98));
#12250 = CARTESIAN_POINT('',(0.,0.566000599824,24.98));
#12251 = CARTESIAN_POINT('',(-1.33226762955E-15,0.597014609822,
    24.712908735229));
#12252 = CARTESIAN_POINT('',(-4.440892098501E-16,0.35,24.492614800269));
#12253 = CARTESIAN_POINT('',(0.,0.102985390178,24.712908735229));
#12254 = CARTESIAN_POINT('',(-8.881784197001E-16,0.133999400176,24.98));
#12255 = CARTESIAN_POINT('',(0.,0.35,24.98));
#12256 = ORIENTED_EDGE('',*,*,#12257,.T.);
#12257 = EDGE_CURVE('',#12246,#11919,#12258,.T.);
#12258 = ( BOUNDED_CURVE() B_SPLINE_CURVE(9,(#12259,#12260,#12261,#12262
    ,#12263,#12264,#12265,#12266,#12267,#12268),.UNSPECIFIED.,.F.,.F.) 
B_SPLINE_CURVE_WITH_KNOTS((10,10),(0.,1.),.PIECEWISE_BEZIER_KNOTS.) 
CURVE() GEOMETRIC_REPRESENTATION_ITEM() RATIONAL_B_SPLINE_CURVE((
    1.669078461068,1.669078461068,1.669078461068,1.669078461068,
    1.669078461068,1.669078461068,1.669078461068,1.669078461068,
1.669078461068,1.669078461068)) REPRESENTATION_ITEM('') );
#12259 = CARTESIAN_POINT('',(0.,0.35,24.98));
#12260 = CARTESIAN_POINT('',(-0.933333333333,0.35,24.98));
#12261 = CARTESIAN_POINT('',(-1.758333333333,0.154166666667,24.98));
#12262 = CARTESIAN_POINT('',(-2.472619047619,-0.208928571429,24.98));
#12263 = CARTESIAN_POINT('',(-3.073809523809,-0.710714285714,24.98));
#12264 = CARTESIAN_POINT('',(-3.559523809524,-1.322619047619,24.98));
#12265 = CARTESIAN_POINT('',(-3.927380952381,-2.016071428571,24.98));
#12266 = CARTESIAN_POINT('',(-4.175,-2.7625,24.98));
#12267 = CARTESIAN_POINT('',(-4.3,-3.533333333333,24.98));
#12268 = CARTESIAN_POINT('',(-4.3,-4.3,24.98));
#12269 = ORIENTED_EDGE('',*,*,#11964,.F.);
#12270 = ORIENTED_EDGE('',*,*,#12271,.F.);
#12271 = EDGE_CURVE('',#11919,#11934,#12272,.T.);
#12272 = B_SPLINE_CURVE_WITH_KNOTS('',6,(#12273,#12274,#12275,#12276,
    #12277,#12278,#12279,#12280,#12281,#12282,#12283,#12284,#12285,
    #12286,#12287,#12288,#12289,#12290,#12291,#12292,#12293,#12294),
  .UNSPECIFIED.,.F.,.F.,(7,5,5,5,7),(0.,0.290590930391,0.489019275933,
    0.698945278722,1.),.UNSPECIFIED.);
#12273 = CARTESIAN_POINT('',(-1.688378328289,2.12398002965E-02,24.98));
#12274 = CARTESIAN_POINT('',(-1.687771941028,4.266311300971E-02,
    24.979999932507));
#12275 = CARTESIAN_POINT('',(-1.687097839083,6.425505528404E-02,
    24.976494760135));
#12276 = CARTESIAN_POINT('',(-1.686379786692,8.509106458478E-02,
    24.969378899426));
#12277 = CARTESIAN_POINT('',(-1.685662853225,0.104184785417,
    24.958854698873));
#12278 = CARTESIAN_POINT('',(-1.685005557752,0.120712435618,
    24.945428021124));
#12279 = CARTESIAN_POINT('',(-1.684076016918,0.143232355382,
    24.919065508935));
#12280 = CARTESIAN_POINT('',(-1.683747744978,0.150903864046,
    24.907324549183));
#12281 = CARTESIAN_POINT('',(-1.683483175728,0.156923187911,
    24.894751675581));
#12282 = CARTESIAN_POINT('',(-1.683294078895,0.161160250221,
    24.881594306079));
#12283 = CARTESIAN_POINT('',(-1.68318748229,0.163544709227,
    24.868117511667));
#12284 = CARTESIAN_POINT('',(-1.683139130415,0.164625461588,
    24.840270880761));
#12285 = CARTESIAN_POINT('',(-1.683207267819,0.163100010745,
    24.825894279208));
#12286 = CARTESIAN_POINT('',(-1.683369738337,0.159483531243,
    24.811770718469));
#12287 = CARTESIAN_POINT('',(-1.683619774353,0.153845334913,
    24.798213098112));
#12288 = CARTESIAN_POINT('',(-1.683944587604,0.146325652175,
    24.785512919165));
#12289 = CARTESIAN_POINT('',(-1.684876604931,0.123935630316,
    24.757295351681));
#12290 = CARTESIAN_POINT('',(-1.685545272889,0.107290709065,
    24.742948276637));
#12291 = CARTESIAN_POINT('',(-1.686285541708,8.77866427224E-02,
    24.731617516736));
#12292 = CARTESIAN_POINT('',(-1.687034153735,6.627226280444E-02,
    24.723871900556));
#12293 = CARTESIAN_POINT('',(-1.687741058013,4.375444671051E-02,
    24.719999631888));
#12294 = CARTESIAN_POINT('',(-1.688378405063,2.123709998608E-02,
    24.720000000023));
#12295 = ORIENTED_EDGE('',*,*,#12257,.F.);
#12296 = ( BOUNDED_SURFACE() B_SPLINE_SURFACE(6,9,(
    (#12297,#12298,#12299,#12300,#12301,#12302,#12303,#12304,#12305
      ,#12306)
    ,(#12307,#12308,#12309,#12310,#12311,#12312,#12313,#12314,#12315
      ,#12316)
    ,(#12317,#12318,#12319,#12320,#12321,#12322,#12323,#12324,#12325
      ,#12326)
    ,(#12327,#12328,#12329,#12330,#12331,#12332,#12333,#12334,#12335
      ,#12336)
    ,(#12337,#12338,#12339,#12340,#12341,#12342,#12343,#12344,#12345
      ,#12346)
    ,(#12347,#12348,#12349,#12350,#12351,#12352,#12353,#12354,#12355
      ,#12356)
    ,(#12357,#12358,#12359,#12360,#12361,#12362,#12363,#12364,#12365
,#12366
    )),.UNSPECIFIED.,.T.,.F.,.F.) B_SPLINE_SURFACE_WITH_KNOTS((1,6,6,1),
  (10,10),(-6.28318530718,0.,6.28318530718,12.566370614359),(0.,1.),
.UNSPECIFIED.) GEOMETRIC_REPRESENTATION_ITEM() RATIONAL_B_SPLINE_SURFACE
((
    (1.669078461068,1.669078461068,1.669078461068,1.669078461068
      ,1.669078461068,1.669078461068,1.669078461068,1.669078461068
      ,1.669078461068,1.669078461068)
    ,(1.03672962321,1.03672962321,1.03672962321,1.03672962321
      ,1.03672962321,1.03672962321,1.03672962321,1.03672962321
      ,1.03672962321,1.03672962321)
    ,(1.038346699848,1.038346699847,1.038346699848,1.038346699847
      ,1.038346699848,1.038346699847,1.038346699848,1.038346699847
      ,1.038346699848,1.038346699848)
    ,(0.853534330196,0.853534330196,0.853534330196,0.853534330196
      ,0.853534330196,0.853534330196,0.853534330196,0.853534330196
      ,0.853534330196,0.853534330196)
    ,(1.038346699848,1.038346699847,1.038346699848,1.038346699847
      ,1.038346699848,1.038346699847,1.038346699848,1.038346699847
      ,1.038346699848,1.038346699848)
    ,(1.03672962321,1.03672962321,1.03672962321,1.03672962321
      ,1.03672962321,1.03672962321,1.03672962321,1.03672962321
      ,1.03672962321,1.03672962321)
    ,(1.669078461068,1.669078461068,1.669078461068,1.669078461068
      ,1.669078461068,1.669078461068,1.669078461068,1.669078461068
,1.669078461068,1.669078461068))) REPRESENTATION_ITEM('') SURFACE() );
#12297 = CARTESIAN_POINT('',(0.,0.35,24.98));
#12298 = CARTESIAN_POINT('',(-0.933333333333,0.35,24.98));
#12299 = CARTESIAN_POINT('',(-1.758333333333,0.154166666667,24.98));
#12300 = CARTESIAN_POINT('',(-2.472619047619,-0.208928571429,24.98));
#12301 = CARTESIAN_POINT('',(-3.073809523809,-0.710714285714,24.98));
#12302 = CARTESIAN_POINT('',(-3.559523809524,-1.322619047619,24.98));
#12303 = CARTESIAN_POINT('',(-3.927380952381,-2.016071428571,24.98));
#12304 = CARTESIAN_POINT('',(-4.175,-2.7625,24.98));
#12305 = CARTESIAN_POINT('',(-4.3,-3.533333333333,24.98));
#12306 = CARTESIAN_POINT('',(-4.3,-4.3,24.98));
#12307 = CARTESIAN_POINT('',(0.,0.566000599824,24.98));
#12308 = CARTESIAN_POINT('',(-0.973619159491,0.566000599824,24.98));
#12309 = CARTESIAN_POINT('',(-1.843114181011,0.361714436895,24.98));
#12310 = CARTESIAN_POINT('',(-2.602222678194,-2.099608532983E-02,24.98)
  );
#12311 = CARTESIAN_POINT('',(-3.239512129031,-0.556711320165,24.98));
#12312 = CARTESIAN_POINT('',(-3.7445035463,-1.199559190196,24.98));
#12313 = CARTESIAN_POINT('',(-4.128833018266,-1.924065500163,24.98));
#12314 = CARTESIAN_POINT('',(-4.385896615896,-2.70075313666,24.98));
#12315 = CARTESIAN_POINT('',(-4.516000599824,-3.502028898576,24.98));
#12316 = CARTESIAN_POINT('',(-4.516000599824,-4.3,24.98));
#12317 = CARTESIAN_POINT('',(-1.33226762955E-15,0.597014609822,
    24.712908735229));
#12318 = CARTESIAN_POINT('',(-0.979403518499,0.597014609822,
    24.712908735229));
#12319 = CARTESIAN_POINT('',(-1.855287267843,0.391514764423,
    24.712908735229));
#12320 = CARTESIAN_POINT('',(-2.620831553807,5.987821231172E-03,
    24.712908735229));
#12321 = CARTESIAN_POINT('',(-3.26330420303,-0.534599115305,
    24.712908735229));
#12322 = CARTESIAN_POINT('',(-3.771063488312,-1.181889889039,
    24.712908735229));
#12323 = CARTESIAN_POINT('',(-4.157758106393,-1.910855014702,
    24.712908735229));
#12324 = CARTESIAN_POINT('',(-4.416177780667,-2.691887337961,
    24.712908735229));
#12325 = CARTESIAN_POINT('',(-4.547014609822,-3.497534114519,
    24.712908735229));
#12326 = CARTESIAN_POINT('',(-4.547014609822,-4.3,24.712908735229));
#12327 = CARTESIAN_POINT('',(-4.440892098501E-16,0.35,24.492614800269));
#12328 = CARTESIAN_POINT('',(-0.933333333333,0.35,24.492614800269));
#12329 = CARTESIAN_POINT('',(-1.758333333333,0.154166666667,
    24.492614800269));
#12330 = CARTESIAN_POINT('',(-2.472619047619,-0.208928571428,
    24.492614800269));
#12331 = CARTESIAN_POINT('',(-3.073809523809,-0.710714285714,
    24.492614800269));
#12332 = CARTESIAN_POINT('',(-3.559523809524,-1.322619047619,
    24.492614800269));
#12333 = CARTESIAN_POINT('',(-3.927380952381,-2.016071428571,
    24.492614800269));
#12334 = CARTESIAN_POINT('',(-4.175,-2.7625,24.492614800269));
#12335 = CARTESIAN_POINT('',(-4.3,-3.533333333333,24.492614800269));
#12336 = CARTESIAN_POINT('',(-4.3,-4.3,24.492614800269));
#12337 = CARTESIAN_POINT('',(0.,0.102985390178,24.712908735229));
#12338 = CARTESIAN_POINT('',(-0.887263148168,0.102985390178,
    24.712908735229));
#12339 = CARTESIAN_POINT('',(-1.661379398824,-8.318143108941E-02,
    24.712908735229));
#12340 = CARTESIAN_POINT('',(-2.324406541431,-0.423844964088,
    24.712908735229));
#12341 = CARTESIAN_POINT('',(-2.884314844588,-0.886829456124,
    24.712908735229));
#12342 = CARTESIAN_POINT('',(-3.347984130736,-1.463348206199,
    24.712908735229));
#12343 = CARTESIAN_POINT('',(-3.697003798368,-2.121287842441,
    24.712908735229));
#12344 = CARTESIAN_POINT('',(-3.933822219333,-2.833112662039,
    24.712908735229));
#12345 = CARTESIAN_POINT('',(-4.052985390178,-3.569132552148,
    24.712908735229));
#12346 = CARTESIAN_POINT('',(-4.052985390178,-4.3,24.712908735229));
#12347 = CARTESIAN_POINT('',(-8.881784197001E-16,0.133999400176,24.98));
#12348 = CARTESIAN_POINT('',(-0.893047507176,0.133999400176,24.98));
#12349 = CARTESIAN_POINT('',(-1.673552485656,-5.338110356197E-02,24.98)
  );
#12350 = CARTESIAN_POINT('',(-2.343015417044,-0.396861057527,24.98));
#12351 = CARTESIAN_POINT('',(-2.908106918588,-0.864717251263,24.98));
#12352 = CARTESIAN_POINT('',(-3.374544072747,-1.445678905042,24.98));
#12353 = CARTESIAN_POINT('',(-3.725928886496,-2.10807735698,24.98));
#12354 = CARTESIAN_POINT('',(-3.964103384104,-2.82424686334,24.98));
#12355 = CARTESIAN_POINT('',(-4.083999400176,-3.56463776809,24.98));
#12356 = CARTESIAN_POINT('',(-4.083999400176,-4.3,24.98));
#12357 = CARTESIAN_POINT('',(0.,0.35,24.98));
#12358 = CARTESIAN_POINT('',(-0.933333333333,0.35,24.98));
#12359 = CARTESIAN_POINT('',(-1.758333333333,0.154166666667,24.98));
#12360 = CARTESIAN_POINT('',(-2.472619047619,-0.208928571429,24.98));
#12361 = CARTESIAN_POINT('',(-3.073809523809,-0.710714285714,24.98));
#12362 = CARTESIAN_POINT('',(-3.559523809524,-1.322619047619,24.98));
#12363 = CARTESIAN_POINT('',(-3.927380952381,-2.016071428571,24.98));
#12364 = CARTESIAN_POINT('',(-4.175,-2.7625,24.98));
#12365 = CARTESIAN_POINT('',(-4.3,-3.533333333333,24.98));
#12366 = CARTESIAN_POINT('',(-4.3,-4.3,24.98));
#12367 = ADVANCED_FACE('',(#12368),#12434,.T.);
#12368 = FACE_BOUND('',#12369,.T.);
#12369 = EDGE_LOOP('',(#12370,#12371,#12386,#12396,#12397));
#12370 = ORIENTED_EDGE('',*,*,#11933,.F.);
#12371 = ORIENTED_EDGE('',*,*,#12372,.T.);
#12372 = EDGE_CURVE('',#11919,#12373,#12375,.T.);
#12373 = VERTEX_POINT('',#12374);
#12374 = CARTESIAN_POINT('',(-4.3,-4.3,24.98));
#12375 = ( BOUNDED_CURVE() B_SPLINE_CURVE(9,(#12376,#12377,#12378,#12379
    ,#12380,#12381,#12382,#12383,#12384,#12385),.UNSPECIFIED.,.F.,.F.) 
B_SPLINE_CURVE_WITH_KNOTS((10,10),(0.,1.),.PIECEWISE_BEZIER_KNOTS.) 
CURVE() GEOMETRIC_REPRESENTATION_ITEM() RATIONAL_B_SPLINE_CURVE((
    1.669078461068,1.669078461068,1.669078461068,1.669078461068,
    1.669078461068,1.669078461068,1.669078461068,1.669078461068,
1.669078461068,1.669078461068)) REPRESENTATION_ITEM('') );
#12376 = CARTESIAN_POINT('',(0.,0.35,24.98));
#12377 = CARTESIAN_POINT('',(-0.933333333333,0.35,24.98));
#12378 = CARTESIAN_POINT('',(-1.758333333333,0.154166666667,24.98));
#12379 = CARTESIAN_POINT('',(-2.472619047619,-0.208928571429,24.98));
#12380 = CARTESIAN_POINT('',(-3.073809523809,-0.710714285714,24.98));
#12381 = CARTESIAN_POINT('',(-3.559523809524,-1.322619047619,24.98));
#12382 = CARTESIAN_POINT('',(-3.927380952381,-2.016071428571,24.98));
#12383 = CARTESIAN_POINT('',(-4.175,-2.7625,24.98));
#12384 = CARTESIAN_POINT('',(-4.3,-3.533333333333,24.98));
#12385 = CARTESIAN_POINT('',(-4.3,-4.3,24.98));
#12386 = ORIENTED_EDGE('',*,*,#12387,.F.);
#12387 = EDGE_CURVE('',#12373,#12373,#12388,.T.);
#12388 = ( BOUNDED_CURVE() B_SPLINE_CURVE(6,(#12389,#12390,#12391,#12392
    ,#12393,#12394,#12395),.UNSPECIFIED.,.T.,.F.) 
B_SPLINE_CURVE_WITH_KNOTS((1,6,6,1),(-6.28318530718,0.,6.28318530718,
12.566370614359),.UNSPECIFIED.) CURVE() GEOMETRIC_REPRESENTATION_ITEM() 
RATIONAL_B_SPLINE_CURVE((1.669078461068,1.03672962321,1.038346699848,
    0.853534330196,1.038346699848,1.03672962321,1.669078461068)) 
REPRESENTATION_ITEM('') );
#12389 = CARTESIAN_POINT('',(-4.3,-4.3,24.98));
#12390 = CARTESIAN_POINT('',(-4.516000599824,-4.3,24.98));
#12391 = CARTESIAN_POINT('',(-4.547014609822,-4.3,24.712908735229));
#12392 = CARTESIAN_POINT('',(-4.3,-4.3,24.492614800269));
#12393 = CARTESIAN_POINT('',(-4.052985390178,-4.3,24.712908735229));
#12394 = CARTESIAN_POINT('',(-4.083999400176,-4.3,24.98));
#12395 = CARTESIAN_POINT('',(-4.3,-4.3,24.98));
#12396 = ORIENTED_EDGE('',*,*,#12372,.F.);
#12397 = ORIENTED_EDGE('',*,*,#12398,.F.);
#12398 = EDGE_CURVE('',#11934,#11919,#12399,.T.);
#12399 = B_SPLINE_CURVE_WITH_KNOTS('',5,(#12400,#12401,#12402,#12403,
    #12404,#12405,#12406,#12407,#12408,#12409,#12410,#12411,#12412,
    #12413,#12414,#12415,#12416,#12417,#12418,#12419,#12420,#12421,
    #12422,#12423,#12424,#12425,#12426,#12427,#12428,#12429,#12430,
    #12431,#12432,#12433),.UNSPECIFIED.,.F.,.F.,(6,4,4,4,4,4,4,4,6),(0.,
    0.18582126235,0.294470098386,0.400552307874,0.505275729193,
    0.606046025636,0.707614367883,0.81221474238,1.),.UNSPECIFIED.);
#12400 = CARTESIAN_POINT('',(-1.688379596419,2.12398359859E-02,
    24.720000000001));
#12401 = CARTESIAN_POINT('',(-1.724412614578,2.226080173819E-02,
    24.720000298794));
#12402 = CARTESIAN_POINT('',(-1.759599127949,2.328883255249E-02,
    24.722163786505));
#12403 = CARTESIAN_POINT('',(-1.79307440865,2.429474407315E-02,
    24.726504250718));
#12404 = CARTESIAN_POINT('',(-1.82410264234,2.524992373827E-02,
    24.7329227985));
#12405 = CARTESIAN_POINT('',(-1.868433393308,2.663880360116E-02,
    24.746051989222));
#12406 = CARTESIAN_POINT('',(-1.88374622141,2.712451058277E-02,
    24.751534178757));
#12407 = CARTESIAN_POINT('',(-1.897893896213,2.757799209037E-02,
    24.757611498564));
#12408 = CARTESIAN_POINT('',(-1.91077237684,2.79943965477E-02,
    24.764228534241));
#12409 = CARTESIAN_POINT('',(-1.933545629673,2.873570583334E-02,
    24.778238749433));
#12410 = CARTESIAN_POINT('',(-1.943504169898,2.906259113711E-02,
    24.785610373934));
#12411 = CARTESIAN_POINT('',(-1.952090129862,2.934620282782E-02,
    24.793368707418));
#12412 = CARTESIAN_POINT('',(-1.959241952223,2.958349689162E-02,
    24.80144195717));
#12413 = CARTESIAN_POINT('',(-1.970519598777,2.995872462552E-02,
    24.817951785496));
#12414 = CARTESIAN_POINT('',(-1.974683373812,3.009792208116E-02,
    24.826383109858));
#12415 = CARTESIAN_POINT('',(-1.977367714705,3.018786326411E-02,
    24.834966836415));
#12416 = CARTESIAN_POINT('',(-1.978552425966,3.022754462124E-02,
    24.843622731043));
#12417 = CARTESIAN_POINT('',(-1.977935150608,3.020686957816E-02,
    24.860586042063));
#12418 = CARTESIAN_POINT('',(-1.976244341383,3.015023709091E-02,
    24.868895029744));
#12419 = CARTESIAN_POINT('',(-1.973165966298,3.004717167153E-02,
    24.877120373782));
#12420 = CARTESIAN_POINT('',(-1.968718927169,2.989865422326E-02,
    24.885190217402));
#12421 = CARTESIAN_POINT('',(-1.957116272574,2.951299564903E-02,
    24.900941894191));
#12422 = CARTESIAN_POINT('',(-1.949939355962,2.927514147894E-02,
    24.908620841423));
#12423 = CARTESIAN_POINT('',(-1.941448109633,2.899499219319E-02,
    24.916000694943));
#12424 = CARTESIAN_POINT('',(-1.931698990052,2.867532860597E-02,
    24.923017388897));
#12425 = CARTESIAN_POINT('',(-1.909507711465,2.795354266601E-02,
    24.936407403984));
#12426 = CARTESIAN_POINT('',(-1.896993478583,2.754919712056E-02,
    24.942755831575));
#12427 = CARTESIAN_POINT('',(-1.883305439128,2.711065291273E-02,
    24.948597207877));
#12428 = CARTESIAN_POINT('',(-1.868543000475,2.664245041213E-02,
    24.95388142941));
#12429 = CARTESIAN_POINT('',(-1.824602461031,2.526513961524E-02,
    24.966988011909));
#12430 = CARTESIAN_POINT('',(-1.793296128484,2.430141883507E-02,
    24.973487963746));
#12431 = CARTESIAN_POINT('',(-1.759577412132,2.32877698076E-02,
    24.977850548471));
#12432 = CARTESIAN_POINT('',(-1.724290185146,2.225742934669E-02,
    24.979999924734));
#12433 = CARTESIAN_POINT('',(-1.688378328361,2.123980030558E-02,24.98));
#12434 = ( BOUNDED_SURFACE() B_SPLINE_SURFACE(6,9,(
    (#12435,#12436,#12437,#12438,#12439,#12440,#12441,#12442,#12443
      ,#12444)
    ,(#12445,#12446,#12447,#12448,#12449,#12450,#12451,#12452,#12453
      ,#12454)
    ,(#12455,#12456,#12457,#12458,#12459,#12460,#12461,#12462,#12463
      ,#12464)
    ,(#12465,#12466,#12467,#12468,#12469,#12470,#12471,#12472,#12473
      ,#12474)
    ,(#12475,#12476,#12477,#12478,#12479,#12480,#12481,#12482,#12483
      ,#12484)
    ,(#12485,#12486,#12487,#12488,#12489,#12490,#12491,#12492,#12493
      ,#12494)
    ,(#12495,#12496,#12497,#12498,#12499,#12500,#12501,#12502,#12503
,#12504
    )),.UNSPECIFIED.,.T.,.F.,.F.) B_SPLINE_SURFACE_WITH_KNOTS((1,6,6,1),
  (10,10),(-6.28318530718,0.,6.28318530718,12.566370614359),(0.,1.),
.UNSPECIFIED.) GEOMETRIC_REPRESENTATION_ITEM() RATIONAL_B_SPLINE_SURFACE
((
    (1.669078461068,1.669078461068,1.669078461068,1.669078461068
      ,1.669078461068,1.669078461068,1.669078461068,1.669078461068
      ,1.669078461068,1.669078461068)
    ,(1.03672962321,1.03672962321,1.03672962321,1.03672962321
      ,1.03672962321,1.03672962321,1.03672962321,1.03672962321
      ,1.03672962321,1.03672962321)
    ,(1.038346699848,1.038346699847,1.038346699848,1.038346699847
      ,1.038346699848,1.038346699847,1.038346699848,1.038346699847
      ,1.038346699848,1.038346699848)
    ,(0.853534330196,0.853534330196,0.853534330196,0.853534330196
      ,0.853534330196,0.853534330196,0.853534330196,0.853534330196
      ,0.853534330196,0.853534330196)
    ,(1.038346699848,1.038346699847,1.038346699848,1.038346699847
      ,1.038346699848,1.038346699847,1.038346699848,1.038346699847
      ,1.038346699848,1.038346699848)
    ,(1.03672962321,1.03672962321,1.03672962321,1.03672962321
      ,1.03672962321,1.03672962321,1.03672962321,1.03672962321
      ,1.03672962321,1.03672962321)
    ,(1.669078461068,1.669078461068,1.669078461068,1.669078461068
      ,1.669078461068,1.669078461068,1.669078461068,1.669078461068
,1.669078461068,1.669078461068))) REPRESENTATION_ITEM('') SURFACE() );
#12435 = CARTESIAN_POINT('',(0.,0.35,24.98));
#12436 = CARTESIAN_POINT('',(-0.933333333333,0.35,24.98));
#12437 = CARTESIAN_POINT('',(-1.758333333333,0.154166666667,24.98));
#12438 = CARTESIAN_POINT('',(-2.472619047619,-0.208928571429,24.98));
#12439 = CARTESIAN_POINT('',(-3.073809523809,-0.710714285714,24.98));
#12440 = CARTESIAN_POINT('',(-3.559523809524,-1.322619047619,24.98));
#12441 = CARTESIAN_POINT('',(-3.927380952381,-2.016071428571,24.98));
#12442 = CARTESIAN_POINT('',(-4.175,-2.7625,24.98));
#12443 = CARTESIAN_POINT('',(-4.3,-3.533333333333,24.98));
#12444 = CARTESIAN_POINT('',(-4.3,-4.3,24.98));
#12445 = CARTESIAN_POINT('',(0.,0.566000599824,24.98));
#12446 = CARTESIAN_POINT('',(-0.973619159491,0.566000599824,24.98));
#12447 = CARTESIAN_POINT('',(-1.843114181011,0.361714436895,24.98));
#12448 = CARTESIAN_POINT('',(-2.602222678194,-2.099608532983E-02,24.98)
  );
#12449 = CARTESIAN_POINT('',(-3.239512129031,-0.556711320165,24.98));
#12450 = CARTESIAN_POINT('',(-3.7445035463,-1.199559190196,24.98));
#12451 = CARTESIAN_POINT('',(-4.128833018266,-1.924065500163,24.98));
#12452 = CARTESIAN_POINT('',(-4.385896615896,-2.70075313666,24.98));
#12453 = CARTESIAN_POINT('',(-4.516000599824,-3.502028898576,24.98));
#12454 = CARTESIAN_POINT('',(-4.516000599824,-4.3,24.98));
#12455 = CARTESIAN_POINT('',(-1.33226762955E-15,0.597014609822,
    24.712908735229));
#12456 = CARTESIAN_POINT('',(-0.979403518499,0.597014609822,
    24.712908735229));
#12457 = CARTESIAN_POINT('',(-1.855287267843,0.391514764423,
    24.712908735229));
#12458 = CARTESIAN_POINT('',(-2.620831553807,5.987821231172E-03,
    24.712908735229));
#12459 = CARTESIAN_POINT('',(-3.26330420303,-0.534599115305,
    24.712908735229));
#12460 = CARTESIAN_POINT('',(-3.771063488312,-1.181889889039,
    24.712908735229));
#12461 = CARTESIAN_POINT('',(-4.157758106393,-1.910855014702,
    24.712908735229));
#12462 = CARTESIAN_POINT('',(-4.416177780667,-2.691887337961,
    24.712908735229));
#12463 = CARTESIAN_POINT('',(-4.547014609822,-3.497534114519,
    24.712908735229));
#12464 = CARTESIAN_POINT('',(-4.547014609822,-4.3,24.712908735229));
#12465 = CARTESIAN_POINT('',(-4.440892098501E-16,0.35,24.492614800269));
#12466 = CARTESIAN_POINT('',(-0.933333333333,0.35,24.492614800269));
#12467 = CARTESIAN_POINT('',(-1.758333333333,0.154166666667,
    24.492614800269));
#12468 = CARTESIAN_POINT('',(-2.472619047619,-0.208928571428,
    24.492614800269));
#12469 = CARTESIAN_POINT('',(-3.073809523809,-0.710714285714,
    24.492614800269));
#12470 = CARTESIAN_POINT('',(-3.559523809524,-1.322619047619,
    24.492614800269));
#12471 = CARTESIAN_POINT('',(-3.927380952381,-2.016071428571,
    24.492614800269));
#12472 = CARTESIAN_POINT('',(-4.175,-2.7625,24.492614800269));
#12473 = CARTESIAN_POINT('',(-4.3,-3.533333333333,24.492614800269));
#12474 = CARTESIAN_POINT('',(-4.3,-4.3,24.492614800269));
#12475 = CARTESIAN_POINT('',(0.,0.102985390178,24.712908735229));
#12476 = CARTESIAN_POINT('',(-0.887263148168,0.102985390178,
    24.712908735229));
#12477 = CARTESIAN_POINT('',(-1.661379398824,-8.318143108941E-02,
    24.712908735229));
#12478 = CARTESIAN_POINT('',(-2.324406541431,-0.423844964088,
    24.712908735229));
#12479 = CARTESIAN_POINT('',(-2.884314844588,-0.886829456124,
    24.712908735229));
#12480 = CARTESIAN_POINT('',(-3.347984130736,-1.463348206199,
    24.712908735229));
#12481 = CARTESIAN_POINT('',(-3.697003798368,-2.121287842441,
    24.712908735229));
#12482 = CARTESIAN_POINT('',(-3.933822219333,-2.833112662039,
    24.712908735229));
#12483 = CARTESIAN_POINT('',(-4.052985390178,-3.569132552148,
    24.712908735229));
#12484 = CARTESIAN_POINT('',(-4.052985390178,-4.3,24.712908735229));
#12485 = CARTESIAN_POINT('',(-8.881784197001E-16,0.133999400176,24.98));
#12486 = CARTESIAN_POINT('',(-0.893047507176,0.133999400176,24.98));
#12487 = CARTESIAN_POINT('',(-1.673552485656,-5.338110356197E-02,24.98)
  );
#12488 = CARTESIAN_POINT('',(-2.343015417044,-0.396861057527,24.98));
#12489 = CARTESIAN_POINT('',(-2.908106918588,-0.864717251263,24.98));
#12490 = CARTESIAN_POINT('',(-3.374544072747,-1.445678905042,24.98));
#12491 = CARTESIAN_POINT('',(-3.725928886496,-2.10807735698,24.98));
#12492 = CARTESIAN_POINT('',(-3.964103384104,-2.82424686334,24.98));
#12493 = CARTESIAN_POINT('',(-4.083999400176,-3.56463776809,24.98));
#12494 = CARTESIAN_POINT('',(-4.083999400176,-4.3,24.98));
#12495 = CARTESIAN_POINT('',(0.,0.35,24.98));
#12496 = CARTESIAN_POINT('',(-0.933333333333,0.35,24.98));
#12497 = CARTESIAN_POINT('',(-1.758333333333,0.154166666667,24.98));
#12498 = CARTESIAN_POINT('',(-2.472619047619,-0.208928571429,24.98));
#12499 = CARTESIAN_POINT('',(-3.073809523809,-0.710714285714,24.98));
#12500 = CARTESIAN_POINT('',(-3.559523809524,-1.322619047619,24.98));
#12501 = CARTESIAN_POINT('',(-3.927380952381,-2.016071428571,24.98));
#12502 = CARTESIAN_POINT('',(-4.175,-2.7625,24.98));
#12503 = CARTESIAN_POINT('',(-4.3,-3.533333333333,24.98));
#12504 = CARTESIAN_POINT('',(-4.3,-4.3,24.98));
#12505 = ADVANCED_FACE('',(#12506),#12572,.T.);
#12506 = FACE_BOUND('',#12507,.T.);
#12507 = EDGE_LOOP('',(#12508,#12520,#12533,#12534,#12571));
#12508 = ORIENTED_EDGE('',*,*,#12509,.T.);
#12509 = EDGE_CURVE('',#12510,#12510,#12512,.T.);
#12510 = VERTEX_POINT('',#12511);
#12511 = CARTESIAN_POINT('',(4.3,-4.3,24.98));
#12512 = ( BOUNDED_CURVE() B_SPLINE_CURVE(6,(#12513,#12514,#12515,#12516
    ,#12517,#12518,#12519),.UNSPECIFIED.,.T.,.F.) 
B_SPLINE_CURVE_WITH_KNOTS((1,6,6,1),(-6.28318530718,0.,6.28318530718,
12.566370614359),.UNSPECIFIED.) CURVE() GEOMETRIC_REPRESENTATION_ITEM() 
RATIONAL_B_SPLINE_CURVE((1.669078461068,1.03672962321,1.038346699848,
    0.853534330196,1.038346699848,1.03672962321,1.669078461068)) 
REPRESENTATION_ITEM('') );
#12513 = CARTESIAN_POINT('',(4.3,-4.3,24.98));
#12514 = CARTESIAN_POINT('',(4.516000599824,-4.3,24.98));
#12515 = CARTESIAN_POINT('',(4.547014609822,-4.3,24.712908735229));
#12516 = CARTESIAN_POINT('',(4.3,-4.3,24.492614800269));
#12517 = CARTESIAN_POINT('',(4.052985390178,-4.3,24.712908735229));
#12518 = CARTESIAN_POINT('',(4.083999400176,-4.3,24.98));
#12519 = CARTESIAN_POINT('',(4.3,-4.3,24.98));
#12520 = ORIENTED_EDGE('',*,*,#12521,.T.);
#12521 = EDGE_CURVE('',#12510,#12087,#12522,.T.);
#12522 = ( BOUNDED_CURVE() B_SPLINE_CURVE(9,(#12523,#12524,#12525,#12526
    ,#12527,#12528,#12529,#12530,#12531,#12532),.UNSPECIFIED.,.F.,.F.) 
B_SPLINE_CURVE_WITH_KNOTS((10,10),(0.,1.),.PIECEWISE_BEZIER_KNOTS.) 
CURVE() GEOMETRIC_REPRESENTATION_ITEM() RATIONAL_B_SPLINE_CURVE((
    1.669078461068,1.669078461068,1.669078461068,1.669078461068,
    1.669078461068,1.669078461068,1.669078461068,1.669078461068,
1.669078461068,1.669078461068)) REPRESENTATION_ITEM('') );
#12523 = CARTESIAN_POINT('',(4.3,-4.3,24.98));
#12524 = CARTESIAN_POINT('',(4.3,-3.533333333333,24.98));
#12525 = CARTESIAN_POINT('',(4.175,-2.7625,24.98));
#12526 = CARTESIAN_POINT('',(3.927380952381,-2.016071428571,24.98));
#12527 = CARTESIAN_POINT('',(3.559523809524,-1.322619047619,24.98));
#12528 = CARTESIAN_POINT('',(3.073809523809,-0.710714285714,24.98));
#12529 = CARTESIAN_POINT('',(2.472619047619,-0.208928571429,24.98));
#12530 = CARTESIAN_POINT('',(1.758333333333,0.154166666667,24.98));
#12531 = CARTESIAN_POINT('',(0.933333333333,0.35,24.98));
#12532 = CARTESIAN_POINT('',(0.,0.35,24.98));
#12533 = ORIENTED_EDGE('',*,*,#12084,.F.);
#12534 = ORIENTED_EDGE('',*,*,#12535,.F.);
#12535 = EDGE_CURVE('',#12087,#12085,#12536,.T.);
#12536 = B_SPLINE_CURVE_WITH_KNOTS('',5,(#12537,#12538,#12539,#12540,
    #12541,#12542,#12543,#12544,#12545,#12546,#12547,#12548,#12549,
    #12550,#12551,#12552,#12553,#12554,#12555,#12556,#12557,#12558,
    #12559,#12560,#12561,#12562,#12563,#12564,#12565,#12566,#12567,
    #12568,#12569,#12570),.UNSPECIFIED.,.F.,.F.,(6,4,4,4,4,4,4,4,6),(0.,
    0.18788323958,0.292483368906,0.394609927348,0.494982977928,
    0.599707085461,0.705333250338,0.814040307958,1.),.UNSPECIFIED.);
#12537 = CARTESIAN_POINT('',(1.688378328357,2.123980030508E-02,24.98));
#12538 = CARTESIAN_POINT('',(1.72430881318,2.225795720827E-02,
    24.979999924592));
#12539 = CARTESIAN_POINT('',(1.759614020184,2.328883871339E-02,
    24.977848318524));
#12540 = CARTESIAN_POINT('',(1.793348598364,2.430299621883E-02,
    24.973481172489));
#12541 = CARTESIAN_POINT('',(1.824667413952,2.526713912908E-02,
    24.966974522225));
#12542 = CARTESIAN_POINT('',(1.868612533424,2.664465028952E-02,
    24.953857400703));
#12543 = CARTESIAN_POINT('',(1.883371005096,2.711274480078E-02,
    24.948571099272));
#12544 = CARTESIAN_POINT('',(1.89705479457,2.75511680077E-02,
    24.942727778776));
#12545 = CARTESIAN_POINT('',(1.909564529116,2.795538071456E-02,
    24.936377563956));
#12546 = CARTESIAN_POINT('',(1.931806610739,2.867883881638E-02,
    24.922948093972));
#12547 = CARTESIAN_POINT('',(1.941597994476,2.899991199919E-02,
    24.915889085466));
#12548 = CARTESIAN_POINT('',(1.95011705133,2.928100651208E-02,
    24.908463418391));
#12549 = CARTESIAN_POINT('',(1.957306525882,2.95193016408E-02,
    24.900736271592));
#12550 = CARTESIAN_POINT('',(1.968848818647,2.990298993059E-02,
    24.884960411348));
#12551 = CARTESIAN_POINT('',(1.973248350625,3.004992811421E-02,
    24.8769188191));
#12552 = CARTESIAN_POINT('',(1.976289660134,3.015175473598E-02,
    24.868724060755));
#12553 = CARTESIAN_POINT('',(1.977954232179,3.020750865404E-02,
    24.860447167504));
#12554 = CARTESIAN_POINT('',(1.978541472107,3.022717775752E-02,
    24.843516444908));
#12555 = CARTESIAN_POINT('',(1.977342019565,3.018700237691E-02,
    24.8348610229));
#12556 = CARTESIAN_POINT('',(1.974643027276,3.009657177353E-02,
    24.826278372951));
#12557 = CARTESIAN_POINT('',(1.970464791777,2.995689463986E-02,
    24.817848715212));
#12558 = CARTESIAN_POINT('',(1.959183112301,2.958154566677E-02,
    24.801379135036));
#12559 = CARTESIAN_POINT('',(1.952054413603,2.934502702434E-02,
    24.793342462751));
#12560 = CARTESIAN_POINT('',(1.943504107702,2.906259906172E-02,
    24.785618199702));
#12561 = CARTESIAN_POINT('',(1.933592972131,2.873726724025E-02,
    24.778277212675));
#12562 = CARTESIAN_POINT('',(1.910881559524,2.799793004598E-02,
    24.76428618354));
#12563 = CARTESIAN_POINT('',(1.898004952778,2.758156135437E-02,
    24.757662047674));
#12564 = CARTESIAN_POINT('',(1.883857303951,2.712805259509E-02,
    24.751577910459));
#12565 = CARTESIAN_POINT('',(1.868542765425,2.664226118312E-02,
    24.746089313912));
#12566 = CARTESIAN_POINT('',(1.824197242494,2.525283566868E-02,
    24.732942419109));
#12567 = CARTESIAN_POINT('',(1.793151615771,2.429706523339E-02,
    24.726514345632));
#12568 = CARTESIAN_POINT('',(1.759654181495,2.329044274465E-02,
    24.722167286769));
#12569 = CARTESIAN_POINT('',(1.724442292364,2.226164407652E-02,
    24.720000443616));
#12570 = CARTESIAN_POINT('',(1.688382599441,2.123992145887E-02,
    24.720000000012));
#12571 = ORIENTED_EDGE('',*,*,#12521,.F.);
#12572 = ( BOUNDED_SURFACE() B_SPLINE_SURFACE(6,9,(
    (#12573,#12574,#12575,#12576,#12577,#12578,#12579,#12580,#12581
      ,#12582)
    ,(#12583,#12584,#12585,#12586,#12587,#12588,#12589,#12590,#12591
      ,#12592)
    ,(#12593,#12594,#12595,#12596,#12597,#12598,#12599,#12600,#12601
      ,#12602)
    ,(#12603,#12604,#12605,#12606,#12607,#12608,#12609,#12610,#12611
      ,#12612)
    ,(#12613,#12614,#12615,#12616,#12617,#12618,#12619,#12620,#12621
      ,#12622)
    ,(#12623,#12624,#12625,#12626,#12627,#12628,#12629,#12630,#12631
      ,#12632)
    ,(#12633,#12634,#12635,#12636,#12637,#12638,#12639,#12640,#12641
,#12642
    )),.UNSPECIFIED.,.T.,.F.,.F.) B_SPLINE_SURFACE_WITH_KNOTS((1,6,6,1),
  (10,10),(-6.28318530718,0.,6.28318530718,12.566370614359),(0.,1.),
.UNSPECIFIED.) GEOMETRIC_REPRESENTATION_ITEM() RATIONAL_B_SPLINE_SURFACE
((
    (1.669078461068,1.669078461068,1.669078461068,1.669078461068
      ,1.669078461068,1.669078461068,1.669078461068,1.669078461068
      ,1.669078461068,1.669078461068)
    ,(1.03672962321,1.03672962321,1.03672962321,1.03672962321
      ,1.03672962321,1.03672962321,1.03672962321,1.03672962321
      ,1.03672962321,1.03672962321)
    ,(1.038346699848,1.038346699847,1.038346699848,1.038346699847
      ,1.038346699848,1.038346699847,1.038346699848,1.038346699847
      ,1.038346699848,1.038346699848)
    ,(0.853534330196,0.853534330196,0.853534330196,0.853534330196
      ,0.853534330196,0.853534330196,0.853534330196,0.853534330196
      ,0.853534330196,0.853534330196)
    ,(1.038346699848,1.038346699847,1.038346699848,1.038346699847
      ,1.038346699848,1.038346699847,1.038346699848,1.038346699847
      ,1.038346699848,1.038346699848)
    ,(1.03672962321,1.03672962321,1.03672962321,1.03672962321
      ,1.03672962321,1.03672962321,1.03672962321,1.03672962321
      ,1.03672962321,1.03672962321)
    ,(1.669078461068,1.669078461068,1.669078461068,1.669078461068
      ,1.669078461068,1.669078461068,1.669078461068,1.669078461068
,1.669078461068,1.669078461068))) REPRESENTATION_ITEM('') SURFACE() );
#12573 = CARTESIAN_POINT('',(4.3,-4.3,24.98));
#12574 = CARTESIAN_POINT('',(4.3,-3.533333333333,24.98));
#12575 = CARTESIAN_POINT('',(4.175,-2.7625,24.98));
#12576 = CARTESIAN_POINT('',(3.927380952381,-2.016071428571,24.98));
#12577 = CARTESIAN_POINT('',(3.559523809524,-1.322619047619,24.98));
#12578 = CARTESIAN_POINT('',(3.073809523809,-0.710714285714,24.98));
#12579 = CARTESIAN_POINT('',(2.472619047619,-0.208928571429,24.98));
#12580 = CARTESIAN_POINT('',(1.758333333333,0.154166666667,24.98));
#12581 = CARTESIAN_POINT('',(0.933333333333,0.35,24.98));
#12582 = CARTESIAN_POINT('',(0.,0.35,24.98));
#12583 = CARTESIAN_POINT('',(4.516000599824,-4.3,24.98));
#12584 = CARTESIAN_POINT('',(4.516000599824,-3.502028898576,24.98));
#12585 = CARTESIAN_POINT('',(4.385896615896,-2.70075313666,24.98));
#12586 = CARTESIAN_POINT('',(4.128833018266,-1.924065500163,24.98));
#12587 = CARTESIAN_POINT('',(3.744503546301,-1.199559190196,24.98));
#12588 = CARTESIAN_POINT('',(3.239512129031,-0.556711320165,24.98));
#12589 = CARTESIAN_POINT('',(2.602222678194,-2.09960853298E-02,24.98));
#12590 = CARTESIAN_POINT('',(1.843114181011,0.361714436895,24.98));
#12591 = CARTESIAN_POINT('',(0.973619159491,0.566000599824,24.98));
#12592 = CARTESIAN_POINT('',(0.,0.566000599824,24.98));
#12593 = CARTESIAN_POINT('',(4.547014609822,-4.3,24.712908735229));
#12594 = CARTESIAN_POINT('',(4.547014609822,-3.497534114519,
    24.712908735229));
#12595 = CARTESIAN_POINT('',(4.416177780667,-2.691887337961,
    24.712908735229));
#12596 = CARTESIAN_POINT('',(4.157758106393,-1.910855014702,
    24.712908735229));
#12597 = CARTESIAN_POINT('',(3.771063488312,-1.181889889039,
    24.712908735229));
#12598 = CARTESIAN_POINT('',(3.26330420303,-0.534599115305,
    24.712908735229));
#12599 = CARTESIAN_POINT('',(2.620831553807,5.98782123089E-03,
    24.712908735229));
#12600 = CARTESIAN_POINT('',(1.855287267843,0.391514764423,
    24.712908735229));
#12601 = CARTESIAN_POINT('',(0.979403518499,0.597014609822,
    24.712908735229));
#12602 = CARTESIAN_POINT('',(-4.440892098501E-16,0.597014609822,
    24.712908735229));
#12603 = CARTESIAN_POINT('',(4.3,-4.3,24.492614800269));
#12604 = CARTESIAN_POINT('',(4.3,-3.533333333333,24.492614800269));
#12605 = CARTESIAN_POINT('',(4.175,-2.7625,24.492614800269));
#12606 = CARTESIAN_POINT('',(3.927380952381,-2.016071428571,
    24.492614800269));
#12607 = CARTESIAN_POINT('',(3.559523809524,-1.322619047619,
    24.492614800269));
#12608 = CARTESIAN_POINT('',(3.073809523809,-0.710714285714,
    24.492614800269));
#12609 = CARTESIAN_POINT('',(2.472619047619,-0.208928571429,
    24.492614800269));
#12610 = CARTESIAN_POINT('',(1.758333333333,0.154166666667,
    24.492614800269));
#12611 = CARTESIAN_POINT('',(0.933333333333,0.35,24.492614800269));
#12612 = CARTESIAN_POINT('',(-4.440892098501E-16,0.35,24.492614800269));
#12613 = CARTESIAN_POINT('',(4.052985390178,-4.3,24.712908735229));
#12614 = CARTESIAN_POINT('',(4.052985390178,-3.569132552148,
    24.712908735229));
#12615 = CARTESIAN_POINT('',(3.933822219333,-2.833112662039,
    24.712908735229));
#12616 = CARTESIAN_POINT('',(3.697003798369,-2.121287842441,
    24.712908735229));
#12617 = CARTESIAN_POINT('',(3.347984130736,-1.463348206199,
    24.712908735229));
#12618 = CARTESIAN_POINT('',(2.884314844588,-0.886829456123,
    24.712908735229));
#12619 = CARTESIAN_POINT('',(2.324406541431,-0.423844964088,
    24.712908735229));
#12620 = CARTESIAN_POINT('',(1.661379398823,-8.318143108926E-02,
    24.712908735229));
#12621 = CARTESIAN_POINT('',(0.887263148168,0.102985390178,
    24.712908735229));
#12622 = CARTESIAN_POINT('',(0.,0.102985390178,24.712908735229));
#12623 = CARTESIAN_POINT('',(4.083999400176,-4.3,24.98));
#12624 = CARTESIAN_POINT('',(4.083999400176,-3.56463776809,24.98));
#12625 = CARTESIAN_POINT('',(3.964103384104,-2.82424686334,24.98));
#12626 = CARTESIAN_POINT('',(3.725928886496,-2.10807735698,24.98));
#12627 = CARTESIAN_POINT('',(3.374544072747,-1.445678905042,24.98));
#12628 = CARTESIAN_POINT('',(2.908106918588,-0.864717251263,24.98));
#12629 = CARTESIAN_POINT('',(2.343015417044,-0.396861057527,24.98));
#12630 = CARTESIAN_POINT('',(1.673552485656,-5.338110356199E-02,24.98));
#12631 = CARTESIAN_POINT('',(0.893047507176,0.133999400176,24.98));
#12632 = CARTESIAN_POINT('',(0.,0.133999400176,24.98));
#12633 = CARTESIAN_POINT('',(4.3,-4.3,24.98));
#12634 = CARTESIAN_POINT('',(4.3,-3.533333333333,24.98));
#12635 = CARTESIAN_POINT('',(4.175,-2.7625,24.98));
#12636 = CARTESIAN_POINT('',(3.927380952381,-2.016071428571,24.98));
#12637 = CARTESIAN_POINT('',(3.559523809524,-1.322619047619,24.98));
#12638 = CARTESIAN_POINT('',(3.073809523809,-0.710714285714,24.98));
#12639 = CARTESIAN_POINT('',(2.472619047619,-0.208928571429,24.98));
#12640 = CARTESIAN_POINT('',(1.758333333333,0.154166666667,24.98));
#12641 = CARTESIAN_POINT('',(0.933333333333,0.35,24.98));
#12642 = CARTESIAN_POINT('',(0.,0.35,24.98));
#12643 = ADVANCED_FACE('',(#12644),#12685,.T.);
#12644 = FACE_BOUND('',#12645,.T.);
#12645 = EDGE_LOOP('',(#12646,#12647,#12660,#12661,#12662));
#12646 = ORIENTED_EDGE('',*,*,#12126,.F.);
#12647 = ORIENTED_EDGE('',*,*,#12648,.T.);
#12648 = EDGE_CURVE('',#12087,#12246,#12649,.T.);
#12649 = ( BOUNDED_CURVE() B_SPLINE_CURVE(9,(#12650,#12651,#12652,#12653
    ,#12654,#12655,#12656,#12657,#12658,#12659),.UNSPECIFIED.,.F.,.F.) 
B_SPLINE_CURVE_WITH_KNOTS((10,10),(0.,1.),.PIECEWISE_BEZIER_KNOTS.) 
CURVE() GEOMETRIC_REPRESENTATION_ITEM() RATIONAL_B_SPLINE_CURVE((
    1.669078461068,1.669078461068,1.669078461068,1.669078461068,
    1.669078461068,1.669078461068,1.669078461068,1.669078461068,
1.669078461068,1.669078461068)) REPRESENTATION_ITEM('') );
#12650 = CARTESIAN_POINT('',(4.3,-4.3,24.98));
#12651 = CARTESIAN_POINT('',(4.3,-3.533333333333,24.98));
#12652 = CARTESIAN_POINT('',(4.175,-2.7625,24.98));
#12653 = CARTESIAN_POINT('',(3.927380952381,-2.016071428571,24.98));
#12654 = CARTESIAN_POINT('',(3.559523809524,-1.322619047619,24.98));
#12655 = CARTESIAN_POINT('',(3.073809523809,-0.710714285714,24.98));
#12656 = CARTESIAN_POINT('',(2.472619047619,-0.208928571429,24.98));
#12657 = CARTESIAN_POINT('',(1.758333333333,0.154166666667,24.98));
#12658 = CARTESIAN_POINT('',(0.933333333333,0.35,24.98));
#12659 = CARTESIAN_POINT('',(0.,0.35,24.98));
#12660 = ORIENTED_EDGE('',*,*,#12245,.F.);
#12661 = ORIENTED_EDGE('',*,*,#12648,.F.);
#12662 = ORIENTED_EDGE('',*,*,#12663,.F.);
#12663 = EDGE_CURVE('',#12085,#12087,#12664,.T.);
#12664 = B_SPLINE_CURVE_WITH_KNOTS('',7,(#12665,#12666,#12667,#12668,
    #12669,#12670,#12671,#12672,#12673,#12674,#12675,#12676,#12677,
    #12678,#12679,#12680,#12681,#12682,#12683,#12684),.UNSPECIFIED.,.F.,
  .F.,(8,6,6,8),(0.,0.274312661743,0.511159167958,1.),.UNSPECIFIED.);
#12665 = CARTESIAN_POINT('',(1.688378486967,2.12341980336E-02,
    24.7200000001));
#12666 = CARTESIAN_POINT('',(1.687880677588,3.881995375071E-02,
    24.719999651889));
#12667 = CARTESIAN_POINT('',(1.687341837684,5.640669638638E-02,
    24.722294680652));
#12668 = CARTESIAN_POINT('',(1.686773437039,7.35586997662E-02,
    24.72688833542));
#12669 = CARTESIAN_POINT('',(1.686194596857,8.984287304303E-02,
    24.733692844218));
#12670 = CARTESIAN_POINT('',(1.685628866244,0.104852392938,
    24.742539310832));
#12671 = CARTESIAN_POINT('',(1.685100998698,0.118230335982,
    24.753187611584));
#12672 = CARTESIAN_POINT('',(1.684230268466,0.139590399231,
    24.775825918636));
#12673 = CARTESIAN_POINT('',(1.683871706779,0.148059949258,
    24.78743480274));
#12674 = CARTESIAN_POINT('',(1.683572681943,0.15491710265,
    24.799971224446));
#12675 = CARTESIAN_POINT('',(1.683345685983,0.160018196172,
    24.81321145993));
#12676 = CARTESIAN_POINT('',(1.683199849843,0.163265565886,
    24.826910049401));
#12677 = CARTESIAN_POINT('',(1.68313972869,0.164612351483,
    24.840810064994));
#12678 = CARTESIAN_POINT('',(1.683214409379,0.162942274183,
    24.883225370086));
#12679 = CARTESIAN_POINT('',(1.683625412493,0.153755141047,
    24.911562202173));
#12680 = CARTESIAN_POINT('',(1.684388949892,0.136573311025,
    24.937387230586));
#12681 = CARTESIAN_POINT('',(1.685409794637,0.112425472989,
    24.95845619581));
#12682 = CARTESIAN_POINT('',(1.686492535523,8.336332075319E-02,
    24.972914849216));
#12683 = CARTESIAN_POINT('',(1.687503985318,5.213046204325E-02,
    24.979999838661));
#12684 = CARTESIAN_POINT('',(1.688378328296,2.123980030013E-02,24.98));
#12685 = ( BOUNDED_SURFACE() B_SPLINE_SURFACE(6,9,(
    (#12686,#12687,#12688,#12689,#12690,#12691,#12692,#12693,#12694
      ,#12695)
    ,(#12696,#12697,#12698,#12699,#12700,#12701,#12702,#12703,#12704
      ,#12705)
    ,(#12706,#12707,#12708,#12709,#12710,#12711,#12712,#12713,#12714
      ,#12715)
    ,(#12716,#12717,#12718,#12719,#12720,#12721,#12722,#12723,#12724
      ,#12725)
    ,(#12726,#12727,#12728,#12729,#12730,#12731,#12732,#12733,#12734
      ,#12735)
    ,(#12736,#12737,#12738,#12739,#12740,#12741,#12742,#12743,#12744
      ,#12745)
    ,(#12746,#12747,#12748,#12749,#12750,#12751,#12752,#12753,#12754
,#12755
    )),.UNSPECIFIED.,.T.,.F.,.F.) B_SPLINE_SURFACE_WITH_KNOTS((1,6,6,1),
  (10,10),(-6.28318530718,0.,6.28318530718,12.566370614359),(0.,1.),
.UNSPECIFIED.) GEOMETRIC_REPRESENTATION_ITEM() RATIONAL_B_SPLINE_SURFACE
((
    (1.669078461068,1.669078461068,1.669078461068,1.669078461068
      ,1.669078461068,1.669078461068,1.669078461068,1.669078461068
      ,1.669078461068,1.669078461068)
    ,(1.03672962321,1.03672962321,1.03672962321,1.03672962321
      ,1.03672962321,1.03672962321,1.03672962321,1.03672962321
      ,1.03672962321,1.03672962321)
    ,(1.038346699848,1.038346699847,1.038346699848,1.038346699847
      ,1.038346699848,1.038346699847,1.038346699848,1.038346699847
      ,1.038346699848,1.038346699848)
    ,(0.853534330196,0.853534330196,0.853534330196,0.853534330196
      ,0.853534330196,0.853534330196,0.853534330196,0.853534330196
      ,0.853534330196,0.853534330196)
    ,(1.038346699848,1.038346699847,1.038346699848,1.038346699847
      ,1.038346699848,1.038346699847,1.038346699848,1.038346699847
      ,1.038346699848,1.038346699848)
    ,(1.03672962321,1.03672962321,1.03672962321,1.03672962321
      ,1.03672962321,1.03672962321,1.03672962321,1.03672962321
      ,1.03672962321,1.03672962321)
    ,(1.669078461068,1.669078461068,1.669078461068,1.669078461068
      ,1.669078461068,1.669078461068,1.669078461068,1.669078461068
,1.669078461068,1.669078461068))) REPRESENTATION_ITEM('') SURFACE() );
#12686 = CARTESIAN_POINT('',(4.3,-4.3,24.98));
#12687 = CARTESIAN_POINT('',(4.3,-3.533333333333,24.98));
#12688 = CARTESIAN_POINT('',(4.175,-2.7625,24.98));
#12689 = CARTESIAN_POINT('',(3.927380952381,-2.016071428571,24.98));
#12690 = CARTESIAN_POINT('',(3.559523809524,-1.322619047619,24.98));
#12691 = CARTESIAN_POINT('',(3.073809523809,-0.710714285714,24.98));
#12692 = CARTESIAN_POINT('',(2.472619047619,-0.208928571429,24.98));
#12693 = CARTESIAN_POINT('',(1.758333333333,0.154166666667,24.98));
#12694 = CARTESIAN_POINT('',(0.933333333333,0.35,24.98));
#12695 = CARTESIAN_POINT('',(0.,0.35,24.98));
#12696 = CARTESIAN_POINT('',(4.516000599824,-4.3,24.98));
#12697 = CARTESIAN_POINT('',(4.516000599824,-3.502028898576,24.98));
#12698 = CARTESIAN_POINT('',(4.385896615896,-2.70075313666,24.98));
#12699 = CARTESIAN_POINT('',(4.128833018266,-1.924065500163,24.98));
#12700 = CARTESIAN_POINT('',(3.744503546301,-1.199559190196,24.98));
#12701 = CARTESIAN_POINT('',(3.239512129031,-0.556711320165,24.98));
#12702 = CARTESIAN_POINT('',(2.602222678194,-2.09960853298E-02,24.98));
#12703 = CARTESIAN_POINT('',(1.843114181011,0.361714436895,24.98));
#12704 = CARTESIAN_POINT('',(0.973619159491,0.566000599824,24.98));
#12705 = CARTESIAN_POINT('',(0.,0.566000599824,24.98));
#12706 = CARTESIAN_POINT('',(4.547014609822,-4.3,24.712908735229));
#12707 = CARTESIAN_POINT('',(4.547014609822,-3.497534114519,
    24.712908735229));
#12708 = CARTESIAN_POINT('',(4.416177780667,-2.691887337961,
    24.712908735229));
#12709 = CARTESIAN_POINT('',(4.157758106393,-1.910855014702,
    24.712908735229));
#12710 = CARTESIAN_POINT('',(3.771063488312,-1.181889889039,
    24.712908735229));
#12711 = CARTESIAN_POINT('',(3.26330420303,-0.534599115305,
    24.712908735229));
#12712 = CARTESIAN_POINT('',(2.620831553807,5.98782123089E-03,
    24.712908735229));
#12713 = CARTESIAN_POINT('',(1.855287267843,0.391514764423,
    24.712908735229));
#12714 = CARTESIAN_POINT('',(0.979403518499,0.597014609822,
    24.712908735229));
#12715 = CARTESIAN_POINT('',(-4.440892098501E-16,0.597014609822,
    24.712908735229));
#12716 = CARTESIAN_POINT('',(4.3,-4.3,24.492614800269));
#12717 = CARTESIAN_POINT('',(4.3,-3.533333333333,24.492614800269));
#12718 = CARTESIAN_POINT('',(4.175,-2.7625,24.492614800269));
#12719 = CARTESIAN_POINT('',(3.927380952381,-2.016071428571,
    24.492614800269));
#12720 = CARTESIAN_POINT('',(3.559523809524,-1.322619047619,
    24.492614800269));
#12721 = CARTESIAN_POINT('',(3.073809523809,-0.710714285714,
    24.492614800269));
#12722 = CARTESIAN_POINT('',(2.472619047619,-0.208928571429,
    24.492614800269));
#12723 = CARTESIAN_POINT('',(1.758333333333,0.154166666667,
    24.492614800269));
#12724 = CARTESIAN_POINT('',(0.933333333333,0.35,24.492614800269));
#12725 = CARTESIAN_POINT('',(-4.440892098501E-16,0.35,24.492614800269));
#12726 = CARTESIAN_POINT('',(4.052985390178,-4.3,24.712908735229));
#12727 = CARTESIAN_POINT('',(4.052985390178,-3.569132552148,
    24.712908735229));
#12728 = CARTESIAN_POINT('',(3.933822219333,-2.833112662039,
    24.712908735229));
#12729 = CARTESIAN_POINT('',(3.697003798369,-2.121287842441,
    24.712908735229));
#12730 = CARTESIAN_POINT('',(3.347984130736,-1.463348206199,
    24.712908735229));
#12731 = CARTESIAN_POINT('',(2.884314844588,-0.886829456123,
    24.712908735229));
#12732 = CARTESIAN_POINT('',(2.324406541431,-0.423844964088,
    24.712908735229));
#12733 = CARTESIAN_POINT('',(1.661379398823,-8.318143108926E-02,
    24.712908735229));
#12734 = CARTESIAN_POINT('',(0.887263148168,0.102985390178,
    24.712908735229));
#12735 = CARTESIAN_POINT('',(0.,0.102985390178,24.712908735229));
#12736 = CARTESIAN_POINT('',(4.083999400176,-4.3,24.98));
#12737 = CARTESIAN_POINT('',(4.083999400176,-3.56463776809,24.98));
#12738 = CARTESIAN_POINT('',(3.964103384104,-2.82424686334,24.98));
#12739 = CARTESIAN_POINT('',(3.725928886496,-2.10807735698,24.98));
#12740 = CARTESIAN_POINT('',(3.374544072747,-1.445678905042,24.98));
#12741 = CARTESIAN_POINT('',(2.908106918588,-0.864717251263,24.98));
#12742 = CARTESIAN_POINT('',(2.343015417044,-0.396861057527,24.98));
#12743 = CARTESIAN_POINT('',(1.673552485656,-5.338110356199E-02,24.98));
#12744 = CARTESIAN_POINT('',(0.893047507176,0.133999400176,24.98));
#12745 = CARTESIAN_POINT('',(0.,0.133999400176,24.98));
#12746 = CARTESIAN_POINT('',(4.3,-4.3,24.98));
#12747 = CARTESIAN_POINT('',(4.3,-3.533333333333,24.98));
#12748 = CARTESIAN_POINT('',(4.175,-2.7625,24.98));
#12749 = CARTESIAN_POINT('',(3.927380952381,-2.016071428571,24.98));
#12750 = CARTESIAN_POINT('',(3.559523809524,-1.322619047619,24.98));
#12751 = CARTESIAN_POINT('',(3.073809523809,-0.710714285714,24.98));
#12752 = CARTESIAN_POINT('',(2.472619047619,-0.208928571429,24.98));
#12753 = CARTESIAN_POINT('',(1.758333333333,0.154166666667,24.98));
#12754 = CARTESIAN_POINT('',(0.933333333333,0.35,24.98));
#12755 = CARTESIAN_POINT('',(0.,0.35,24.98));
#12756 = ADVANCED_FACE('',(#12757),#12787,.T.);
#12757 = FACE_BOUND('',#12758,.T.);
#12758 = EDGE_LOOP('',(#12759,#12760,#12775,#12785,#12786));
#12759 = ORIENTED_EDGE('',*,*,#12398,.T.);
#12760 = ORIENTED_EDGE('',*,*,#12761,.T.);
#12761 = EDGE_CURVE('',#11919,#12762,#12764,.T.);
#12762 = VERTEX_POINT('',#12763);
#12763 = CARTESIAN_POINT('',(-3.9,4.2,24.98));
#12764 = ( BOUNDED_CURVE() B_SPLINE_CURVE(9,(#12765,#12766,#12767,#12768
    ,#12769,#12770,#12771,#12772,#12773,#12774),.UNSPECIFIED.,.F.,.F.) 
B_SPLINE_CURVE_WITH_KNOTS((10,10),(0.,1.),.PIECEWISE_BEZIER_KNOTS.) 
CURVE() GEOMETRIC_REPRESENTATION_ITEM() RATIONAL_B_SPLINE_CURVE((
    1.669078461068,1.669078461068,1.669078461068,1.669078461068,
    1.669078461068,1.669078461068,1.669078461068,1.669078461068,
1.669078461068,1.669078461068)) REPRESENTATION_ITEM('') );
#12765 = CARTESIAN_POINT('',(0.,-0.35,24.98));
#12766 = CARTESIAN_POINT('',(-0.9,-0.35,24.98));
#12767 = CARTESIAN_POINT('',(-1.675,-0.154166666667,24.98));
#12768 = CARTESIAN_POINT('',(-2.328571428571,0.207738095238,24.98));
#12769 = CARTESIAN_POINT('',(-2.864285714286,0.705952380952,24.98));
#12770 = CARTESIAN_POINT('',(-3.285714285714,1.310714285714,24.98));
#12771 = CARTESIAN_POINT('',(-3.596428571429,1.992261904762,24.98));
#12772 = CARTESIAN_POINT('',(-3.8,2.720833333333,24.98));
#12773 = CARTESIAN_POINT('',(-3.9,3.466666666667,24.98));
#12774 = CARTESIAN_POINT('',(-3.9,4.2,24.98));
#12775 = ORIENTED_EDGE('',*,*,#12776,.F.);
#12776 = EDGE_CURVE('',#12762,#12762,#12777,.T.);
#12777 = ( BOUNDED_CURVE() B_SPLINE_CURVE(6,(#12778,#12779,#12780,#12781
    ,#12782,#12783,#12784),.UNSPECIFIED.,.T.,.F.) 
B_SPLINE_CURVE_WITH_KNOTS((1,6,6,1),(-6.28318530718,0.,6.28318530718,
12.566370614359),.UNSPECIFIED.) CURVE() GEOMETRIC_REPRESENTATION_ITEM() 
RATIONAL_B_SPLINE_CURVE((1.669078461068,1.03672962321,1.038346699848,
    0.853534330196,1.038346699848,1.03672962321,1.669078461068)) 
REPRESENTATION_ITEM('') );
#12778 = CARTESIAN_POINT('',(-3.9,4.2,24.98));
#12779 = CARTESIAN_POINT('',(-3.683999400176,4.2,24.98));
#12780 = CARTESIAN_POINT('',(-3.652985390178,4.2,24.712908735229));
#12781 = CARTESIAN_POINT('',(-3.9,4.2,24.492614800269));
#12782 = CARTESIAN_POINT('',(-4.147014609822,4.2,24.712908735229));
#12783 = CARTESIAN_POINT('',(-4.116000599824,4.2,24.98));
#12784 = CARTESIAN_POINT('',(-3.9,4.2,24.98));
#12785 = ORIENTED_EDGE('',*,*,#12761,.F.);
#12786 = ORIENTED_EDGE('',*,*,#12271,.T.);
#12787 = ( BOUNDED_SURFACE() B_SPLINE_SURFACE(6,9,(
    (#12788,#12789,#12790,#12791,#12792,#12793,#12794,#12795,#12796
      ,#12797)
    ,(#12798,#12799,#12800,#12801,#12802,#12803,#12804,#12805,#12806
      ,#12807)
    ,(#12808,#12809,#12810,#12811,#12812,#12813,#12814,#12815,#12816
      ,#12817)
    ,(#12818,#12819,#12820,#12821,#12822,#12823,#12824,#12825,#12826
      ,#12827)
    ,(#12828,#12829,#12830,#12831,#12832,#12833,#12834,#12835,#12836
      ,#12837)
    ,(#12838,#12839,#12840,#12841,#12842,#12843,#12844,#12845,#12846
      ,#12847)
    ,(#12848,#12849,#12850,#12851,#12852,#12853,#12854,#12855,#12856
,#12857
    )),.UNSPECIFIED.,.T.,.F.,.F.) B_SPLINE_SURFACE_WITH_KNOTS((1,6,6,1),
  (10,10),(-6.28318530718,0.,6.28318530718,12.566370614359),(0.,1.),
.UNSPECIFIED.) GEOMETRIC_REPRESENTATION_ITEM() RATIONAL_B_SPLINE_SURFACE
((
    (1.669078461068,1.669078461068,1.669078461068,1.669078461068
      ,1.669078461068,1.669078461068,1.669078461068,1.669078461068
      ,1.669078461068,1.669078461068)
    ,(1.03672962321,1.03672962321,1.03672962321,1.03672962321
      ,1.03672962321,1.03672962321,1.03672962321,1.03672962321
      ,1.03672962321,1.03672962321)
    ,(1.038346699848,1.038346699847,1.038346699848,1.038346699847
      ,1.038346699848,1.038346699847,1.038346699848,1.038346699847
      ,1.038346699848,1.038346699848)
    ,(0.853534330196,0.853534330196,0.853534330196,0.853534330196
      ,0.853534330196,0.853534330196,0.853534330196,0.853534330196
      ,0.853534330196,0.853534330196)
    ,(1.038346699848,1.038346699847,1.038346699848,1.038346699847
      ,1.038346699848,1.038346699847,1.038346699848,1.038346699847
      ,1.038346699848,1.038346699848)
    ,(1.03672962321,1.03672962321,1.03672962321,1.03672962321
      ,1.03672962321,1.03672962321,1.03672962321,1.03672962321
      ,1.03672962321,1.03672962321)
    ,(1.669078461068,1.669078461068,1.669078461068,1.669078461068
      ,1.669078461068,1.669078461068,1.669078461068,1.669078461068
,1.669078461068,1.669078461068))) REPRESENTATION_ITEM('') SURFACE() );
#12788 = CARTESIAN_POINT('',(0.,-0.35,24.98));
#12789 = CARTESIAN_POINT('',(-0.9,-0.35,24.98));
#12790 = CARTESIAN_POINT('',(-1.675,-0.154166666667,24.98));
#12791 = CARTESIAN_POINT('',(-2.328571428571,0.207738095238,24.98));
#12792 = CARTESIAN_POINT('',(-2.864285714286,0.705952380952,24.98));
#12793 = CARTESIAN_POINT('',(-3.285714285714,1.310714285714,24.98));
#12794 = CARTESIAN_POINT('',(-3.596428571429,1.992261904762,24.98));
#12795 = CARTESIAN_POINT('',(-3.8,2.720833333333,24.98));
#12796 = CARTESIAN_POINT('',(-3.9,3.466666666667,24.98));
#12797 = CARTESIAN_POINT('',(-3.9,4.2,24.98));
#12798 = CARTESIAN_POINT('',(4.440892098501E-16,-0.133999400176,24.98));
#12799 = CARTESIAN_POINT('',(-0.858222106207,-0.133999400176,24.98));
#12800 = CARTESIAN_POINT('',(-1.585394812899,5.274337293403E-02,24.98));
#12801 = CARTESIAN_POINT('',(-2.188956579479,0.392772676816,24.98));
#12802 = CARTESIAN_POINT('',(-2.685869275743,0.84746141604,24.98));
#12803 = CARTESIAN_POINT('',(-3.095072870049,1.421290307682,24.98));
#12804 = CARTESIAN_POINT('',(-3.39040653232,2.072086100033,24.98));
#12805 = CARTESIAN_POINT('',(-3.587569658024,2.773122734737,24.98));
#12806 = CARTESIAN_POINT('',(-3.683999400176,3.492848557554,24.98));
#12807 = CARTESIAN_POINT('',(-3.683999400176,4.2,24.98));
#12808 = CARTESIAN_POINT('',(-4.440892098501E-16,-0.102985390178,
    24.712908735229));
#12809 = CARTESIAN_POINT('',(-0.852223511681,-0.102985390178,
    24.712908735229));
#12810 = CARTESIAN_POINT('',(-1.572529033031,8.24521331969E-02,
    24.712908735229));
#12811 = CARTESIAN_POINT('',(-2.168910263269,0.419340493607,
    24.712908735229));
#12812 = CARTESIAN_POINT('',(-2.660251711656,0.867779705122,
    24.712908735229));
#12813 = CARTESIAN_POINT('',(-3.067700007306,1.437167142532,
    24.712908735229));
#12814 = CARTESIAN_POINT('',(-3.360825273815,2.083547495938,
    24.712908735229));
#12815 = CARTESIAN_POINT('',(-3.557068276291,2.78063060286,
    24.712908735229));
#12816 = CARTESIAN_POINT('',(-3.652985390178,3.496607831494,
    24.712908735229));
#12817 = CARTESIAN_POINT('',(-3.652985390178,4.2,24.712908735229));
#12818 = CARTESIAN_POINT('',(-4.440892098501E-16,-0.35,24.492614800269)
  );
#12819 = CARTESIAN_POINT('',(-0.9,-0.35,24.492614800269));
#12820 = CARTESIAN_POINT('',(-1.675,-0.154166666667,24.492614800269));
#12821 = CARTESIAN_POINT('',(-2.328571428571,0.207738095238,
    24.492614800269));
#12822 = CARTESIAN_POINT('',(-2.864285714286,0.705952380952,
    24.492614800269));
#12823 = CARTESIAN_POINT('',(-3.285714285714,1.310714285714,
    24.492614800269));
#12824 = CARTESIAN_POINT('',(-3.596428571428,1.992261904762,
    24.492614800269));
#12825 = CARTESIAN_POINT('',(-3.8,2.720833333333,24.492614800269));
#12826 = CARTESIAN_POINT('',(-3.9,3.466666666667,24.492614800269));
#12827 = CARTESIAN_POINT('',(-3.9,4.2,24.492614800269));
#12828 = CARTESIAN_POINT('',(-4.440892098501E-16,-0.597014609822,
    24.712908735229));
#12829 = CARTESIAN_POINT('',(-0.947776488319,-0.597014609822,
    24.712908735229));
#12830 = CARTESIAN_POINT('',(-1.777470966969,-0.39078546653,
    24.712908735229));
#12831 = CARTESIAN_POINT('',(-2.488232593873,-3.864303131392E-03,
    24.712908735229));
#12832 = CARTESIAN_POINT('',(-3.068319716915,0.544125056783,
    24.712908735229));
#12833 = CARTESIAN_POINT('',(-3.503728564123,1.184261428897,
    24.712908735229));
#12834 = CARTESIAN_POINT('',(-3.832031869042,1.900976313586,
    24.712908735229));
#12835 = CARTESIAN_POINT('',(-4.042931723709,2.661036063807,
    24.712908735229));
#12836 = CARTESIAN_POINT('',(-4.147014609822,3.43672550184,
    24.712908735229));
#12837 = CARTESIAN_POINT('',(-4.147014609822,4.2,24.712908735229));
#12838 = CARTESIAN_POINT('',(4.440892098501E-16,-0.566000599824,24.98));
#12839 = CARTESIAN_POINT('',(-0.941777893793,-0.566000599824,24.98));
#12840 = CARTESIAN_POINT('',(-1.764605187101,-0.361076706267,24.98));
#12841 = CARTESIAN_POINT('',(-2.468186277664,2.27035136602E-02,24.98));
#12842 = CARTESIAN_POINT('',(-3.042702152829,0.564443345864,24.98));
#12843 = CARTESIAN_POINT('',(-3.47635570138,1.200138263747,24.98));
#12844 = CARTESIAN_POINT('',(-3.802450610537,1.912437709491,24.98));
#12845 = CARTESIAN_POINT('',(-4.012430341976,2.66854393193,24.98));
#12846 = CARTESIAN_POINT('',(-4.116000599824,3.440484775779,24.98));
#12847 = CARTESIAN_POINT('',(-4.116000599824,4.2,24.98));
#12848 = CARTESIAN_POINT('',(0.,-0.35,24.98));
#12849 = CARTESIAN_POINT('',(-0.9,-0.35,24.98));
#12850 = CARTESIAN_POINT('',(-1.675,-0.154166666667,24.98));
#12851 = CARTESIAN_POINT('',(-2.328571428571,0.207738095238,24.98));
#12852 = CARTESIAN_POINT('',(-2.864285714286,0.705952380952,24.98));
#12853 = CARTESIAN_POINT('',(-3.285714285714,1.310714285714,24.98));
#12854 = CARTESIAN_POINT('',(-3.596428571429,1.992261904762,24.98));
#12855 = CARTESIAN_POINT('',(-3.8,2.720833333333,24.98));
#12856 = CARTESIAN_POINT('',(-3.9,3.466666666667,24.98));
#12857 = CARTESIAN_POINT('',(-3.9,4.2,24.98));
#12858 = ADVANCED_FACE('',(#12859),#12887,.T.);
#12859 = FACE_BOUND('',#12860,.T.);
#12860 = EDGE_LOOP('',(#12861,#12875,#12885,#12886));
#12861 = ORIENTED_EDGE('',*,*,#12862,.T.);
#12862 = EDGE_CURVE('',#12373,#12863,#12865,.T.);
#12863 = VERTEX_POINT('',#12864);
#12864 = CARTESIAN_POINT('',(4.440892098501E-16,-8.5,24.98));
#12865 = ( BOUNDED_CURVE() B_SPLINE_CURVE(8,(#12866,#12867,#12868,#12869
    ,#12870,#12871,#12872,#12873,#12874),.UNSPECIFIED.,.F.,.F.) 
B_SPLINE_CURVE_WITH_KNOTS((9,9),(0.,1.),.PIECEWISE_BEZIER_KNOTS.) CURVE(
) GEOMETRIC_REPRESENTATION_ITEM() RATIONAL_B_SPLINE_CURVE((
    1.669078461068,1.669078461068,1.669078461068,1.669078461068,
    1.669078461068,1.669078461068,1.669078461068,1.669078461068,
1.669078461068)) REPRESENTATION_ITEM('') );
#12866 = CARTESIAN_POINT('',(-4.3,-4.3,24.98));
#12867 = CARTESIAN_POINT('',(-4.3,-5.2375,24.98));
#12868 = CARTESIAN_POINT('',(-4.117857142857,-6.089285714286,24.98));
#12869 = CARTESIAN_POINT('',(-3.767857142857,-6.839285714286,24.98));
#12870 = CARTESIAN_POINT('',(-3.264285714286,-7.471428571429,24.98));
#12871 = CARTESIAN_POINT('',(-2.621428571429,-7.969642857143,24.98));
#12872 = CARTESIAN_POINT('',(-1.853571428571,-8.317857142857,24.98));
#12873 = CARTESIAN_POINT('',(-0.975,-8.5,24.98));
#12874 = CARTESIAN_POINT('',(8.881784197001E-16,-8.5,24.98));
#12875 = ORIENTED_EDGE('',*,*,#12876,.F.);
#12876 = EDGE_CURVE('',#12863,#12863,#12877,.T.);
#12877 = ( BOUNDED_CURVE() B_SPLINE_CURVE(6,(#12878,#12879,#12880,#12881
    ,#12882,#12883,#12884),.UNSPECIFIED.,.T.,.F.) 
B_SPLINE_CURVE_WITH_KNOTS((1,6,6,1),(-6.28318530718,0.,6.28318530718,
12.566370614359),.UNSPECIFIED.) CURVE() GEOMETRIC_REPRESENTATION_ITEM() 
RATIONAL_B_SPLINE_CURVE((1.669078461068,1.03672962321,1.038346699848,
    0.853534330196,1.038346699848,1.03672962321,1.669078461068)) 
REPRESENTATION_ITEM('') );
#12878 = CARTESIAN_POINT('',(8.881784197001E-16,-8.5,24.98));
#12879 = CARTESIAN_POINT('',(8.881784197001E-16,-8.716000599824,24.98));
#12880 = CARTESIAN_POINT('',(8.881784197001E-16,-8.747014609822,
    24.712908735229));
#12881 = CARTESIAN_POINT('',(4.440892098501E-16,-8.5,24.492614800269));
#12882 = CARTESIAN_POINT('',(8.881784197001E-16,-8.252985390178,
    24.712908735229));
#12883 = CARTESIAN_POINT('',(8.881784197001E-16,-8.283999400176,24.98));
#12884 = CARTESIAN_POINT('',(8.881784197001E-16,-8.5,24.98));
#12885 = ORIENTED_EDGE('',*,*,#12862,.F.);
#12886 = ORIENTED_EDGE('',*,*,#12387,.T.);
#12887 = ( BOUNDED_SURFACE() B_SPLINE_SURFACE(6,8,(
    (#12888,#12889,#12890,#12891,#12892,#12893,#12894,#12895,#12896)
    ,(#12897,#12898,#12899,#12900,#12901,#12902,#12903,#12904,#12905)
    ,(#12906,#12907,#12908,#12909,#12910,#12911,#12912,#12913,#12914)
    ,(#12915,#12916,#12917,#12918,#12919,#12920,#12921,#12922,#12923)
    ,(#12924,#12925,#12926,#12927,#12928,#12929,#12930,#12931,#12932)
    ,(#12933,#12934,#12935,#12936,#12937,#12938,#12939,#12940,#12941)
    ,(#12942,#12943,#12944,#12945,#12946,#12947,#12948,#12949,#12950
)),.UNSPECIFIED.,.T.,.F.,.F.) B_SPLINE_SURFACE_WITH_KNOTS((1,6,6,1),(9,9
    ),(-6.28318530718,0.,6.28318530718,12.566370614359),(0.,1.),
.UNSPECIFIED.) GEOMETRIC_REPRESENTATION_ITEM() RATIONAL_B_SPLINE_SURFACE
((
    (1.669078461068,1.669078461068,1.669078461068,1.669078461068
      ,1.669078461068,1.669078461068,1.669078461068,1.669078461068
      ,1.669078461068)
    ,(1.03672962321,1.03672962321,1.03672962321,1.03672962321
      ,1.03672962321,1.03672962321,1.03672962321,1.03672962321
      ,1.03672962321)
    ,(1.038346699848,1.038346699848,1.038346699848,1.038346699848
      ,1.038346699848,1.038346699848,1.038346699848,1.038346699848
      ,1.038346699848)
    ,(0.853534330196,0.853534330196,0.853534330196,0.853534330196
      ,0.853534330196,0.853534330196,0.853534330196,0.853534330196
      ,0.853534330196)
    ,(1.038346699848,1.038346699848,1.038346699848,1.038346699848
      ,1.038346699848,1.038346699848,1.038346699848,1.038346699848
      ,1.038346699848)
    ,(1.03672962321,1.03672962321,1.03672962321,1.03672962321
      ,1.03672962321,1.03672962321,1.03672962321,1.03672962321
      ,1.03672962321)
    ,(1.669078461068,1.669078461068,1.669078461068,1.669078461068
      ,1.669078461068,1.669078461068,1.669078461068,1.669078461068
,1.669078461068))) REPRESENTATION_ITEM('') SURFACE() );
#12888 = CARTESIAN_POINT('',(-4.3,-4.3,24.98));
#12889 = CARTESIAN_POINT('',(-4.3,-5.2375,24.98));
#12890 = CARTESIAN_POINT('',(-4.117857142857,-6.089285714286,24.98));
#12891 = CARTESIAN_POINT('',(-3.767857142857,-6.839285714286,24.98));
#12892 = CARTESIAN_POINT('',(-3.264285714286,-7.471428571429,24.98));
#12893 = CARTESIAN_POINT('',(-2.621428571429,-7.969642857143,24.98));
#12894 = CARTESIAN_POINT('',(-1.853571428571,-8.317857142857,24.98));
#12895 = CARTESIAN_POINT('',(-0.975,-8.5,24.98));
#12896 = CARTESIAN_POINT('',(8.881784197001E-16,-8.5,24.98));
#12897 = CARTESIAN_POINT('',(-4.516000599824,-4.3,24.98));
#12898 = CARTESIAN_POINT('',(-4.516000599824,-5.27422010197,24.98));
#12899 = CARTESIAN_POINT('',(-4.326723551441,-6.166971872874,24.98));
#12900 = CARTESIAN_POINT('',(-3.959762627654,-6.960221277946,24.98));
#12901 = CARTESIAN_POINT('',(-3.425528480867,-7.636338053837,24.98));
#12902 = CARTESIAN_POINT('',(-2.738634412738,-8.163117365049,24.98));
#12903 = CARTESIAN_POINT('',(-1.928500630729,-8.527261781846,24.98));
#12904 = CARTESIAN_POINT('',(-1.010307790356,-8.716000599824,24.98));
#12905 = CARTESIAN_POINT('',(8.881784197001E-16,-8.716000599824,24.98));
#12906 = CARTESIAN_POINT('',(-4.547014609822,-4.3,24.712908735229));
#12907 = CARTESIAN_POINT('',(-4.547014609822,-5.27949248367,
    24.712908735229));
#12908 = CARTESIAN_POINT('',(-4.356713212995,-6.178126283098,
    24.712908735229));
#12909 = CARTESIAN_POINT('',(-3.987316989211,-6.977585566672,
    24.712908735229));
#12910 = CARTESIAN_POINT('',(-3.44868019794,-7.660016248899,
    24.712908735229));
#12911 = CARTESIAN_POINT('',(-2.755463176811,-8.190897011622,
    24.712908735229));
#12912 = CARTESIAN_POINT('',(-1.939259188931,-8.557328724125,
    24.712908735229));
#12913 = CARTESIAN_POINT('',(-1.015377388144,-8.747014609822,
    24.712908735229));
#12914 = CARTESIAN_POINT('',(8.881784197001E-16,-8.747014609822,
    24.712908735229));
#12915 = CARTESIAN_POINT('',(-4.3,-4.3,24.492614800269));
#12916 = CARTESIAN_POINT('',(-4.3,-5.2375,24.492614800269));
#12917 = CARTESIAN_POINT('',(-4.117857142857,-6.089285714286,
    24.492614800269));
#12918 = CARTESIAN_POINT('',(-3.767857142857,-6.839285714286,
    24.492614800269));
#12919 = CARTESIAN_POINT('',(-3.264285714286,-7.471428571429,
    24.492614800269));
#12920 = CARTESIAN_POINT('',(-2.621428571429,-7.969642857143,
    24.492614800269));
#12921 = CARTESIAN_POINT('',(-1.853571428571,-8.317857142857,
    24.492614800269));
#12922 = CARTESIAN_POINT('',(-0.975,-8.5,24.492614800269));
#12923 = CARTESIAN_POINT('',(4.440892098501E-16,-8.5,24.492614800269));
#12924 = CARTESIAN_POINT('',(-4.052985390178,-4.3,24.712908735229));
#12925 = CARTESIAN_POINT('',(-4.052985390178,-5.19550751633,
    24.712908735229));
#12926 = CARTESIAN_POINT('',(-3.87900107272,-6.000445145473,
    24.712908735229));
#12927 = CARTESIAN_POINT('',(-3.548397296504,-6.700985861899,
    24.712908735229));
#12928 = CARTESIAN_POINT('',(-3.079891230631,-7.282840893958,
    24.712908735229));
#12929 = CARTESIAN_POINT('',(-2.487393966046,-7.748388702664,
    24.712908735229));
#12930 = CARTESIAN_POINT('',(-1.767883668212,-8.07838556159,
    24.712908735229));
#12931 = CARTESIAN_POINT('',(-0.934622611856,-8.252985390178,
    24.712908735229));
#12932 = CARTESIAN_POINT('',(8.881784197001E-16,-8.252985390178,
    24.712908735229));
#12933 = CARTESIAN_POINT('',(-4.083999400176,-4.3,24.98));
#12934 = CARTESIAN_POINT('',(-4.083999400176,-5.20077989803,24.98));
#12935 = CARTESIAN_POINT('',(-3.908990734273,-6.011599555697,24.98));
#12936 = CARTESIAN_POINT('',(-3.575951658061,-6.718350150625,24.98));
#12937 = CARTESIAN_POINT('',(-3.103042947704,-7.30651908902,24.98));
#12938 = CARTESIAN_POINT('',(-2.504222730119,-7.776168349236,24.98));
#12939 = CARTESIAN_POINT('',(-1.778642226413,-8.108452503869,24.98));
#12940 = CARTESIAN_POINT('',(-0.939692209644,-8.283999400176,24.98));
#12941 = CARTESIAN_POINT('',(8.881784197001E-16,-8.283999400176,24.98));
#12942 = CARTESIAN_POINT('',(-4.3,-4.3,24.98));
#12943 = CARTESIAN_POINT('',(-4.3,-5.2375,24.98));
#12944 = CARTESIAN_POINT('',(-4.117857142857,-6.089285714286,24.98));
#12945 = CARTESIAN_POINT('',(-3.767857142857,-6.839285714286,24.98));
#12946 = CARTESIAN_POINT('',(-3.264285714286,-7.471428571429,24.98));
#12947 = CARTESIAN_POINT('',(-2.621428571429,-7.969642857143,24.98));
#12948 = CARTESIAN_POINT('',(-1.853571428571,-8.317857142857,24.98));
#12949 = CARTESIAN_POINT('',(-0.975,-8.5,24.98));
#12950 = CARTESIAN_POINT('',(8.881784197001E-16,-8.5,24.98));
#12951 = ADVANCED_FACE('',(#12952),#12969,.T.);
#12952 = FACE_BOUND('',#12953,.T.);
#12953 = EDGE_LOOP('',(#12954,#12966,#12967,#12968));
#12954 = ORIENTED_EDGE('',*,*,#12955,.T.);
#12955 = EDGE_CURVE('',#12863,#12510,#12956,.T.);
#12956 = ( BOUNDED_CURVE() B_SPLINE_CURVE(8,(#12957,#12958,#12959,#12960
    ,#12961,#12962,#12963,#12964,#12965),.UNSPECIFIED.,.F.,.F.) 
B_SPLINE_CURVE_WITH_KNOTS((9,9),(0.,1.),.PIECEWISE_BEZIER_KNOTS.) CURVE(
) GEOMETRIC_REPRESENTATION_ITEM() RATIONAL_B_SPLINE_CURVE((
    1.669078461068,1.669078461068,1.669078461068,1.669078461068,
    1.669078461068,1.669078461068,1.669078461068,1.669078461068,
1.669078461068)) REPRESENTATION_ITEM('') );
#12957 = CARTESIAN_POINT('',(-4.440892098501E-16,-8.5,24.98));
#12958 = CARTESIAN_POINT('',(0.975,-8.5,24.98));
#12959 = CARTESIAN_POINT('',(1.853571428571,-8.317857142857,24.98));
#12960 = CARTESIAN_POINT('',(2.621428571429,-7.969642857143,24.98));
#12961 = CARTESIAN_POINT('',(3.264285714286,-7.471428571429,24.98));
#12962 = CARTESIAN_POINT('',(3.767857142857,-6.839285714286,24.98));
#12963 = CARTESIAN_POINT('',(4.117857142857,-6.089285714286,24.98));
#12964 = CARTESIAN_POINT('',(4.3,-5.2375,24.98));
#12965 = CARTESIAN_POINT('',(4.3,-4.3,24.98));
#12966 = ORIENTED_EDGE('',*,*,#12509,.F.);
#12967 = ORIENTED_EDGE('',*,*,#12955,.F.);
#12968 = ORIENTED_EDGE('',*,*,#12876,.T.);
#12969 = ( BOUNDED_SURFACE() B_SPLINE_SURFACE(6,8,(
    (#12970,#12971,#12972,#12973,#12974,#12975,#12976,#12977,#12978)
    ,(#12979,#12980,#12981,#12982,#12983,#12984,#12985,#12986,#12987)
    ,(#12988,#12989,#12990,#12991,#12992,#12993,#12994,#12995,#12996)
    ,(#12997,#12998,#12999,#13000,#13001,#13002,#13003,#13004,#13005)
    ,(#13006,#13007,#13008,#13009,#13010,#13011,#13012,#13013,#13014)
    ,(#13015,#13016,#13017,#13018,#13019,#13020,#13021,#13022,#13023)
    ,(#13024,#13025,#13026,#13027,#13028,#13029,#13030,#13031,#13032
)),.UNSPECIFIED.,.T.,.F.,.F.) B_SPLINE_SURFACE_WITH_KNOTS((1,6,6,1),(9,9
    ),(-6.28318530718,0.,6.28318530718,12.566370614359),(0.,1.),
.UNSPECIFIED.) GEOMETRIC_REPRESENTATION_ITEM() RATIONAL_B_SPLINE_SURFACE
((
    (1.669078461068,1.669078461068,1.669078461068,1.669078461068
      ,1.669078461068,1.669078461068,1.669078461068,1.669078461068
      ,1.669078461068)
    ,(1.03672962321,1.03672962321,1.03672962321,1.03672962321
      ,1.03672962321,1.03672962321,1.03672962321,1.03672962321
      ,1.03672962321)
    ,(1.038346699848,1.038346699848,1.038346699848,1.038346699848
      ,1.038346699848,1.038346699848,1.038346699848,1.038346699848
      ,1.038346699848)
    ,(0.853534330196,0.853534330196,0.853534330196,0.853534330196
      ,0.853534330196,0.853534330196,0.853534330196,0.853534330196
      ,0.853534330196)
    ,(1.038346699848,1.038346699848,1.038346699848,1.038346699848
      ,1.038346699848,1.038346699848,1.038346699848,1.038346699848
      ,1.038346699848)
    ,(1.03672962321,1.03672962321,1.03672962321,1.03672962321
      ,1.03672962321,1.03672962321,1.03672962321,1.03672962321
      ,1.03672962321)
    ,(1.669078461068,1.669078461068,1.669078461068,1.669078461068
      ,1.669078461068,1.669078461068,1.669078461068,1.669078461068
,1.669078461068))) REPRESENTATION_ITEM('') SURFACE() );
#12970 = CARTESIAN_POINT('',(-4.440892098501E-16,-8.5,24.98));
#12971 = CARTESIAN_POINT('',(0.975,-8.5,24.98));
#12972 = CARTESIAN_POINT('',(1.853571428571,-8.317857142857,24.98));
#12973 = CARTESIAN_POINT('',(2.621428571429,-7.969642857143,24.98));
#12974 = CARTESIAN_POINT('',(3.264285714286,-7.471428571429,24.98));
#12975 = CARTESIAN_POINT('',(3.767857142857,-6.839285714286,24.98));
#12976 = CARTESIAN_POINT('',(4.117857142857,-6.089285714286,24.98));
#12977 = CARTESIAN_POINT('',(4.3,-5.2375,24.98));
#12978 = CARTESIAN_POINT('',(4.3,-4.3,24.98));
#12979 = CARTESIAN_POINT('',(0.,-8.716000599824,24.98));
#12980 = CARTESIAN_POINT('',(1.010307790356,-8.716000599824,24.98));
#12981 = CARTESIAN_POINT('',(1.928500630729,-8.527261781846,24.98));
#12982 = CARTESIAN_POINT('',(2.738634412738,-8.163117365049,24.98));
#12983 = CARTESIAN_POINT('',(3.425528480867,-7.636338053837,24.98));
#12984 = CARTESIAN_POINT('',(3.959762627653,-6.960221277946,24.98));
#12985 = CARTESIAN_POINT('',(4.326723551441,-6.166971872874,24.98));
#12986 = CARTESIAN_POINT('',(4.516000599824,-5.27422010197,24.98));
#12987 = CARTESIAN_POINT('',(4.516000599824,-4.3,24.98));
#12988 = CARTESIAN_POINT('',(0.,-8.747014609822,24.712908735229));
#12989 = CARTESIAN_POINT('',(1.015377388144,-8.747014609822,
    24.712908735229));
#12990 = CARTESIAN_POINT('',(1.939259188931,-8.557328724125,
    24.712908735229));
#12991 = CARTESIAN_POINT('',(2.755463176811,-8.190897011621,
    24.712908735229));
#12992 = CARTESIAN_POINT('',(3.44868019794,-7.660016248899,
    24.712908735229));
#12993 = CARTESIAN_POINT('',(3.987316989211,-6.977585566672,
    24.712908735229));
#12994 = CARTESIAN_POINT('',(4.356713212995,-6.178126283098,
    24.712908735229));
#12995 = CARTESIAN_POINT('',(4.547014609822,-5.27949248367,
    24.712908735229));
#12996 = CARTESIAN_POINT('',(4.547014609822,-4.3,24.712908735229));
#12997 = CARTESIAN_POINT('',(-8.881784197001E-16,-8.5,24.492614800269));
#12998 = CARTESIAN_POINT('',(0.975,-8.5,24.492614800269));
#12999 = CARTESIAN_POINT('',(1.853571428571,-8.317857142857,
    24.492614800269));
#13000 = CARTESIAN_POINT('',(2.621428571429,-7.969642857143,
    24.492614800269));
#13001 = CARTESIAN_POINT('',(3.264285714286,-7.471428571429,
    24.492614800269));
#13002 = CARTESIAN_POINT('',(3.767857142857,-6.839285714286,
    24.492614800269));
#13003 = CARTESIAN_POINT('',(4.117857142857,-6.089285714286,
    24.492614800269));
#13004 = CARTESIAN_POINT('',(4.3,-5.2375,24.492614800269));
#13005 = CARTESIAN_POINT('',(4.3,-4.3,24.492614800269));
#13006 = CARTESIAN_POINT('',(0.,-8.252985390178,24.712908735229));
#13007 = CARTESIAN_POINT('',(0.934622611856,-8.252985390178,
    24.712908735229));
#13008 = CARTESIAN_POINT('',(1.767883668212,-8.07838556159,
    24.712908735229));
#13009 = CARTESIAN_POINT('',(2.487393966046,-7.748388702664,
    24.712908735229));
#13010 = CARTESIAN_POINT('',(3.079891230631,-7.282840893958,
    24.712908735229));
#13011 = CARTESIAN_POINT('',(3.548397296504,-6.700985861899,
    24.712908735229));
#13012 = CARTESIAN_POINT('',(3.87900107272,-6.000445145473,
    24.712908735229));
#13013 = CARTESIAN_POINT('',(4.052985390178,-5.19550751633,
    24.712908735229));
#13014 = CARTESIAN_POINT('',(4.052985390178,-4.3,24.712908735229));
#13015 = CARTESIAN_POINT('',(8.881784197001E-16,-8.283999400176,24.98));
#13016 = CARTESIAN_POINT('',(0.939692209644,-8.283999400176,24.98));
#13017 = CARTESIAN_POINT('',(1.778642226413,-8.108452503869,24.98));
#13018 = CARTESIAN_POINT('',(2.504222730119,-7.776168349236,24.98));
#13019 = CARTESIAN_POINT('',(3.103042947704,-7.30651908902,24.98));
#13020 = CARTESIAN_POINT('',(3.575951658061,-6.718350150625,24.98));
#13021 = CARTESIAN_POINT('',(3.908990734273,-6.011599555698,24.98));
#13022 = CARTESIAN_POINT('',(4.083999400176,-5.20077989803,24.98));
#13023 = CARTESIAN_POINT('',(4.083999400176,-4.3,24.98));
#13024 = CARTESIAN_POINT('',(-4.440892098501E-16,-8.5,24.98));
#13025 = CARTESIAN_POINT('',(0.975,-8.5,24.98));
#13026 = CARTESIAN_POINT('',(1.853571428571,-8.317857142857,24.98));
#13027 = CARTESIAN_POINT('',(2.621428571429,-7.969642857143,24.98));
#13028 = CARTESIAN_POINT('',(3.264285714286,-7.471428571429,24.98));
#13029 = CARTESIAN_POINT('',(3.767857142857,-6.839285714286,24.98));
#13030 = CARTESIAN_POINT('',(4.117857142857,-6.089285714286,24.98));
#13031 = CARTESIAN_POINT('',(4.3,-5.2375,24.98));
#13032 = CARTESIAN_POINT('',(4.3,-4.3,24.98));
#13033 = ADVANCED_FACE('',(#13034),#13064,.T.);
#13034 = FACE_BOUND('',#13035,.T.);
#13035 = EDGE_LOOP('',(#13036,#13048,#13061,#13062,#13063));
#13036 = ORIENTED_EDGE('',*,*,#13037,.T.);
#13037 = EDGE_CURVE('',#13038,#13038,#13040,.T.);
#13038 = VERTEX_POINT('',#13039);
#13039 = CARTESIAN_POINT('',(3.9,4.2,24.98));
#13040 = ( BOUNDED_CURVE() B_SPLINE_CURVE(6,(#13041,#13042,#13043,#13044
    ,#13045,#13046,#13047),.UNSPECIFIED.,.T.,.F.) 
B_SPLINE_CURVE_WITH_KNOTS((1,6,6,1),(-6.28318530718,0.,6.28318530718,
12.566370614359),.UNSPECIFIED.) CURVE() GEOMETRIC_REPRESENTATION_ITEM() 
RATIONAL_B_SPLINE_CURVE((1.669078461068,1.03672962321,1.038346699848,
    0.853534330196,1.038346699848,1.03672962321,1.669078461068)) 
REPRESENTATION_ITEM('') );
#13041 = CARTESIAN_POINT('',(3.9,4.2,24.98));
#13042 = CARTESIAN_POINT('',(3.683999400176,4.2,24.98));
#13043 = CARTESIAN_POINT('',(3.652985390178,4.2,24.712908735229));
#13044 = CARTESIAN_POINT('',(3.9,4.2,24.492614800269));
#13045 = CARTESIAN_POINT('',(4.147014609822,4.2,24.712908735229));
#13046 = CARTESIAN_POINT('',(4.116000599824,4.2,24.98));
#13047 = CARTESIAN_POINT('',(3.9,4.2,24.98));
#13048 = ORIENTED_EDGE('',*,*,#13049,.T.);
#13049 = EDGE_CURVE('',#13038,#12087,#13050,.T.);
#13050 = ( BOUNDED_CURVE() B_SPLINE_CURVE(9,(#13051,#13052,#13053,#13054
    ,#13055,#13056,#13057,#13058,#13059,#13060),.UNSPECIFIED.,.F.,.F.) 
B_SPLINE_CURVE_WITH_KNOTS((10,10),(0.,1.),.PIECEWISE_BEZIER_KNOTS.) 
CURVE() GEOMETRIC_REPRESENTATION_ITEM() RATIONAL_B_SPLINE_CURVE((
    1.669078461068,1.669078461068,1.669078461068,1.669078461068,
    1.669078461068,1.669078461068,1.669078461068,1.669078461068,
1.669078461068,1.669078461068)) REPRESENTATION_ITEM('') );
#13051 = CARTESIAN_POINT('',(3.9,4.2,24.98));
#13052 = CARTESIAN_POINT('',(3.9,3.466666666667,24.98));
#13053 = CARTESIAN_POINT('',(3.8,2.720833333333,24.98));
#13054 = CARTESIAN_POINT('',(3.596428571429,1.992261904762,24.98));
#13055 = CARTESIAN_POINT('',(3.285714285714,1.310714285714,24.98));
#13056 = CARTESIAN_POINT('',(2.864285714286,0.705952380952,24.98));
#13057 = CARTESIAN_POINT('',(2.328571428571,0.207738095238,24.98));
#13058 = CARTESIAN_POINT('',(1.675,-0.154166666667,24.98));
#13059 = CARTESIAN_POINT('',(0.9,-0.35,24.98));
#13060 = CARTESIAN_POINT('',(0.,-0.35,24.98));
#13061 = ORIENTED_EDGE('',*,*,#12535,.T.);
#13062 = ORIENTED_EDGE('',*,*,#12663,.T.);
#13063 = ORIENTED_EDGE('',*,*,#13049,.F.);
#13064 = ( BOUNDED_SURFACE() B_SPLINE_SURFACE(6,9,(
    (#13065,#13066,#13067,#13068,#13069,#13070,#13071,#13072,#13073
      ,#13074)
    ,(#13075,#13076,#13077,#13078,#13079,#13080,#13081,#13082,#13083
      ,#13084)
    ,(#13085,#13086,#13087,#13088,#13089,#13090,#13091,#13092,#13093
      ,#13094)
    ,(#13095,#13096,#13097,#13098,#13099,#13100,#13101,#13102,#13103
      ,#13104)
    ,(#13105,#13106,#13107,#13108,#13109,#13110,#13111,#13112,#13113
      ,#13114)
    ,(#13115,#13116,#13117,#13118,#13119,#13120,#13121,#13122,#13123
      ,#13124)
    ,(#13125,#13126,#13127,#13128,#13129,#13130,#13131,#13132,#13133
,#13134
    )),.UNSPECIFIED.,.T.,.F.,.F.) B_SPLINE_SURFACE_WITH_KNOTS((1,6,6,1),
  (10,10),(-6.28318530718,0.,6.28318530718,12.566370614359),(0.,1.),
.UNSPECIFIED.) GEOMETRIC_REPRESENTATION_ITEM() RATIONAL_B_SPLINE_SURFACE
((
    (1.669078461068,1.669078461068,1.669078461068,1.669078461068
      ,1.669078461068,1.669078461068,1.669078461068,1.669078461068
      ,1.669078461068,1.669078461068)
    ,(1.03672962321,1.03672962321,1.03672962321,1.03672962321
      ,1.03672962321,1.03672962321,1.03672962321,1.03672962321
      ,1.03672962321,1.03672962321)
    ,(1.038346699848,1.038346699847,1.038346699848,1.038346699847
      ,1.038346699848,1.038346699847,1.038346699848,1.038346699847
      ,1.038346699848,1.038346699848)
    ,(0.853534330196,0.853534330196,0.853534330196,0.853534330196
      ,0.853534330196,0.853534330196,0.853534330196,0.853534330196
      ,0.853534330196,0.853534330196)
    ,(1.038346699848,1.038346699847,1.038346699848,1.038346699847
      ,1.038346699848,1.038346699847,1.038346699848,1.038346699847
      ,1.038346699848,1.038346699848)
    ,(1.03672962321,1.03672962321,1.03672962321,1.03672962321
      ,1.03672962321,1.03672962321,1.03672962321,1.03672962321
      ,1.03672962321,1.03672962321)
    ,(1.669078461068,1.669078461068,1.669078461068,1.669078461068
      ,1.669078461068,1.669078461068,1.669078461068,1.669078461068
,1.669078461068,1.669078461068))) REPRESENTATION_ITEM('') SURFACE() );
#13065 = CARTESIAN_POINT('',(3.9,4.2,24.98));
#13066 = CARTESIAN_POINT('',(3.9,3.466666666667,24.98));
#13067 = CARTESIAN_POINT('',(3.8,2.720833333333,24.98));
#13068 = CARTESIAN_POINT('',(3.596428571429,1.992261904762,24.98));
#13069 = CARTESIAN_POINT('',(3.285714285714,1.310714285714,24.98));
#13070 = CARTESIAN_POINT('',(2.864285714286,0.705952380952,24.98));
#13071 = CARTESIAN_POINT('',(2.328571428571,0.207738095238,24.98));
#13072 = CARTESIAN_POINT('',(1.675,-0.154166666667,24.98));
#13073 = CARTESIAN_POINT('',(0.9,-0.35,24.98));
#13074 = CARTESIAN_POINT('',(0.,-0.35,24.98));
#13075 = CARTESIAN_POINT('',(3.683999400176,4.2,24.98));
#13076 = CARTESIAN_POINT('',(3.683999400176,3.492848557554,24.98));
#13077 = CARTESIAN_POINT('',(3.587569658024,2.773122734737,24.98));
#13078 = CARTESIAN_POINT('',(3.39040653232,2.072086100033,24.98));
#13079 = CARTESIAN_POINT('',(3.095072870049,1.421290307682,24.98));
#13080 = CARTESIAN_POINT('',(2.685869275743,0.84746141604,24.98));
#13081 = CARTESIAN_POINT('',(2.188956579479,0.392772676816,24.98));
#13082 = CARTESIAN_POINT('',(1.585394812899,5.274337293405E-02,24.98));
#13083 = CARTESIAN_POINT('',(0.858222106207,-0.133999400176,24.98));
#13084 = CARTESIAN_POINT('',(0.,-0.133999400176,24.98));
#13085 = CARTESIAN_POINT('',(3.652985390178,4.2,24.712908735229));
#13086 = CARTESIAN_POINT('',(3.652985390178,3.496607831494,
    24.712908735229));
#13087 = CARTESIAN_POINT('',(3.557068276291,2.78063060286,
    24.712908735229));
#13088 = CARTESIAN_POINT('',(3.360825273815,2.083547495938,
    24.712908735229));
#13089 = CARTESIAN_POINT('',(3.067700007306,1.437167142532,
    24.712908735229));
#13090 = CARTESIAN_POINT('',(2.660251711656,0.867779705121,
    24.712908735229));
#13091 = CARTESIAN_POINT('',(2.16891026327,0.419340493608,
    24.712908735229));
#13092 = CARTESIAN_POINT('',(1.572529033031,8.245213319679E-02,
    24.712908735229));
#13093 = CARTESIAN_POINT('',(0.852223511681,-0.102985390178,
    24.712908735229));
#13094 = CARTESIAN_POINT('',(0.,-0.102985390178,24.712908735229));
#13095 = CARTESIAN_POINT('',(3.9,4.2,24.492614800269));
#13096 = CARTESIAN_POINT('',(3.9,3.466666666667,24.492614800269));
#13097 = CARTESIAN_POINT('',(3.8,2.720833333333,24.492614800269));
#13098 = CARTESIAN_POINT('',(3.596428571429,1.992261904762,
    24.492614800269));
#13099 = CARTESIAN_POINT('',(3.285714285714,1.310714285714,
    24.492614800269));
#13100 = CARTESIAN_POINT('',(2.864285714286,0.705952380952,
    24.492614800269));
#13101 = CARTESIAN_POINT('',(2.328571428572,0.207738095238,
    24.492614800269));
#13102 = CARTESIAN_POINT('',(1.675,-0.154166666667,24.492614800269));
#13103 = CARTESIAN_POINT('',(0.9,-0.35,24.492614800269));
#13104 = CARTESIAN_POINT('',(4.440892098501E-16,-0.35,24.492614800269));
#13105 = CARTESIAN_POINT('',(4.147014609822,4.2,24.712908735229));
#13106 = CARTESIAN_POINT('',(4.147014609822,3.43672550184,
    24.712908735229));
#13107 = CARTESIAN_POINT('',(4.042931723709,2.661036063807,
    24.712908735229));
#13108 = CARTESIAN_POINT('',(3.832031869042,1.900976313586,
    24.712908735229));
#13109 = CARTESIAN_POINT('',(3.503728564123,1.184261428897,
    24.712908735229));
#13110 = CARTESIAN_POINT('',(3.068319716915,0.544125056783,
    24.712908735229));
#13111 = CARTESIAN_POINT('',(2.488232593873,-3.86430313106E-03,
    24.712908735229));
#13112 = CARTESIAN_POINT('',(1.777470966969,-0.39078546653,
    24.712908735229));
#13113 = CARTESIAN_POINT('',(0.947776488319,-0.597014609822,
    24.712908735229));
#13114 = CARTESIAN_POINT('',(4.440892098501E-16,-0.597014609822,
    24.712908735229));
#13115 = CARTESIAN_POINT('',(4.116000599824,4.2,24.98));
#13116 = CARTESIAN_POINT('',(4.116000599824,3.440484775779,24.98));
#13117 = CARTESIAN_POINT('',(4.012430341976,2.66854393193,24.98));
#13118 = CARTESIAN_POINT('',(3.802450610537,1.912437709491,24.98));
#13119 = CARTESIAN_POINT('',(3.47635570138,1.200138263746,24.98));
#13120 = CARTESIAN_POINT('',(3.042702152829,0.564443345865,24.98));
#13121 = CARTESIAN_POINT('',(2.468186277664,2.270351366018E-02,24.98));
#13122 = CARTESIAN_POINT('',(1.764605187101,-0.361076706267,24.98));
#13123 = CARTESIAN_POINT('',(0.941777893793,-0.566000599824,24.98));
#13124 = CARTESIAN_POINT('',(4.440892098501E-16,-0.566000599824,24.98));
#13125 = CARTESIAN_POINT('',(3.9,4.2,24.98));
#13126 = CARTESIAN_POINT('',(3.9,3.466666666667,24.98));
#13127 = CARTESIAN_POINT('',(3.8,2.720833333333,24.98));
#13128 = CARTESIAN_POINT('',(3.596428571429,1.992261904762,24.98));
#13129 = CARTESIAN_POINT('',(3.285714285714,1.310714285714,24.98));
#13130 = CARTESIAN_POINT('',(2.864285714286,0.705952380952,24.98));
#13131 = CARTESIAN_POINT('',(2.328571428571,0.207738095238,24.98));
#13132 = CARTESIAN_POINT('',(1.675,-0.154166666667,24.98));
#13133 = CARTESIAN_POINT('',(0.9,-0.35,24.98));
#13134 = CARTESIAN_POINT('',(0.,-0.35,24.98));
#13135 = ADVANCED_FACE('',(#13136),#13165,.T.);
#13136 = FACE_BOUND('',#13137,.T.);
#13137 = EDGE_LOOP('',(#13138,#13153,#13163,#13164));
#13138 = ORIENTED_EDGE('',*,*,#13139,.T.);
#13139 = EDGE_CURVE('',#12762,#13140,#13142,.T.);
#13140 = VERTEX_POINT('',#13141);
#13141 = CARTESIAN_POINT('',(-2.22044604925E-16,8.5,24.98));
#13142 = ( BOUNDED_CURVE() B_SPLINE_CURVE(9,(#13143,#13144,#13145,#13146
    ,#13147,#13148,#13149,#13150,#13151,#13152),.UNSPECIFIED.,.F.,.F.) 
B_SPLINE_CURVE_WITH_KNOTS((10,10),(0.,1.),.PIECEWISE_BEZIER_KNOTS.) 
CURVE() GEOMETRIC_REPRESENTATION_ITEM() RATIONAL_B_SPLINE_CURVE((
    1.669078461068,1.669078461068,1.669078461068,1.669078461068,
    1.669078461068,1.669078461068,1.669078461068,1.669078461068,
1.669078461068,1.669078461068)) REPRESENTATION_ITEM('') );
#13143 = CARTESIAN_POINT('',(-3.9,4.2,24.98));
#13144 = CARTESIAN_POINT('',(-3.9,5.033333333333,24.98));
#13145 = CARTESIAN_POINT('',(-3.783333333333,5.808333333333,24.98));
#13146 = CARTESIAN_POINT('',(-3.553571428571,6.511904761905,24.98));
#13147 = CARTESIAN_POINT('',(-3.214285714286,7.130952380952,24.98));
#13148 = CARTESIAN_POINT('',(-2.769047619048,7.652380952381,24.98));
#13149 = CARTESIAN_POINT('',(-2.221428571429,8.063095238095,24.98));
#13150 = CARTESIAN_POINT('',(-1.575,8.35,24.98));
#13151 = CARTESIAN_POINT('',(-0.833333333333,8.5,24.98));
#13152 = CARTESIAN_POINT('',(-8.881784197001E-16,8.5,24.98));
#13153 = ORIENTED_EDGE('',*,*,#13154,.F.);
#13154 = EDGE_CURVE('',#13140,#13140,#13155,.T.);
#13155 = ( BOUNDED_CURVE() B_SPLINE_CURVE(6,(#13156,#13157,#13158,#13159
    ,#13160,#13161,#13162),.UNSPECIFIED.,.T.,.F.) 
B_SPLINE_CURVE_WITH_KNOTS((1,6,6,1),(-6.28318530718,0.,6.28318530718,
12.566370614359),.UNSPECIFIED.) CURVE() GEOMETRIC_REPRESENTATION_ITEM() 
RATIONAL_B_SPLINE_CURVE((1.669078461068,1.03672962321,1.038346699848,
    0.853534330196,1.038346699848,1.03672962321,1.669078461068)) 
REPRESENTATION_ITEM('') );
#13156 = CARTESIAN_POINT('',(-8.881784197001E-16,8.5,24.98));
#13157 = CARTESIAN_POINT('',(0.,8.283999400176,24.98));
#13158 = CARTESIAN_POINT('',(-8.881784197001E-16,8.252985390178,
    24.712908735229));
#13159 = CARTESIAN_POINT('',(-4.440892098501E-16,8.5,24.492614800269));
#13160 = CARTESIAN_POINT('',(-4.440892098501E-16,8.747014609822,
    24.712908735229));
#13161 = CARTESIAN_POINT('',(0.,8.716000599824,24.98));
#13162 = CARTESIAN_POINT('',(-8.881784197001E-16,8.5,24.98));
#13163 = ORIENTED_EDGE('',*,*,#13139,.F.);
#13164 = ORIENTED_EDGE('',*,*,#12776,.T.);
#13165 = ( BOUNDED_SURFACE() B_SPLINE_SURFACE(6,9,(
    (#13166,#13167,#13168,#13169,#13170,#13171,#13172,#13173,#13174
      ,#13175)
    ,(#13176,#13177,#13178,#13179,#13180,#13181,#13182,#13183,#13184
      ,#13185)
    ,(#13186,#13187,#13188,#13189,#13190,#13191,#13192,#13193,#13194
      ,#13195)
    ,(#13196,#13197,#13198,#13199,#13200,#13201,#13202,#13203,#13204
      ,#13205)
    ,(#13206,#13207,#13208,#13209,#13210,#13211,#13212,#13213,#13214
      ,#13215)
    ,(#13216,#13217,#13218,#13219,#13220,#13221,#13222,#13223,#13224
      ,#13225)
    ,(#13226,#13227,#13228,#13229,#13230,#13231,#13232,#13233,#13234
,#13235
    )),.UNSPECIFIED.,.T.,.F.,.F.) B_SPLINE_SURFACE_WITH_KNOTS((1,6,6,1),
  (10,10),(-6.28318530718,0.,6.28318530718,12.566370614359),(0.,1.),
.UNSPECIFIED.) GEOMETRIC_REPRESENTATION_ITEM() RATIONAL_B_SPLINE_SURFACE
((
    (1.669078461068,1.669078461068,1.669078461068,1.669078461068
      ,1.669078461068,1.669078461068,1.669078461068,1.669078461068
      ,1.669078461068,1.669078461068)
    ,(1.03672962321,1.03672962321,1.03672962321,1.03672962321
      ,1.03672962321,1.03672962321,1.03672962321,1.03672962321
      ,1.03672962321,1.03672962321)
    ,(1.038346699848,1.038346699847,1.038346699848,1.038346699847
      ,1.038346699848,1.038346699847,1.038346699848,1.038346699847
      ,1.038346699848,1.038346699848)
    ,(0.853534330196,0.853534330196,0.853534330196,0.853534330196
      ,0.853534330196,0.853534330196,0.853534330196,0.853534330196
      ,0.853534330196,0.853534330196)
    ,(1.038346699848,1.038346699847,1.038346699848,1.038346699847
      ,1.038346699848,1.038346699847,1.038346699848,1.038346699847
      ,1.038346699848,1.038346699848)
    ,(1.03672962321,1.03672962321,1.03672962321,1.03672962321
      ,1.03672962321,1.03672962321,1.03672962321,1.03672962321
      ,1.03672962321,1.03672962321)
    ,(1.669078461068,1.669078461068,1.669078461068,1.669078461068
      ,1.669078461068,1.669078461068,1.669078461068,1.669078461068
,1.669078461068,1.669078461068))) REPRESENTATION_ITEM('') SURFACE() );
#13166 = CARTESIAN_POINT('',(-3.9,4.2,24.98));
#13167 = CARTESIAN_POINT('',(-3.9,5.033333333333,24.98));
#13168 = CARTESIAN_POINT('',(-3.783333333333,5.808333333333,24.98));
#13169 = CARTESIAN_POINT('',(-3.553571428571,6.511904761905,24.98));
#13170 = CARTESIAN_POINT('',(-3.214285714286,7.130952380952,24.98));
#13171 = CARTESIAN_POINT('',(-2.769047619048,7.652380952381,24.98));
#13172 = CARTESIAN_POINT('',(-2.221428571429,8.063095238095,24.98));
#13173 = CARTESIAN_POINT('',(-1.575,8.35,24.98));
#13174 = CARTESIAN_POINT('',(-0.833333333333,8.5,24.98));
#13175 = CARTESIAN_POINT('',(-8.881784197001E-16,8.5,24.98));
#13176 = CARTESIAN_POINT('',(-3.683999400176,4.2,24.98));
#13177 = CARTESIAN_POINT('',(-3.683999400176,5.006453258689,24.98));
#13178 = CARTESIAN_POINT('',(-3.571095943959,5.751529975593,24.98));
#13179 = CARTESIAN_POINT('',(-3.350411381912,6.421573651404,24.98));
#13180 = CARTESIAN_POINT('',(-3.027319578874,7.006418078943,24.98));
#13181 = CARTESIAN_POINT('',(-2.60807520591,7.486299794455,24.98));
#13182 = CARTESIAN_POINT('',(-2.104809556433,7.868645198015,24.98));
#13183 = CARTESIAN_POINT('',(-1.500916594274,8.140220217451,24.98));
#13184 = CARTESIAN_POINT('',(-0.798773237361,8.283999400176,24.98));
#13185 = CARTESIAN_POINT('',(0.,8.283999400176,24.98));
#13186 = CARTESIAN_POINT('',(-3.652985390178,4.2,24.712908735229));
#13187 = CARTESIAN_POINT('',(-3.652985390178,5.002593737444,
    24.712908735229));
#13188 = CARTESIAN_POINT('',(-3.540622266936,5.743373980164,
    24.712908735229));
#13189 = CARTESIAN_POINT('',(-3.321241056814,6.408603641291,
    24.712908735229));
#13190 = CARTESIAN_POINT('',(-3.000474423826,6.988537072637,
    24.712908735229));
#13191 = CARTESIAN_POINT('',(-2.58496230699,7.462453366729,
    24.712908735229));
#13192 = CARTESIAN_POINT('',(-2.08806505063,7.840725481625,
    24.712908735229));
#13193 = CARTESIAN_POINT('',(-1.490279478045,8.110099410941,
    24.712908735229));
#13194 = CARTESIAN_POINT('',(-0.793810995762,8.252985390178,
    24.712908735229));
#13195 = CARTESIAN_POINT('',(-8.881784197001E-16,8.252985390178,
    24.712908735229));
#13196 = CARTESIAN_POINT('',(-3.9,4.2,24.492614800269));
#13197 = CARTESIAN_POINT('',(-3.9,5.033333333333,24.492614800269));
#13198 = CARTESIAN_POINT('',(-3.783333333333,5.808333333333,
    24.492614800269));
#13199 = CARTESIAN_POINT('',(-3.553571428571,6.511904761905,
    24.492614800269));
#13200 = CARTESIAN_POINT('',(-3.214285714286,7.130952380952,
    24.492614800269));
#13201 = CARTESIAN_POINT('',(-2.769047619048,7.652380952381,
    24.492614800269));
#13202 = CARTESIAN_POINT('',(-2.221428571429,8.063095238095,
    24.492614800269));
#13203 = CARTESIAN_POINT('',(-1.575,8.35,24.492614800269));
#13204 = CARTESIAN_POINT('',(-0.833333333333,8.5,24.492614800269));
#13205 = CARTESIAN_POINT('',(-4.440892098501E-16,8.5,24.492614800269));
#13206 = CARTESIAN_POINT('',(-4.147014609822,4.2,24.712908735229));
#13207 = CARTESIAN_POINT('',(-4.147014609822,5.064072929222,
    24.712908735229));
#13208 = CARTESIAN_POINT('',(-4.026044399731,5.873292686503,
    24.712908735229));
#13209 = CARTESIAN_POINT('',(-3.785901800329,6.615205882519,
    24.712908735229));
#13210 = CARTESIAN_POINT('',(-3.428097004746,7.273367689267,
    24.712908735229));
#13211 = CARTESIAN_POINT('',(-2.953132931105,7.842308538033,
    24.712908735229));
#13212 = CARTESIAN_POINT('',(-2.354792092227,8.285464994565,
    24.712908735229));
#13213 = CARTESIAN_POINT('',(-1.659720521955,8.589900589059,
    24.712908735229));
#13214 = CARTESIAN_POINT('',(-0.872855670905,8.747014609822,
    24.712908735229));
#13215 = CARTESIAN_POINT('',(-4.440892098501E-16,8.747014609822,
    24.712908735229));
#13216 = CARTESIAN_POINT('',(-4.116000599824,4.2,24.98));
#13217 = CARTESIAN_POINT('',(-4.116000599824,5.060213407978,24.98));
#13218 = CARTESIAN_POINT('',(-3.995570722707,5.865136691074,24.98));
#13219 = CARTESIAN_POINT('',(-3.756731475231,6.602235872406,24.98));
#13220 = CARTESIAN_POINT('',(-3.401251849697,7.255486682961,24.98));
#13221 = CARTESIAN_POINT('',(-2.930020032185,7.818462110307,24.98));
#13222 = CARTESIAN_POINT('',(-2.338047586425,8.257545278175,24.98));
#13223 = CARTESIAN_POINT('',(-1.649083405726,8.559779782549,24.98));
#13224 = CARTESIAN_POINT('',(-0.867893429305,8.716000599824,24.98));
#13225 = CARTESIAN_POINT('',(0.,8.716000599824,24.98));
#13226 = CARTESIAN_POINT('',(-3.9,4.2,24.98));
#13227 = CARTESIAN_POINT('',(-3.9,5.033333333333,24.98));
#13228 = CARTESIAN_POINT('',(-3.783333333333,5.808333333333,24.98));
#13229 = CARTESIAN_POINT('',(-3.553571428571,6.511904761905,24.98));
#13230 = CARTESIAN_POINT('',(-3.214285714286,7.130952380952,24.98));
#13231 = CARTESIAN_POINT('',(-2.769047619048,7.652380952381,24.98));
#13232 = CARTESIAN_POINT('',(-2.221428571429,8.063095238095,24.98));
#13233 = CARTESIAN_POINT('',(-1.575,8.35,24.98));
#13234 = CARTESIAN_POINT('',(-0.833333333333,8.5,24.98));
#13235 = CARTESIAN_POINT('',(-8.881784197001E-16,8.5,24.98));
#13236 = ADVANCED_FACE('',(#13237),#13255,.T.);
#13237 = FACE_BOUND('',#13238,.T.);
#13238 = EDGE_LOOP('',(#13239,#13252,#13253,#13254));
#13239 = ORIENTED_EDGE('',*,*,#13240,.T.);
#13240 = EDGE_CURVE('',#13140,#13038,#13241,.T.);
#13241 = ( BOUNDED_CURVE() B_SPLINE_CURVE(9,(#13242,#13243,#13244,#13245
    ,#13246,#13247,#13248,#13249,#13250,#13251),.UNSPECIFIED.,.F.,.F.) 
B_SPLINE_CURVE_WITH_KNOTS((10,10),(0.,1.),.PIECEWISE_BEZIER_KNOTS.) 
CURVE() GEOMETRIC_REPRESENTATION_ITEM() RATIONAL_B_SPLINE_CURVE((
    1.669078461068,1.669078461068,1.669078461068,1.669078461068,
    1.669078461068,1.669078461068,1.669078461068,1.669078461068,
1.669078461068,1.669078461068)) REPRESENTATION_ITEM('') );
#13242 = CARTESIAN_POINT('',(-8.881784197001E-16,8.5,24.98));
#13243 = CARTESIAN_POINT('',(0.833333333333,8.5,24.98));
#13244 = CARTESIAN_POINT('',(1.575,8.35,24.98));
#13245 = CARTESIAN_POINT('',(2.221428571429,8.063095238095,24.98));
#13246 = CARTESIAN_POINT('',(2.769047619048,7.652380952381,24.98));
#13247 = CARTESIAN_POINT('',(3.214285714286,7.130952380952,24.98));
#13248 = CARTESIAN_POINT('',(3.553571428571,6.511904761905,24.98));
#13249 = CARTESIAN_POINT('',(3.783333333333,5.808333333333,24.98));
#13250 = CARTESIAN_POINT('',(3.9,5.033333333333,24.98));
#13251 = CARTESIAN_POINT('',(3.9,4.2,24.98));
#13252 = ORIENTED_EDGE('',*,*,#13037,.F.);
#13253 = ORIENTED_EDGE('',*,*,#13240,.F.);
#13254 = ORIENTED_EDGE('',*,*,#13154,.T.);
#13255 = ( BOUNDED_SURFACE() B_SPLINE_SURFACE(6,9,(
    (#13256,#13257,#13258,#13259,#13260,#13261,#13262,#13263,#13264
      ,#13265)
    ,(#13266,#13267,#13268,#13269,#13270,#13271,#13272,#13273,#13274
      ,#13275)
    ,(#13276,#13277,#13278,#13279,#13280,#13281,#13282,#13283,#13284
      ,#13285)
    ,(#13286,#13287,#13288,#13289,#13290,#13291,#13292,#13293,#13294
      ,#13295)
    ,(#13296,#13297,#13298,#13299,#13300,#13301,#13302,#13303,#13304
      ,#13305)
    ,(#13306,#13307,#13308,#13309,#13310,#13311,#13312,#13313,#13314
      ,#13315)
    ,(#13316,#13317,#13318,#13319,#13320,#13321,#13322,#13323,#13324
,#13325
    )),.UNSPECIFIED.,.T.,.F.,.F.) B_SPLINE_SURFACE_WITH_KNOTS((1,6,6,1),
  (10,10),(-6.28318530718,0.,6.28318530718,12.566370614359),(0.,1.),
.UNSPECIFIED.) GEOMETRIC_REPRESENTATION_ITEM() RATIONAL_B_SPLINE_SURFACE
((
    (1.669078461068,1.669078461068,1.669078461068,1.669078461068
      ,1.669078461068,1.669078461068,1.669078461068,1.669078461068
      ,1.669078461068,1.669078461068)
    ,(1.03672962321,1.03672962321,1.03672962321,1.03672962321
      ,1.03672962321,1.03672962321,1.03672962321,1.03672962321
      ,1.03672962321,1.03672962321)
    ,(1.038346699848,1.038346699847,1.038346699848,1.038346699847
      ,1.038346699848,1.038346699847,1.038346699848,1.038346699847
      ,1.038346699848,1.038346699848)
    ,(0.853534330196,0.853534330196,0.853534330196,0.853534330196
      ,0.853534330196,0.853534330196,0.853534330196,0.853534330196
      ,0.853534330196,0.853534330196)
    ,(1.038346699848,1.038346699847,1.038346699848,1.038346699847
      ,1.038346699848,1.038346699847,1.038346699848,1.038346699847
      ,1.038346699848,1.038346699848)
    ,(1.03672962321,1.03672962321,1.03672962321,1.03672962321
      ,1.03672962321,1.03672962321,1.03672962321,1.03672962321
      ,1.03672962321,1.03672962321)
    ,(1.669078461068,1.669078461068,1.669078461068,1.669078461068
      ,1.669078461068,1.669078461068,1.669078461068,1.669078461068
,1.669078461068,1.669078461068))) REPRESENTATION_ITEM('') SURFACE() );
#13256 = CARTESIAN_POINT('',(-8.881784197001E-16,8.5,24.98));
#13257 = CARTESIAN_POINT('',(0.833333333333,8.5,24.98));
#13258 = CARTESIAN_POINT('',(1.575,8.35,24.98));
#13259 = CARTESIAN_POINT('',(2.221428571429,8.063095238095,24.98));
#13260 = CARTESIAN_POINT('',(2.769047619048,7.652380952381,24.98));
#13261 = CARTESIAN_POINT('',(3.214285714286,7.130952380952,24.98));
#13262 = CARTESIAN_POINT('',(3.553571428571,6.511904761905,24.98));
#13263 = CARTESIAN_POINT('',(3.783333333333,5.808333333333,24.98));
#13264 = CARTESIAN_POINT('',(3.9,5.033333333333,24.98));
#13265 = CARTESIAN_POINT('',(3.9,4.2,24.98));
#13266 = CARTESIAN_POINT('',(-4.440892098501E-16,8.283999400176,24.98));
#13267 = CARTESIAN_POINT('',(0.798773237361,8.283999400176,24.98));
#13268 = CARTESIAN_POINT('',(1.500916594274,8.140220217451,24.98));
#13269 = CARTESIAN_POINT('',(2.104809556433,7.868645198015,24.98));
#13270 = CARTESIAN_POINT('',(2.60807520591,7.486299794455,24.98));
#13271 = CARTESIAN_POINT('',(3.027319578874,7.006418078943,24.98));
#13272 = CARTESIAN_POINT('',(3.350411381912,6.421573651404,24.98));
#13273 = CARTESIAN_POINT('',(3.571095943959,5.751529975593,24.98));
#13274 = CARTESIAN_POINT('',(3.683999400176,5.006453258689,24.98));
#13275 = CARTESIAN_POINT('',(3.683999400176,4.2,24.98));
#13276 = CARTESIAN_POINT('',(4.440892098501E-16,8.252985390178,
    24.712908735229));
#13277 = CARTESIAN_POINT('',(0.793810995762,8.252985390178,
    24.712908735229));
#13278 = CARTESIAN_POINT('',(1.490279478045,8.110099410941,
    24.712908735229));
#13279 = CARTESIAN_POINT('',(2.08806505063,7.840725481625,
    24.712908735229));
#13280 = CARTESIAN_POINT('',(2.58496230699,7.462453366729,
    24.712908735229));
#13281 = CARTESIAN_POINT('',(3.000474423826,6.988537072637,
    24.712908735229));
#13282 = CARTESIAN_POINT('',(3.321241056814,6.408603641291,
    24.712908735229));
#13283 = CARTESIAN_POINT('',(3.540622266936,5.743373980164,
    24.712908735229));
#13284 = CARTESIAN_POINT('',(3.652985390178,5.002593737444,
    24.712908735229));
#13285 = CARTESIAN_POINT('',(3.652985390178,4.2,24.712908735229));
#13286 = CARTESIAN_POINT('',(4.440892098501E-16,8.5,24.492614800269));
#13287 = CARTESIAN_POINT('',(0.833333333333,8.5,24.492614800269));
#13288 = CARTESIAN_POINT('',(1.575,8.35,24.492614800269));
#13289 = CARTESIAN_POINT('',(2.221428571429,8.063095238095,
    24.492614800269));
#13290 = CARTESIAN_POINT('',(2.769047619048,7.652380952381,
    24.492614800269));
#13291 = CARTESIAN_POINT('',(3.214285714286,7.130952380952,
    24.492614800269));
#13292 = CARTESIAN_POINT('',(3.553571428571,6.511904761905,
    24.492614800269));
#13293 = CARTESIAN_POINT('',(3.783333333333,5.808333333333,
    24.492614800269));
#13294 = CARTESIAN_POINT('',(3.9,5.033333333333,24.492614800269));
#13295 = CARTESIAN_POINT('',(3.9,4.2,24.492614800269));
#13296 = CARTESIAN_POINT('',(4.440892098501E-16,8.747014609822,
    24.712908735229));
#13297 = CARTESIAN_POINT('',(0.872855670905,8.747014609822,
    24.712908735229));
#13298 = CARTESIAN_POINT('',(1.659720521955,8.589900589059,
    24.712908735229));
#13299 = CARTESIAN_POINT('',(2.354792092227,8.285464994565,
    24.712908735229));
#13300 = CARTESIAN_POINT('',(2.953132931105,7.842308538033,
    24.712908735229));
#13301 = CARTESIAN_POINT('',(3.428097004746,7.273367689267,
    24.712908735229));
#13302 = CARTESIAN_POINT('',(3.785901800329,6.615205882519,
    24.712908735229));
#13303 = CARTESIAN_POINT('',(4.026044399731,5.873292686503,
    24.712908735229));
#13304 = CARTESIAN_POINT('',(4.147014609822,5.064072929222,
    24.712908735229));
#13305 = CARTESIAN_POINT('',(4.147014609822,4.2,24.712908735229));
#13306 = CARTESIAN_POINT('',(8.881784197001E-16,8.716000599824,24.98));
#13307 = CARTESIAN_POINT('',(0.867893429305,8.716000599824,24.98));
#13308 = CARTESIAN_POINT('',(1.649083405726,8.559779782549,24.98));
#13309 = CARTESIAN_POINT('',(2.338047586425,8.257545278175,24.98));
#13310 = CARTESIAN_POINT('',(2.930020032185,7.818462110307,24.98));
#13311 = CARTESIAN_POINT('',(3.401251849697,7.255486682961,24.98));
#13312 = CARTESIAN_POINT('',(3.756731475231,6.602235872406,24.98));
#13313 = CARTESIAN_POINT('',(3.995570722707,5.865136691074,24.98));
#13314 = CARTESIAN_POINT('',(4.116000599824,5.060213407978,24.98));
#13315 = CARTESIAN_POINT('',(4.116000599824,4.2,24.98));
#13316 = CARTESIAN_POINT('',(-8.881784197001E-16,8.5,24.98));
#13317 = CARTESIAN_POINT('',(0.833333333333,8.5,24.98));
#13318 = CARTESIAN_POINT('',(1.575,8.35,24.98));
#13319 = CARTESIAN_POINT('',(2.221428571429,8.063095238095,24.98));
#13320 = CARTESIAN_POINT('',(2.769047619048,7.652380952381,24.98));
#13321 = CARTESIAN_POINT('',(3.214285714286,7.130952380952,24.98));
#13322 = CARTESIAN_POINT('',(3.553571428571,6.511904761905,24.98));
#13323 = CARTESIAN_POINT('',(3.783333333333,5.808333333333,24.98));
#13324 = CARTESIAN_POINT('',(3.9,5.033333333333,24.98));
#13325 = CARTESIAN_POINT('',(3.9,4.2,24.98));
#13326 = MANIFOLD_SOLID_BREP('',#13327);
#13327 = CLOSED_SHELL('',(#13328,#13361,#13370));
#13328 = ADVANCED_FACE('',(#13329),#13356,.T.);
#13329 = FACE_BOUND('',#13330,.T.);
#13330 = EDGE_LOOP('',(#13331,#13340,#13348,#13355));
#13331 = ORIENTED_EDGE('',*,*,#13332,.F.);
#13332 = EDGE_CURVE('',#13333,#13333,#13335,.T.);
#13333 = VERTEX_POINT('',#13334);
#13334 = CARTESIAN_POINT('',(9.012412618674,1.252557908641,5.));
#13335 = CIRCLE('',#13336,0.1);
#13336 = AXIS2_PLACEMENT_3D('',#13337,#13338,#13339);
#13337 = CARTESIAN_POINT('',(8.912412618674,1.252557908641,5.));
#13338 = DIRECTION('',(0.,0.,1.));
#13339 = DIRECTION('',(1.,0.,0.));
#13340 = ORIENTED_EDGE('',*,*,#13341,.F.);
#13341 = EDGE_CURVE('',#13342,#13333,#13344,.T.);
#13342 = VERTEX_POINT('',#13343);
#13343 = CARTESIAN_POINT('',(9.012412618674,1.252557908641,2.8));
#13344 = LINE('',#13345,#13346);
#13345 = CARTESIAN_POINT('',(9.012412618674,1.252557908641,2.8));
#13346 = VECTOR('',#13347,1.);
#13347 = DIRECTION('',(0.,0.,1.));
#13348 = ORIENTED_EDGE('',*,*,#13349,.T.);
#13349 = EDGE_CURVE('',#13342,#13342,#13350,.T.);
#13350 = CIRCLE('',#13351,0.1);
#13351 = AXIS2_PLACEMENT_3D('',#13352,#13353,#13354);
#13352 = CARTESIAN_POINT('',(8.912412618674,1.252557908641,2.8));
#13353 = DIRECTION('',(0.,0.,1.));
#13354 = DIRECTION('',(1.,0.,0.));
#13355 = ORIENTED_EDGE('',*,*,#13341,.T.);
#13356 = CYLINDRICAL_SURFACE('',#13357,0.1);
#13357 = AXIS2_PLACEMENT_3D('',#13358,#13359,#13360);
#13358 = CARTESIAN_POINT('',(8.912412618674,1.252557908641,2.8));
#13359 = DIRECTION('',(0.,0.,1.));
#13360 = DIRECTION('',(1.,0.,0.));
#13361 = ADVANCED_FACE('',(#13362),#13365,.T.);
#13362 = FACE_BOUND('',#13363,.T.);
#13363 = EDGE_LOOP('',(#13364));
#13364 = ORIENTED_EDGE('',*,*,#13332,.T.);
#13365 = PLANE('',#13366);
#13366 = AXIS2_PLACEMENT_3D('',#13367,#13368,#13369);
#13367 = CARTESIAN_POINT('',(8.912412618674,1.252557908641,5.));
#13368 = DIRECTION('',(0.,0.,1.));
#13369 = DIRECTION('',(1.,0.,0.));
#13370 = ADVANCED_FACE('',(#13371),#13374,.F.);
#13371 = FACE_BOUND('',#13372,.T.);
#13372 = EDGE_LOOP('',(#13373));
#13373 = ORIENTED_EDGE('',*,*,#13349,.F.);
#13374 = PLANE('',#13375);
#13375 = AXIS2_PLACEMENT_3D('',#13376,#13377,#13378);
#13376 = CARTESIAN_POINT('',(8.912412618674,1.252557908641,2.8));
#13377 = DIRECTION('',(0.,0.,1.));
#13378 = DIRECTION('',(1.,0.,0.));
#13379 = MANIFOLD_SOLID_BREP('',#13380);
#13380 = CLOSED_SHELL('',(#13381,#13414,#13423));
#13381 = ADVANCED_FACE('',(#13382),#13409,.T.);
#13382 = FACE_BOUND('',#13383,.T.);
#13383 = EDGE_LOOP('',(#13384,#13393,#13401,#13408));
#13384 = ORIENTED_EDGE('',*,*,#13385,.F.);
#13385 = EDGE_CURVE('',#13386,#13386,#13388,.T.);
#13386 = VERTEX_POINT('',#13387);
#13387 = CARTESIAN_POINT('',(8.912412618674,-10.,4.9));
#13388 = CIRCLE('',#13389,0.1);
#13389 = AXIS2_PLACEMENT_3D('',#13390,#13391,#13392);
#13390 = CARTESIAN_POINT('',(8.912412618674,-10.,5.));
#13391 = DIRECTION('',(0.,-1.,0.));
#13392 = DIRECTION('',(0.,0.,-1.));
#13393 = ORIENTED_EDGE('',*,*,#13394,.F.);
#13394 = EDGE_CURVE('',#13395,#13386,#13397,.T.);
#13395 = VERTEX_POINT('',#13396);
#13396 = CARTESIAN_POINT('',(8.912412618674,1.252557908641,4.9));
#13397 = LINE('',#13398,#13399);
#13398 = CARTESIAN_POINT('',(8.912412618674,1.252557908641,4.9));
#13399 = VECTOR('',#13400,1.);
#13400 = DIRECTION('',(0.,-1.,0.));
#13401 = ORIENTED_EDGE('',*,*,#13402,.T.);
#13402 = EDGE_CURVE('',#13395,#13395,#13403,.T.);
#13403 = CIRCLE('',#13404,0.1);
#13404 = AXIS2_PLACEMENT_3D('',#13405,#13406,#13407);
#13405 = CARTESIAN_POINT('',(8.912412618674,1.252557908641,5.));
#13406 = DIRECTION('',(0.,-1.,0.));
#13407 = DIRECTION('',(0.,0.,-1.));
#13408 = ORIENTED_EDGE('',*,*,#13394,.T.);
#13409 = CYLINDRICAL_SURFACE('',#13410,0.1);
#13410 = AXIS2_PLACEMENT_3D('',#13411,#13412,#13413);
#13411 = CARTESIAN_POINT('',(8.912412618674,1.252557908641,5.));
#13412 = DIRECTION('',(0.,-1.,0.));
#13413 = DIRECTION('',(0.,0.,-1.));
#13414 = ADVANCED_FACE('',(#13415),#13418,.T.);
#13415 = FACE_BOUND('',#13416,.T.);
#13416 = EDGE_LOOP('',(#13417));
#13417 = ORIENTED_EDGE('',*,*,#13385,.T.);
#13418 = PLANE('',#13419);
#13419 = AXIS2_PLACEMENT_3D('',#13420,#13421,#13422);
#13420 = CARTESIAN_POINT('',(8.912412618674,-10.,5.));
#13421 = DIRECTION('',(0.,-1.,0.));
#13422 = DIRECTION('',(0.,0.,-1.));
#13423 = ADVANCED_FACE('',(#13424),#13427,.F.);
#13424 = FACE_BOUND('',#13425,.T.);
#13425 = EDGE_LOOP('',(#13426));
#13426 = ORIENTED_EDGE('',*,*,#13402,.F.);
#13427 = PLANE('',#13428);
#13428 = AXIS2_PLACEMENT_3D('',#13429,#13430,#13431);
#13429 = CARTESIAN_POINT('',(8.912412618674,1.252557908641,5.));
#13430 = DIRECTION('',(0.,-1.,0.));
#13431 = DIRECTION('',(0.,0.,-1.));
#13432 = MANIFOLD_SOLID_BREP('',#13433);
#13433 = CLOSED_SHELL('',(#13434,#13467,#13476));
#13434 = ADVANCED_FACE('',(#13435),#13462,.T.);
#13435 = FACE_BOUND('',#13436,.T.);
#13436 = EDGE_LOOP('',(#13437,#13446,#13454,#13461));
#13437 = ORIENTED_EDGE('',*,*,#13438,.F.);
#13438 = EDGE_CURVE('',#13439,#13439,#13441,.T.);
#13439 = VERTEX_POINT('',#13440);
#13440 = CARTESIAN_POINT('',(0.,-10.,4.9));
#13441 = CIRCLE('',#13442,0.1);
#13442 = AXIS2_PLACEMENT_3D('',#13443,#13444,#13445);
#13443 = CARTESIAN_POINT('',(0.,-10.,5.));
#13444 = DIRECTION('',(-1.,0.,0.));
#13445 = DIRECTION('',(0.,0.,-1.));
#13446 = ORIENTED_EDGE('',*,*,#13447,.F.);
#13447 = EDGE_CURVE('',#13448,#13439,#13450,.T.);
#13448 = VERTEX_POINT('',#13449);
#13449 = CARTESIAN_POINT('',(8.912412618674,-10.,4.9));
#13450 = LINE('',#13451,#13452);
#13451 = CARTESIAN_POINT('',(8.912412618674,-10.,4.9));
#13452 = VECTOR('',#13453,1.);
#13453 = DIRECTION('',(-1.,0.,0.));
#13454 = ORIENTED_EDGE('',*,*,#13455,.T.);
#13455 = EDGE_CURVE('',#13448,#13448,#13456,.T.);
#13456 = CIRCLE('',#13457,0.1);
#13457 = AXIS2_PLACEMENT_3D('',#13458,#13459,#13460);
#13458 = CARTESIAN_POINT('',(8.912412618674,-10.,5.));
#13459 = DIRECTION('',(-1.,0.,0.));
#13460 = DIRECTION('',(0.,0.,-1.));
#13461 = ORIENTED_EDGE('',*,*,#13447,.T.);
#13462 = CYLINDRICAL_SURFACE('',#13463,0.1);
#13463 = AXIS2_PLACEMENT_3D('',#13464,#13465,#13466);
#13464 = CARTESIAN_POINT('',(8.912412618674,-10.,5.));
#13465 = DIRECTION('',(-1.,0.,0.));
#13466 = DIRECTION('',(0.,0.,-1.));
#13467 = ADVANCED_FACE('',(#13468),#13471,.T.);
#13468 = FACE_BOUND('',#13469,.T.);
#13469 = EDGE_LOOP('',(#13470));
#13470 = ORIENTED_EDGE('',*,*,#13438,.T.);
#13471 = PLANE('',#13472);
#13472 = AXIS2_PLACEMENT_3D('',#13473,#13474,#13475);
#13473 = CARTESIAN_POINT('',(0.,-10.,5.));
#13474 = DIRECTION('',(-1.,0.,0.));
#13475 = DIRECTION('',(0.,0.,-1.));
#13476 = ADVANCED_FACE('',(#13477),#13480,.F.);
#13477 = FACE_BOUND('',#13478,.T.);
#13478 = EDGE_LOOP('',(#13479));
#13479 = ORIENTED_EDGE('',*,*,#13455,.F.);
#13480 = PLANE('',#13481);
#13481 = AXIS2_PLACEMENT_3D('',#13482,#13483,#13484);
#13482 = CARTESIAN_POINT('',(8.912412618674,-10.,5.));
#13483 = DIRECTION('',(-1.,0.,0.));
#13484 = DIRECTION('',(0.,0.,-1.));
#13485 = MANIFOLD_SOLID_BREP('',#13486);
#13486 = CLOSED_SHELL('',(#13487,#13520,#13529));
#13487 = ADVANCED_FACE('',(#13488),#13515,.T.);
#13488 = FACE_BOUND('',#13489,.T.);
#13489 = EDGE_LOOP('',(#13490,#13499,#13507,#13514));
#13490 = ORIENTED_EDGE('',*,*,#13491,.F.);
#13491 = EDGE_CURVE('',#13492,#13492,#13494,.T.);
#13492 = VERTEX_POINT('',#13493);
#13493 = CARTESIAN_POINT('',(0.1,-10.,24.85));
#13494 = CIRCLE('',#13495,0.1);
#13495 = AXIS2_PLACEMENT_3D('',#13496,#13497,#13498);
#13496 = CARTESIAN_POINT('',(0.,-10.,24.85));
#13497 = DIRECTION('',(0.,0.,1.));
#13498 = DIRECTION('',(1.,0.,0.));
#13499 = ORIENTED_EDGE('',*,*,#13500,.F.);
#13500 = EDGE_CURVE('',#13501,#13492,#13503,.T.);
#13501 = VERTEX_POINT('',#13502);
#13502 = CARTESIAN_POINT('',(0.1,-10.,5.));
#13503 = LINE('',#13504,#13505);
#13504 = CARTESIAN_POINT('',(0.1,-10.,5.));
#13505 = VECTOR('',#13506,1.);
#13506 = DIRECTION('',(0.,0.,1.));
#13507 = ORIENTED_EDGE('',*,*,#13508,.T.);
#13508 = EDGE_CURVE('',#13501,#13501,#13509,.T.);
#13509 = CIRCLE('',#13510,0.1);
#13510 = AXIS2_PLACEMENT_3D('',#13511,#13512,#13513);
#13511 = CARTESIAN_POINT('',(0.,-10.,5.));
#13512 = DIRECTION('',(0.,0.,1.));
#13513 = DIRECTION('',(1.,0.,0.));
#13514 = ORIENTED_EDGE('',*,*,#13500,.T.);
#13515 = CYLINDRICAL_SURFACE('',#13516,0.1);
#13516 = AXIS2_PLACEMENT_3D('',#13517,#13518,#13519);
#13517 = CARTESIAN_POINT('',(0.,-10.,5.));
#13518 = DIRECTION('',(0.,0.,1.));
#13519 = DIRECTION('',(1.,0.,0.));
#13520 = ADVANCED_FACE('',(#13521),#13524,.T.);
#13521 = FACE_BOUND('',#13522,.T.);
#13522 = EDGE_LOOP('',(#13523));
#13523 = ORIENTED_EDGE('',*,*,#13491,.T.);
#13524 = PLANE('',#13525);
#13525 = AXIS2_PLACEMENT_3D('',#13526,#13527,#13528);
#13526 = CARTESIAN_POINT('',(0.,-10.,24.85));
#13527 = DIRECTION('',(0.,0.,1.));
#13528 = DIRECTION('',(1.,0.,0.));
#13529 = ADVANCED_FACE('',(#13530),#13533,.F.);
#13530 = FACE_BOUND('',#13531,.T.);
#13531 = EDGE_LOOP('',(#13532));
#13532 = ORIENTED_EDGE('',*,*,#13508,.F.);
#13533 = PLANE('',#13534);
#13534 = AXIS2_PLACEMENT_3D('',#13535,#13536,#13537);
#13535 = CARTESIAN_POINT('',(0.,-10.,5.));
#13536 = DIRECTION('',(0.,0.,1.));
#13537 = DIRECTION('',(1.,0.,0.));
#13538 = MANIFOLD_SOLID_BREP('',#13539);
#13539 = CLOSED_SHELL('',(#13540,#13573,#13582));
#13540 = ADVANCED_FACE('',(#13541),#13568,.T.);
#13541 = FACE_BOUND('',#13542,.T.);
#13542 = EDGE_LOOP('',(#13543,#13552,#13560,#13567));
#13543 = ORIENTED_EDGE('',*,*,#13544,.F.);
#13544 = EDGE_CURVE('',#13545,#13545,#13547,.T.);
#13545 = VERTEX_POINT('',#13546);
#13546 = CARTESIAN_POINT('',(-2.449293598295E-17,-0.35,24.95));
#13547 = CIRCLE('',#13548,0.1);
#13548 = AXIS2_PLACEMENT_3D('',#13549,#13550,#13551);
#13549 = CARTESIAN_POINT('',(0.,-0.35,24.85));
#13550 = DIRECTION('',(0.,1.,0.));
#13551 = DIRECTION('',(0.,0.,1.));
#13552 = ORIENTED_EDGE('',*,*,#13553,.F.);
#13553 = EDGE_CURVE('',#13554,#13545,#13556,.T.);
#13554 = VERTEX_POINT('',#13555);
#13555 = CARTESIAN_POINT('',(-2.449293598295E-17,-10.,24.95));
#13556 = LINE('',#13557,#13558);
#13557 = CARTESIAN_POINT('',(-2.449293598295E-17,-10.,24.95));
#13558 = VECTOR('',#13559,1.);
#13559 = DIRECTION('',(0.,1.,0.));
#13560 = ORIENTED_EDGE('',*,*,#13561,.T.);
#13561 = EDGE_CURVE('',#13554,#13554,#13562,.T.);
#13562 = CIRCLE('',#13563,0.1);
#13563 = AXIS2_PLACEMENT_3D('',#13564,#13565,#13566);
#13564 = CARTESIAN_POINT('',(0.,-10.,24.85));
#13565 = DIRECTION('',(0.,1.,0.));
#13566 = DIRECTION('',(0.,0.,1.));
#13567 = ORIENTED_EDGE('',*,*,#13553,.T.);
#13568 = CYLINDRICAL_SURFACE('',#13569,0.1);
#13569 = AXIS2_PLACEMENT_3D('',#13570,#13571,#13572);
#13570 = CARTESIAN_POINT('',(0.,-10.,24.85));
#13571 = DIRECTION('',(0.,1.,0.));
#13572 = DIRECTION('',(0.,0.,1.));
#13573 = ADVANCED_FACE('',(#13574),#13577,.T.);
#13574 = FACE_BOUND('',#13575,.T.);
#13575 = EDGE_LOOP('',(#13576));
#13576 = ORIENTED_EDGE('',*,*,#13544,.T.);
#13577 = PLANE('',#13578);
#13578 = AXIS2_PLACEMENT_3D('',#13579,#13580,#13581);
#13579 = CARTESIAN_POINT('',(0.,-0.35,24.85));
#13580 = DIRECTION('',(0.,1.,0.));
#13581 = DIRECTION('',(0.,0.,1.));
#13582 = ADVANCED_FACE('',(#13583),#13586,.F.);
#13583 = FACE_BOUND('',#13584,.T.);
#13584 = EDGE_LOOP('',(#13585));
#13585 = ORIENTED_EDGE('',*,*,#13561,.F.);
#13586 = PLANE('',#13587);
#13587 = AXIS2_PLACEMENT_3D('',#13588,#13589,#13590);
#13588 = CARTESIAN_POINT('',(0.,-10.,24.85));
#13589 = DIRECTION('',(0.,1.,0.));
#13590 = DIRECTION('',(0.,0.,1.));
#13591 = ( GEOMETRIC_REPRESENTATION_CONTEXT(3) 
GLOBAL_UNCERTAINTY_ASSIGNED_CONTEXT((#13595)) 
GLOBAL_UNIT_ASSIGNED_CONTEXT((#13592,#13593,#13594)) 
REPRESENTATION_CONTEXT('Context #1',
  '3D Context with UNIT and UNCERTAINTY') );
#13592 = ( LENGTH_UNIT() NAMED_UNIT(*) SI_UNIT(.MILLI.,.METRE.) );
#13593 = ( NAMED_UNIT(*) PLANE_ANGLE_UNIT() SI_UNIT($,.RADIAN.) );
#13594 = ( NAMED_UNIT(*) SI_UNIT($,.STERADIAN.) SOLID_ANGLE_UNIT() );
#13595 = UNCERTAINTY_MEASURE_WITH_UNIT(LENGTH_MEASURE(2.E-05),#13592,
  'distance_accuracy_value','confusion accuracy');
#13596 = PRODUCT_RELATED_PRODUCT_CATEGORY('part',$,(#7));
ENDSEC;
END-ISO-10303-21;
